iteration,original,freq5,freq7,freq11,freq13,freq17,freq19,freq23,freq29,freq31
0,16622.800000,0.000000,0.000000,0.000000,0.000000,0.000000,0.000000,0.000000,0.000000,0.000000
1,18951.450000,297.676439,416.730562,654.784752,773.775423,1011.660424,1130.545365,1368.176658,1724.206785,1842.753601
2,19411.750000,609.737803,853.498121,1340.575954,1583.816554,2069.509074,2311.884297,2795.501308,3517.520982,3757.133886
3,19549.250000,920.895782,1288.795996,2023.092164,2389.227227,3118.820924,3482.020338,4204.579127,5276.895710,5630.753587
4,19604.600000,1230.983019,1722.287568,2701.323533,3188.436569,4156.314587,4636.468237,5587.688633,6987.312317,7445.417256
5,19629.700000,1540.128511,2154.051606,3374.916660,3980.653772,5179.748809,5771.923372,6938.605141,8635.873923,9185.321875
6,19641.900000,1848.466079,2584.173985,4043.532775,4765.109831,6186.933720,6885.160064,8251.281869,10210.200262,10835.373026
7,19647.750000,2156.032311,3012.604906,4706.624329,5540.794702,7175.392917,7972.659234,9519.419180,11697.952837,12380.712768
8,19650.650000,2462.879506,3439.316874,5363.682952,6306.750546,8142.749511,9031.042988,10737.004070,13087.566103,13807.528629
9,19652.000000,2768.991010,3864.186411,6014.055224,7061.855722,9086.451043,10056.773438,11897.967496,14367.883668,15102.697937
10,19652.700000,3074.359611,4287.103680,6657.114725,7805.028350,10004.038231,11046.456000,12996.563696,15528.679412,16254.366402
11,19653.000000,3378.922608,4707.881968,7292.122037,8535.063033,10892.940148,11996.617434,14027.124404,16560.412020,17251.714447
12,19653.100000,3682.623714,5126.344207,7918.360472,9250.791449,11750.686423,12903.945516,14984.358913,17454.634442,18085.408519
13,19653.250000,3985.429412,5542.345738,8535.171605,9951.124553,12574.964546,13765.355449,15863.443508,18204.132371,18747.758945
14,19653.300000,4287.234566,5955.643065,9141.753683,10634.818304,13363.327738,14577.673582,16659.668781,18802.548963,19232.344087
15,19653.300000,4587.971769,6366.046195,9737.397848,11300.750720,14113.551568,15338.032925,17368.911058,19244.959664,19534.612846
16,19653.300000,4887.576959,6773.370762,10321.414555,11947.836520,14823.528661,16043.760196,17987.509338,19527.741169,19651.748258
17,19653.300000,5185.976213,7177.419787,10893.106427,12574.996538,15491.234420,16692.341688,18512.235312,19648.547919,19582.640208
18,19653.300000,5483.095904,7577.997875,11451.790804,13181.184841,16114.764790,17281.467239,18940.350567,19606.377871,19327.943647
19,19653.300000,5778.862724,7974.911311,11996.800560,13765.390470,16692.341688,17809.038460,19269.620875,19401.580809,18890.072384
20,19653.300000,6073.203696,8367.968151,12527.484898,14326.639125,17222.318075,18273.176210,19498.327859,19035.855441,18273.176210
21,19653.300000,6366.046195,8756.978315,13043.210124,14863.994796,17703.182649,18672.227293,19625.277954,18512.235312,17483.101571
22,19653.300000,6657.317968,9141.753683,13543.360410,15376.561318,18133.564158,19004.770339,19649.808638,17835.063641,16527.336159
23,19653.300000,6946.947147,9522.108179,14027.338525,15863.483866,18512.235312,19269.620875,19571.791893,17009.957294,15414.937950
24,19653.300000,7234.862271,9897.857869,14494.566549,16323.950386,18838.116276,19465.835538,19391.634867,16043.760196,14156.449359
25,19653.300000,7520.992301,10268.821042,14944.486564,16757.192942,19110.277757,19592.715435,19110.277757,14944.486564,12763.797328
26,19653.300000,7805.266639,10634.818304,15376.561318,17162.489003,19327.943647,19649.808638,18729.188893,13721.254429,11250.180294
27,19653.300000,8087.615144,10995.672663,15790.274869,17539.162644,19490.493244,19636.911788,18250.357083,12384.210011,9629.943101
28,19653.300000,8367.968151,11351.209612,16185.133201,17886.585674,19597.463014,19554.070822,17676.281231,10944.443554,7918.441053
29,19653.300000,8646.256487,11701.257217,16560.664812,18204.178685,19648.547919,19401.580809,17009.957294,9413.897341,6131.894391
30,19653.300000,8922.411489,12045.646198,16916.421279,18491.412016,19643.602283,19179.984897,16254.862650,7805.266639,4287.234566
31,19653.300000,9196.365019,12384.210011,17251.977792,18747.806642,19582.640208,18890.072384,15414.937950,6131.894391,2401.943781
32,19653.300000,9468.049483,12716.784930,17566.933661,18972.934962,19465.835538,18532.875899,14494.566549,4407.660546,493.889305
33,19653.300000,9737.397848,13043.210124,17860.912797,19166.421526,19293.521355,18109.667730,13498.551636,2646.866931,-1418.845857
34,19653.300000,10004.343656,13363.327738,18133.564158,19327.943647,19066.189039,17621.955288,12432.091163,864.118620,-3318.134339
35,19653.300000,10268.821042,13676.982965,18384.562171,19457.231952,18784.486858,17071.475743,11300.750720,-925.797208,-5185.976213
36,19653.300000,10530.764750,13984.024125,18613.607118,19554.070822,18449.218125,16460.189829,10110.434489,-2708.033920,-7004.669576
37,19653.300000,10790.110149,14284.302735,18820.425494,19618.298756,18061.338904,15790.274869,8867.354433,-4467.808580,-8756.978315
38,19653.300000,11046.793250,14577.673582,19004.770339,19649.808638,17621.955288,15064.117011,7577.997875,-6190.524567,-10426.295459
39,19653.300000,11300.750720,14863.994796,19166.421526,19648.547919,17132.320239,14284.302735,6249.093645,-7861.892643,-11996.800560
40,19653.300000,11551.919899,15143.127914,19305.186025,19614.518702,16593.830018,13453.609637,4887.576959,-9468.049483,-13453.609637
41,19653.300000,11800.238814,15414.937950,19420.898138,19547.777737,16008.020205,12574.996538,3500.553234,-10995.672663,-14782.916224
42,19653.300000,12045.646198,15679.293459,19513.419692,19448.436332,15376.561318,11651.592944,2095.260998,-12432.091163,-15972.122222
43,19653.300000,12288.081498,15936.066600,19582.640208,19316.660160,14701.254047,10686.687896,679.034120,-13765.390470,-17009.957294
44,19653.300000,12527.484898,16185.133201,19628.477029,19152.668989,13984.024125,9683.718262,-740.736467,-14984.511402,-17886.585674
45,19653.300000,12763.797328,16426.372815,19650.875421,18956.736312,13226.916832,8646.256487,-2156.641336,-16079.341841,-18593.699383
46,19653.300000,12996.960483,16659.668781,19649.808638,18729.188893,12432.091163,7577.997875,-3561.291234,-17040.800611,-19124.596966
47,19653.300000,13226.916832,16884.908279,19625.277954,18470.406218,11601.813674,6482.747425,-4947.355645,-17860.912797,-19474.247003
48,19653.300000,13453.609637,17101.982386,19577.312661,18180.819869,10738.452015,5364.406274,-6307.601047,-18532.875899,-19639.335793
49,19653.300000,13676.982965,17310.786125,19505.970034,17860.912797,9844.468180,4226.957809,-7634.928658,-19051.116253,-19618.298756
50,19653.300000,13896.981703,17511.218522,19411.335264,17511.218522,8922.411489,3074.453472,-8922.411489,-19411.335264,-19411.335264
51,19653.300000,14113.551568,17703.182649,19293.521355,17132.320239,7974.911311,1910.998333,-10163.330488,-19610.545061,-19020.406752
52,19653.300000,14326.639125,17886.585674,19152.668989,16724.849849,7004.669576,740.736467,-11351.209612,-19647.093277,-18449.218125
53,19653.300000,14536.191799,18061.338904,18988.946358,16289.486903,6014.453060,-432.163805,-12479.849616,-19520.676761,-17703.182649
54,19653.300000,14742.157885,18227.357832,18802.548963,15826.957470,5007.085503,-1603.524766,-13543.360410,-19232.344087,-16789.370648
55,19653.300000,14944.486564,18384.562171,18593.699383,15338.032925,3985.439552,-2769.174182,-14536.191799,-18784.486858,-15716.442499
56,19653.300000,15143.127914,18532.875899,18362.647005,14823.528661,2952.428571,-3924.960160,-15453.162443,-18180.819869,-14494.566549
57,19653.300000,15338.032925,18672.227293,18109.667730,14284.302735,1910.998333,-5066.765943,-16289.486903,-17426.350296,-13135.322758
58,19653.300000,15529.153505,18802.548963,17835.063641,13721.254429,864.118620,-6190.524567,-17040.800611,-16527.336159,-11651.592944
59,19653.300000,15716.442499,18923.777887,17539.162644,13135.322758,-185.225247,-7292.233350,-17703.182649,-15491.234420,-10057.438704
60,19653.300000,15899.853696,19035.855441,17222.318075,12527.484898,-1234.040917,-8367.968151,-18273.176210,-14326.639125,-8367.968151
61,19653.300000,16079.341841,19138.727423,16884.908279,11898.754559,-2279.337551,-9413.897341,-18747.806642,-13043.210124,-6599.192727
62,19653.300000,16254.862650,19232.344087,16527.336159,11250.180294,-3318.134339,-10426.295459,-19124.596966,-11651.592944,-4767.875463
63,19653.300000,16426.372815,19316.660160,16150.028693,10582.843751,-4347.469010,-11401.556472,-19401.580809,-10163.330488,-2891.372110
64,19653.300000,16593.830018,19391.634867,15753.436424,9897.857869,-5364.406274,-12336.206631,-19577.312661,-8590.767297,-987.466658
65,19653.300000,16757.192942,19457.231952,15338.032925,9196.365019,-6366.046195,-13226.916832,-19650.875421,-6946.947147,925.797208
66,19653.300000,16916.421279,19513.419692,14904.314230,8479.535103,-7349.532458,-14070.514482,-19621.885185,-5245.504867,2830.287113
67,19653.300000,17071.475743,19560.170916,14452.798244,7748.563600,-8312.060517,-14863.994796,-19490.493244,-3500.553234,4707.953833
68,19653.300000,17222.318075,19597.463014,13984.024125,7004.669576,-9250.885590,-15604.531502,-19257.385301,-1726.565921,6541.002354
69,19653.300000,17368.911058,19625.277954,13498.551636,6249.093645,-10163.330488,-16289.486903,-18923.777887,61.742561,8312.060517
70,19653.300000,17511.218522,19643.602283,12996.960483,5483.095904,-11046.793250,-16916.421279,-18491.412016,1849.538914,10004.343656
71,19653.300000,17649.205355,19652.427140,12479.849616,4707.953833,-11898.754559,-17483.101571,-17962.544098,3621.994086,11601.813674
72,19653.300000,17782.837510,19651.748258,11947.836520,3924.960160,-12716.784930,-17987.509338,-17339.934160,5364.406274,13089.331034
73,19653.300000,17912.082017,19641.565965,11401.556472,3135.420708,-13498.551636,-18427.847945,-16626.831450,7062.322871,14452.798244
74,19653.300000,18036.906985,19621.885185,10841.661789,2340.652216,-14241.825364,-18802.548963,-15826.957470,8701.660342,15679.293459
75,19653.300000,18157.281616,19592.715435,10268.821042,1541.980146,-14944.486564,-19110.277757,-14944.486564,10268.821042,16757.192942
76,19653.300000,18273.176210,19554.070822,9683.718262,740.736467,-15604.531502,-19349.938236,-13984.024125,11750.806004,17676.281231
77,19653.300000,18384.562171,19505.970034,9087.052122,-61.742561,-16220.077968,-19520.676761,-12950.582567,13135.322758,18427.847945
78,19653.300000,18491.412016,19448.436332,8479.535103,-864.118620,-16789.370648,-19621.885185,-11849.555162,14410.887296,19004.770339
79,19653.300000,18593.699383,19381.497538,7861.892643,-1665.053560,-17310.786125,-19653.203015,-10686.687896,15566.919323,19401.580809
80,19653.300000,18691.399032,19305.186025,7234.862271,-2463.211639,-17782.837510,-19614.518702,-9468.049483,16593.830018,19614.518702
81,19653.300000,18784.486858,19219.538694,6599.192727,-3257.261743,-18204.178685,-19505.970034,-8199.999691,17483.101571,19641.565965
82,19653.300000,18872.939893,19124.596966,5955.643065,-4045.879609,-18573.608135,-19327.943647,-6889.156155,18227.357832,19482.466266
83,19653.300000,18956.736312,19020.406752,5304.981750,-4827.750035,-18890.072384,-19081.073649,-5542.359838,18820.425494,19138.727423
84,19653.300000,19035.855441,18907.018438,4647.985738,-5601.569071,-19152.668989,-18766.239357,-4166.639333,19257.385301,18613.607118
85,19653.300000,19110.277757,18784.486858,3985.439552,-6366.046195,-19360.649120,-18384.562171,-2769.174182,19534.612846,17912.082017
86,19653.300000,19179.984897,18652.871266,3318.134339,-7119.906464,-19513.419692,-17937.401575,-1357.257403,19649.808638,17040.800611
87,19653.300000,19244.959664,18512.235312,2646.866931,-7861.892643,-19610.545061,-17426.350296,61.742561,19602.017175,16008.020205
88,19653.300000,19305.186025,18362.647005,1972.438890,-8590.767297,-19651.748258,-16853.228632,1480.420307,19391.634867,14823.528661
89,19653.300000,19360.649120,18204.178685,1295.655554,-9305.314859,-19636.911788,-16220.077968,2891.372110,19020.406752,13498.551636
90,19653.300000,19411.335264,18036.906985,617.325071,-10004.343656,-19566.077959,-15529.153505,4287.234566,18491.412016,12045.646198
91,19653.300000,19457.231952,17860.912797,-61.742561,-10686.687896,-19439.448763,-14782.916224,5660.723019,17809.038460,10478.581814
92,19653.300000,19498.327859,17676.281231,-740.736467,-11351.209612,-19257.385301,-13984.024125,7004.669576,16978.946095,8812.209861
93,19653.300000,19534.612846,17483.101571,-1418.845857,-11996.800560,-19020.406752,-13135.322758,8312.060517,16008.020205,7062.322871
94,19653.300000,19566.077959,17281.467239,-2095.260998,-12622.384069,-18729.188893,-12239.835086,9576.072896,14904.314230,5245.504867
95,19653.300000,19592.715435,17071.475743,-2769.174182,-13226.916832,-18384.562171,-11300.750720,10790.110149,13676.982965,3378.974187
96,19653.300000,19614.518702,16853.228632,-3439.780685,-13809.390651,-17987.509338,-10321.414555,11947.836520,12336.206631,1480.420307
97,19653.300000,19631.482380,16626.831450,-4106.279735,-14368.834118,-17539.162644,-9305.314859,13043.210124,10893.106427,-432.163805
98,19653.300000,19643.602283,16392.393679,-4767.875463,-14904.314230,-17040.800611,-8256.070846,14070.514482,9359.652288,-2340.652216
99,19653.300000,19650.875421,16150.028693,-5423.777855,-15414.937950,-16493.844388,-7177.419787,15024.388349,7748.563600,-4226.957809
100,19653.300000,19653.300000,15899.853696,-6073.203696,-15899.853696,-15899.853696,-6073.203696,15899.853696,6073.203696,-6073.203696
101,19653.300000,19650.875421,15641.989670,-6715.377504,-16358.252757,-15260.522380,-4947.355645,16692.341688,4347.469010,-7861.892643
102,19653.300000,19643.602283,15376.561318,-7349.532458,-16789.370648,-14577.673582,-3803.885760,17397.716531,2585.673819,-9576.072896
103,19653.300000,19631.482380,15103.696996,-7974.911311,-17192.488380,-13853.254540,-2646.866931,18012.297048,802.431503,-11199.498833
104,19653.300000,19614.518702,14823.528661,-8590.767297,-17566.933661,-13089.331034,-1480.420307,18532.875899,-987.466658,-12716.784930
105,19653.300000,19592.715435,14536.191799,-9196.365019,-17912.082017,-12288.081498,-308.700619,18956.736312,-2769.174182,-14113.551568
106,19653.300000,19566.077959,14241.825364,-9790.981331,-18227.357832,-11451.790804,864.118620,19281.666266,-4527.912519,-15376.561318
107,19653.300000,19534.612846,13940.571708,-10373.906200,-18512.235312,-10582.843751,2033.859981,19505.970034,-6249.093645,-16493.844388
108,19653.300000,19498.327859,13632.576515,-10944.443554,-18766.239357,-9683.718262,3196.356999,19628.477029,-7918.441053,-17454.812069
109,19653.300000,19457.231952,13317.988730,-11501.912111,-18988.946358,-8756.978315,4347.469010,19648.547919,-9522.108179,-18250.357083
110,19653.300000,19411.335264,12996.960483,-12045.646198,-19179.984897,-7805.266639,5483.095904,19566.077959,-11046.793250,-18872.939893
111,19653.300000,19360.649120,12669.647021,-12574.996538,-19339.036376,-6831.297170,6599.192727,19381.497538,-12479.849616,-19316.660160
112,19653.300000,19305.186025,12336.206631,-13089.331034,-19465.835538,-5837.847315,7691.784086,19095.769936,-13809.390651,-19577.312661
113,19653.300000,19244.959664,11996.800560,-13588.035517,-19560.170916,-4827.750035,8756.978315,18710.386294,-15024.388349,-19652.427140
114,19653.300000,19179.984897,11651.592944,-14070.514482,-19621.885185,-3803.885760,9790.981331,18227.357832,-16114.764790,-19541.291724
115,19653.300000,19110.277757,11300.750720,-14536.191799,-19650.875421,-2769.174182,10790.110149,17649.205355,-17071.475743,-19244.959664
116,19653.300000,19035.855441,10944.443554,-14984.511402,-19647.093277,-1726.565921,11750.806004,16978.946095,-17886.585674,-18766.239357
117,19653.300000,18956.736312,10582.843751,-15414.937950,-19610.545061,-679.034120,12669.647021,16220.077968,-18553.333574,-18109.667730
118,19653.300000,18872.939893,10216.126180,-15826.957470,-19541.291724,370.434040,13543.360410,15376.561318,-19066.189039,-17281.467239
119,19653.300000,18784.486858,9844.468180,-16220.077968,-19439.448763,1418.845857,14368.834118,14452.798244,-19420.898138,-16289.486903
120,19653.300000,18691.399032,9468.049483,-16593.830018,-19305.186025,2463.211639,15143.127914,13453.609637,-19614.518702,-15143.127914
121,19653.300000,18593.699383,9087.052122,-16947.767321,-19138.727423,3500.553234,15863.483866,12384.210011,-19645.444726,-13853.254540
122,19653.300000,18491.412016,8701.660342,-17281.467239,-18940.350567,4527.912519,16527.336159,11250.180294,-19513.419692,-12432.091163
123,19653.300000,18384.562171,8312.060517,-17594.531300,-18710.386294,5542.359838,17132.320239,10057.438704,-19219.538694,-10893.106427
124,19653.300000,18273.176210,7918.441053,-17886.585674,-18449.218125,6541.002354,17676.281231,8812.209861,-18766.239357,-9250.885590
125,19653.300000,18157.281616,7520.992301,-18157.281616,-18157.281616,7520.992301,18157.281616,7520.992301,-18157.281616,-7520.992301
126,19653.300000,18036.906985,7119.906464,-18406.295889,-17835.063641,8479.535103,18573.608135,6190.524567,-17397.716531,-5719.821098
127,19653.300000,17912.082017,6715.377504,-18633.331144,-17483.101571,9413.897341,18923.777887,4827.750035,-16493.844388,-3864.442030
128,19653.300000,17782.837510,6307.601047,-18838.116276,-17101.982386,10321.414555,19206.543613,3439.780685,-15453.162443,-1972.438890
129,19653.300000,17649.205355,5896.774289,-19020.406752,-16692.341688,11199.498833,19420.898138,2033.859981,-14284.302735,-61.742561
130,19653.300000,17511.218522,5483.095904,-19179.984897,-16254.862650,12045.646198,19566.077959,617.325071,-12996.960483,1849.538914
131,19653.300000,17368.911058,5066.765943,-19316.660160,-15790.274869,12857.443742,19641.565965,-802.431503,-11601.813674,3743.291948
132,19653.300000,17222.318075,4647.985738,-19430.269335,-15299.353151,13632.576515,19647.093277,-2218.000389,-10110.434489,5601.569071
133,19653.300000,17071.475743,4226.957809,-19520.676761,-14782.916224,14368.834118,19582.640208,-3621.994086,-8535.193319,7406.759029
134,19653.300000,16916.421279,3803.885760,-19587.774483,-14241.825364,15064.117011,19448.436332,-5007.085503,-6889.156155,9141.753683
135,19653.300000,16757.192942,3378.974187,-19631.482380,-13676.982965,15716.442499,19244.959664,-6366.046195,-5185.976213,10790.110149
136,19653.300000,16593.830018,2952.428571,-19651.748258,-13089.331034,16323.950386,18972.934962,-7691.784086,-3439.780685,12336.206631
137,19653.300000,16426.372815,2524.455187,-19648.547919,-12479.849616,16884.908279,18633.331144,-8977.380483,-1665.053560,13765.390470
138,19653.300000,16254.862650,2095.260998,-19621.885185,-11849.555162,17397.716531,18227.357832,-10216.126180,123.484513,15064.117011
139,19653.300000,16079.341841,1665.053560,-19571.791893,-11199.498833,17860.912797,17756.461051,-11401.556472,1910.998333,16220.077968
140,19653.300000,15899.853696,1234.040917,-19498.327859,-10530.764750,18273.176210,17222.318075,-12527.484898,3682.661190,17222.318075
141,19653.300000,15716.442499,802.431503,-19401.580809,-9844.468180,18633.331144,16626.831450,-13588.035517,5423.777855,18061.338904
142,19653.300000,15529.153505,370.434040,-19281.666266,-9141.753683,18940.350567,15972.122222,-14577.673582,7119.906464,18729.188893
143,19653.300000,15338.032925,-61.742561,-19138.727423,-8423.793196,19193.358971,15260.522380,-15491.234420,8756.978315,19219.538694
144,19653.300000,15143.127914,-493.889305,-18972.934962,-7691.784086,19391.634867,14494.566549,-16323.950386,10321.414555,19527.741169
145,19653.300000,14944.486564,-925.797208,-18784.486858,-6946.947147,19534.612846,13676.982965,-17071.475743,11800.238814,19650.875421
146,19653.300000,14742.157885,-1357.257403,-18573.608135,-6190.524567,19621.885185,12810.683753,-17729.909344,13181.184841,19587.774483
147,19653.300000,14536.191799,-1788.061241,-18340.550607,-5423.777855,19653.203015,11898.754559,-18295.814988,14452.798244,19339.036376
148,19653.300000,14326.639125,-2218.000389,-18085.592566,-4647.985738,19628.477029,10944.443554,-18766.239357,15604.531502,18907.018438
149,19653.300000,14113.551568,-2646.866931,-17809.038460,-3864.442030,19547.777737,9951.149869,-19138.727423,16626.831450,18295.814988
150,19653.300000,13896.981703,-3074.453472,-17511.218522,-3074.453472,19411.335264,8922.411489,-19411.335264,17511.218522,17511.218522
151,19653.300000,13676.982965,-3500.553234,-17192.488380,-2279.337551,19219.538694,7861.892643,-19582.640208,18250.357083,16560.664812
152,19653.300000,13453.609637,-3924.960160,-16853.228632,-1480.420307,18972.934962,6773.370762,-19651.748258,18838.116276,15453.162443
153,19653.300000,13226.916832,-4347.469010,-16493.844388,-679.034120,18672.227293,5660.723019,-19618.298756,19269.620875,14199.207431
154,19653.300000,12996.960483,-4767.875463,-16114.764790,123.484513,18318.273194,4527.912519,-19482.466266,19541.291724,12810.683753
155,19653.300000,12763.797328,-5185.976213,-15716.442499,925.797208,17912.082017,3378.974187,-19244.959664,19650.875421,11300.750720
156,19653.300000,12527.484898,-5601.569071,-15299.353151,1726.565921,17454.812069,2218.000389,-18907.018438,19597.463014,9683.718262
157,19653.300000,12288.081498,-6014.453060,-14863.994796,2524.455187,16947.767321,1049.126363,-18470.406218,19381.497538,7974.911311
158,19653.300000,12045.646198,-6424.428513,-14410.887296,3318.134339,16392.393679,-123.484513,-17937.401575,19004.770339,6190.524567
159,19653.300000,11800.238814,-6831.297170,-13940.571708,4106.279735,15790.274869,-1295.655554,-17310.786125,18470.406218,4347.469010
160,19653.300000,11551.919899,-7234.862271,-13453.609637,4887.576959,15143.127914,-2463.211639,-16593.830018,17782.837510,2463.211639
161,19653.300000,11300.750720,-7634.928658,-12950.582567,5660.723019,14452.798244,-3621.994086,-15790.274869,16947.767321,555.609930
162,19653.300000,11046.793250,-8031.302861,-12432.091163,6424.428513,13721.254429,-4767.875463,-14904.314230,15972.122222,-1357.257403
163,19653.300000,10790.110149,-8423.793196,-11898.754559,7177.419787,12950.582567,-5896.774289,-13940.571708,14863.994796,-3257.261743
164,19653.300000,10530.764750,-8812.209861,-11351.209612,7918.441053,12142.980334,-7004.669576,-12904.076834,13632.576515,-5126.396376
165,19653.300000,10268.821042,-9196.365019,-10790.110149,8646.256487,11300.750720,-8087.615144,-11800.238814,12288.081498,-6946.947147
166,19653.300000,10004.343656,-9576.072896,-10216.126180,9359.652288,10426.295459,-9141.753683,-10634.818304,10841.661789,-8701.660342
167,19653.300000,9737.397848,-9951.149869,-9629.943101,10057.438704,9522.108179,-10163.330488,-9413.897341,9305.314859,-10373.906200
168,19653.300000,9468.049483,-10321.414555,-9032.260875,10738.452015,8590.767297,-11148.706838,-8143.847606,7691.784086,-11947.836520
169,19653.300000,9196.365019,-10686.687896,-8423.793196,11401.556472,7634.928658,-12094.372949,-6831.297170,6014.453060,-13408.534856
170,19653.300000,8922.411489,-11046.793250,-7805.266639,12045.646198,6657.317968,-12996.960483,-5483.095904,4287.234566,-14742.157885
171,19653.300000,8646.256487,-11401.556472,-7177.419787,12669.647021,5660.723019,-13853.254540,-4106.279735,2524.455187,-15936.066600
172,19653.300000,8367.968151,-11750.806004,-6541.002354,13272.518278,4647.985738,-14660.205113,-2708.033920,740.736467,-16978.946095
173,19653.300000,8087.615144,-12094.372949,-5896.774289,13853.254540,3621.994086,-15414.937950,-1295.655554,-1049.126363,-17860.912797
174,19653.300000,7805.266639,-12432.091163,-5245.504867,14410.887296,2585.673819,-16114.764790,123.484513,-2830.287113,-18573.608135
175,19653.300000,7520.992301,-12763.797328,-4587.971769,14944.486564,1541.980146,-16757.192942,1541.980146,-4587.971769,-19110.277757
176,19653.300000,7234.862271,-13089.331034,-3924.960160,15453.162443,493.889305,-17339.934160,2952.428571,-6307.601047,-19465.835538
177,19653.300000,6946.947147,-13408.534856,-3257.261743,15936.066600,-555.609930,-17860.912797,4347.469010,-7974.911311,-19636.911788
178,19653.300000,6657.317968,-13721.254429,-2585.673819,16392.393679,-1603.524766,-18318.273194,5719.821098,-9576.072896,-19621.885185
179,19653.300000,6366.046195,-14027.338525,-1910.998333,16821.382650,-2646.866931,-18710.386294,7062.322871,-11097.804809,-19420.898138
180,19653.300000,6073.203696,-14326.639125,-1234.040917,17222.318075,-3682.661190,-19035.855441,8367.968151,-12527.484898,-19035.855441
181,19653.300000,5778.862724,-14619.011490,-555.609930,17594.531300,-4707.953833,-19293.521355,9629.943101,-13853.254540,-18470.406218
182,19653.300000,5483.095904,-14904.314230,123.484513,17937.401575,-5719.821098,-19482.466266,10841.661789,-15064.117011,-17729.909344
183,19653.300000,5185.976213,-15182.409376,802.431503,18250.357083,-6715.377504,-19602.017175,11996.800560,-16150.028693,-16821.382650
184,19653.300000,4887.576959,-15453.162443,1480.420307,18532.875899,-7691.784086,-19651.748258,13089.331034,-17101.982386,-15753.436424
185,19653.300000,4587.971769,-15716.442499,2156.641336,18784.486858,-8646.256487,-19631.482380,14113.551568,-17912.082017,-14536.191799
186,19653.300000,4287.234566,-15972.122222,2830.287113,19004.770339,-9576.072896,-19541.291724,15064.117011,-18573.608135,-13181.184841
187,19653.300000,3985.439552,-16220.077968,3500.553234,19193.358971,-10478.581814,-19381.497538,15936.066600,-19081.073649,-11701.257217
188,19653.300000,3682.661190,-16460.189829,4166.639333,19349.938236,-11351.209612,-19152.668989,16724.849849,-19430.269335,-10110.434489
189,19653.300000,3378.974187,-16692.341688,4827.750035,19474.247003,-12191.467873,-18855.621133,17426.350296,-19618.298756,-8423.793196
190,19653.300000,3074.453472,-16916.421279,5483.095904,19566.077959,-12996.960483,-18491.412016,18036.906985,-19643.602283,-6657.317968
191,19653.300000,2769.174182,-17132.320239,6131.894391,19625.277954,-13765.390470,-18061.338904,18553.333574,-19505.970034,-4827.750035
192,19653.300000,2463.211639,-17339.934160,6773.370762,19651.748258,-14494.566549,-17566.933661,18972.934962,-19206.543613,-2952.428571
193,19653.300000,2156.641336,-17539.162644,7406.759029,19645.444726,-15182.409376,-17009.957294,19293.521355,-18747.806642,-1049.126363
194,19653.300000,1849.538914,-17729.909344,8031.302861,19606.377871,-15826.957470,-16392.393679,19513.419692,-18133.564158,864.118620
195,19653.300000,1541.980146,-17912.082017,8646.256487,19534.612846,-16426.372815,-15716.442499,19631.482380,-17368.911058,2769.174182
196,19653.300000,1234.040917,-18085.592566,9250.885590,19430.269335,-16978.946095,-14984.511402,19647.093277,-16460.189829,4647.985738
197,19653.300000,925.797208,-18250.357083,9844.468180,19293.521355,-17483.101571,-14199.207431,19560.170916,-15414.937950,6482.747425
198,19653.300000,617.325071,-18406.295889,10426.295459,19124.596966,-17937.401575,-13363.327738,19371.168922,-14241.825364,8256.070846
199,19653.300000,308.700619,-18553.333574,10995.672663,18923.777887,-18340.550607,-12479.849616,19081.073649,-12950.582567,9951.149869
200,19653.300000,0.000000,-18691.399032,11551.919899,18691.399032,-18691.399032,-11551.919899,18691.399032,-11551.919899,11551.919899
201,19653.300000,-308.700619,-18820.425494,12094.372949,18427.847945,-18988.946358,-10582.843751,18204.178685,-10057.438704,13043.210124
202,19653.300000,-617.325071,-18940.350567,12622.384069,18133.564158,-19232.344087,-9576.072896,17621.955288,-8479.535103,14410.887296
203,19653.300000,-925.797208,-19051.116253,13135.322758,17809.038460,-19420.898138,-8535.193319,16947.767321,-6831.297170,15641.989670
204,19653.300000,-1234.040917,-19152.668989,13632.576515,17454.812069,-19554.070822,-7463.912498,16185.133201,-5126.396376,16724.849849
205,19653.300000,-1541.980146,-19244.959664,14113.551568,17071.475743,-19631.482380,-6366.046195,15338.032925,-3378.974187,17649.205355
206,19653.300000,-1849.538914,-19327.943647,14577.673582,16659.668781,-19652.912061,-5245.504867,14410.887296,-1603.524766,18406.295889
207,19653.300000,-2156.641336,-19401.580809,15024.388349,16220.077968,-19618.298756,-4106.279735,13408.534856,185.225247,18988.946358
208,19653.300000,-2463.211639,-19465.835538,15453.162443,15753.436424,-19527.741169,-2952.428571,12336.206631,1972.438890,19391.634867
209,19653.300000,-2769.174182,-19520.676761,15863.483866,15260.522380,-19381.497538,-1788.061241,11199.498833,3743.291948,19610.545061
210,19653.300000,-3074.453472,-19566.077959,16254.862650,14742.157885,-19179.984897,-617.325071,10004.343656,5483.095904,19643.602283
211,19653.300000,-3378.974187,-19602.017175,16626.831450,14199.207431,-18923.777887,555.609930,8756.978315,7177.419787,19490.493244
212,19653.300000,-3682.661190,-19628.477029,16978.946095,13632.576515,-18613.607118,1726.565921,7463.912498,8812.209861,19152.668989
213,19653.300000,-3985.439552,-19645.444726,17310.786125,13043.210124,-18250.357083,2891.372110,6131.894391,10373.906200,18633.331144
214,19653.300000,-4287.234566,-19652.912061,17621.955288,12432.091163,-17835.063641,4045.879609,4767.875463,11849.555162,17937.401575
215,19653.300000,-4587.971769,-19650.875421,17912.082017,11800.238814,-17368.911058,5185.976213,3378.974187,13226.916832,17071.475743
216,19653.300000,-4887.576959,-19639.335793,18180.819869,11148.706838,-16853.228632,6307.601047,1972.438890,14494.566549,16043.760196
217,19653.300000,-5185.976213,-19618.298756,18427.847945,10478.581814,-16289.486903,7406.759029,555.609930,15641.989670,14863.994796
218,19653.300000,-5483.095904,-19587.774483,18652.871266,9790.981331,-15679.293459,8479.535103,-864.118620,16659.668781,13543.360410
219,19653.300000,-5778.862724,-19547.777737,18855.621133,9087.052122,-15024.388349,9522.108179,-2279.337551,17539.162644,12094.372949
220,19653.300000,-6073.203696,-19498.327859,19035.855441,8367.968151,-14326.639125,10530.764750,-3682.661190,18273.176210,10530.764750
221,19653.300000,-6366.046195,-19439.448763,19193.358971,7634.928658,-13588.035517,11501.912111,-5066.765943,18855.621133,8867.354433
222,19653.300000,-6657.317968,-19371.168922,19327.943647,6889.156155,-12810.683753,12432.091163,-6424.428513,19281.666266,7119.906464
223,19653.300000,-6946.947147,-19293.521355,19439.448763,6131.894391,-11996.800560,13317.988730,-7748.563600,19547.777737,5304.981750
224,19653.300000,-7234.862271,-19206.543613,19527.741169,5364.406274,-11148.706838,14156.449359,-9032.260875,19651.748258,3439.780685
225,19653.300000,-7520.992301,-19110.277757,19592.715435,4587.971769,-10268.821042,14944.486564,-10268.821042,19592.715435,1541.980146
226,19653.300000,-7805.266639,-19004.770339,19634.293975,3803.885760,-9359.652288,15679.293459,-11451.790804,19371.168922,-370.434040
227,19653.300000,-8087.615144,-18890.072384,19652.427140,3013.455892,-8423.793196,16358.252757,-12574.996538,18988.946358,-2279.337551
228,19653.300000,-8367.968151,-18766.239357,19647.093277,2218.000389,-7463.912498,16978.946095,-13632.576515,18449.218125,-4166.639333
229,19653.300000,-8646.256487,-18633.331144,19618.298756,1418.845857,-6482.747425,17539.162644,-14619.011490,17756.461051,-6014.453060
230,19653.300000,-8922.411489,-18491.412016,19566.077959,617.325071,-5483.095904,18036.906985,-15529.153505,16916.421279,-7805.266639
231,19653.300000,-9196.365019,-18340.550607,19490.493244,-185.225247,-4467.808580,18470.406218,-16358.252757,15936.066600,-9522.108179
232,19653.300000,-9468.049483,-18180.819869,19391.634867,-987.466658,-3439.780685,18838.116276,-17101.982386,14823.528661,-11148.706838
233,19653.300000,-9737.397848,-18012.297048,19269.620875,-1788.061241,-2401.943781,19138.727423,-17756.461051,13588.035517,-12669.647021
234,19653.300000,-10004.343656,-17835.063641,19124.596966,-2585.673819,-1357.257403,19371.168922,-18318.273194,12239.835086,-14070.514482
235,19653.300000,-10268.821042,-17649.205355,18956.736312,-3378.974187,-308.700619,19534.612846,-18784.486858,10790.110149,-15338.032925
236,19653.300000,-10530.764750,-17454.812069,18766.239357,-4166.639333,740.736467,19628.477029,-19152.668989,9250.885590,-16460.189829
237,19653.300000,-10790.110149,-17251.977792,18553.333574,-4947.355645,1788.061241,19652.427140,-19420.898138,7634.928658,-17426.350296
238,19653.300000,-11046.793250,-17040.800611,18318.273194,-5719.821098,2830.287113,19606.377871,-19587.774483,5955.643065,-18227.357832
239,19653.300000,-11300.750720,-16821.382650,18061.338904,-6482.747425,3864.442030,19490.493244,-19652.427140,4226.957809,-18855.621133
240,19653.300000,-11551.919899,-16593.830018,17782.837510,-7234.862271,4887.576959,19305.186025,-19614.518702,2463.211639,-19305.186025
241,19653.300000,-11800.238814,-16358.252757,17483.101571,-7974.911311,5896.774289,19051.116253,-19474.247003,679.034120,-19571.791893
242,19653.300000,-12045.646198,-16114.764790,17162.489003,-8701.660342,6889.156155,18729.188893,-19232.344087,-1110.775714,-19652.912061
243,19653.300000,-12288.081498,-15863.483866,16821.382650,-9413.897341,7861.892643,18340.550607,-18890.072384,-2891.372110,-19547.777737
244,19653.300000,-12527.484898,-15604.531502,16460.189829,-10110.434489,8812.209861,17886.585674,-18449.218125,-4647.985738,-19257.385301
245,19653.300000,-12763.797328,-15338.032925,16079.341841,-10790.110149,9737.397848,17368.911058,-17912.082017,-6366.046195,-18784.486858
246,19653.300000,-12996.960483,-15064.117011,15679.293459,-11451.790804,10634.818304,16789.370648,-17281.467239,-8031.302861,-18133.564158
247,19653.300000,-13226.916832,-14782.916224,15260.522380,-12094.372949,11501.912111,16150.028693,-16560.664812,-9629.943101,-17310.786125
248,19653.300000,-13453.609637,-14494.566549,14823.528661,-12716.784930,12336.206631,15453.162443,-15753.436424,-11148.706838,-16323.950386
249,19653.300000,-13676.982965,-14199.207431,14368.834118,-13317.988730,13135.322758,14701.254047,-14863.994796,-12574.996538,-15182.409376
250,19653.300000,-13896.981703,-13896.981703,13896.981703,-13896.981703,13896.981703,13896.981703,-13896.981703,-13896.981703,-13896.981703
251,19653.300000,-14113.551568,-13588.035517,13408.534856,-14452.798244,14619.011490,13043.210124,-12857.443742,-15103.696996,-12479.849616
252,19653.300000,-14326.639125,-13272.518278,12904.076834,-14984.511402,15299.353151,12142.980334,-11750.806004,-16185.133201,-10944.443554
253,19653.300000,-14536.191799,-12950.582567,12384.210011,-15491.234420,15936.066600,11199.498833,-10582.843751,-17132.320239,-9305.314859
254,19653.300000,-14742.157885,-12622.384069,11849.555162,-15972.122222,16527.336159,10216.126180,-9359.652288,-17937.401575,-7577.997875
255,19653.300000,-14944.486564,-12288.081498,11300.750720,-16426.372815,17071.475743,9196.365019,-8087.615144,-18593.699383,-5778.862724
256,19653.300000,-15143.127914,-11947.836520,10738.452015,-16853.228632,17566.933661,8143.847606,-6773.370762,-19095.769936,-3924.960160
257,19653.300000,-15338.032925,-11601.813674,10163.330488,-17251.977792,18012.297048,7062.322871,-5423.777855,-19439.448763,-2033.859981
258,19653.300000,-15529.153505,-11250.180294,9576.072896,-17621.955288,18406.295889,5955.643065,-4045.879609,-19621.885185,-123.484513
259,19653.300000,-15716.442499,-10893.106427,8977.380483,-17962.544098,18747.806642,4827.750035,-2646.866931,-19641.565965,1788.061241
260,19653.300000,-15899.853696,-10530.764750,8367.968151,-18273.176210,19035.855441,3682.661190,-1234.040917,-19498.327859,3682.661190
261,19653.300000,-16079.341841,-10163.330488,7748.563600,-18553.333574,19269.620875,2524.455187,185.225247,-19193.358971,5542.359838
262,19653.300000,-16254.862650,-9790.981331,7119.906464,-18802.548963,19448.436332,1357.257403,1603.524766,-18729.188893,7349.532458
263,19653.300000,-16426.372815,-9413.897341,6482.747425,-19020.406752,19571.791893,185.225247,3013.455892,-18109.667730,9087.052122
264,19653.300000,-16593.830018,-9032.260875,5837.847315,-19206.543613,19639.335793,-987.466658,4407.660546,-17339.934160,10738.452015
265,19653.300000,-16757.192942,-8646.256487,5185.976213,-19360.649120,19650.875421,-2156.641336,5778.862724,-16426.372815,12288.081498
266,19653.300000,-16916.421279,-8256.070846,4527.912519,-19482.466266,19606.377871,-3318.134339,7119.906464,-15376.561318,13721.254429
267,19653.300000,-17071.475743,-7861.892643,3864.442030,-19571.791893,19505.970034,-4467.808580,8423.793196,-14199.207431,15024.388349
268,19653.300000,-17222.318075,-7463.912498,3196.356999,-19628.477029,19349.938236,-5601.569071,9683.718262,-12904.076834,16185.133201
269,19653.300000,-17368.911058,-7062.322871,2524.455187,-19652.427140,19138.727423,-6715.377504,10893.106427,-11501.912111,17192.488380
270,19653.300000,-17511.218522,-6657.317968,1849.538914,-19643.602283,18872.939893,-7805.266639,12045.646198,-10004.343656,18036.906985
271,19653.300000,-17649.205355,-6249.093645,1172.414101,-19602.017175,18553.333574,-8867.354433,13135.322758,-8423.793196,18710.386294
272,19653.300000,-17782.837510,-5837.847315,493.889305,-19527.741169,18180.819869,-9897.857869,14156.449359,-6773.370762,19206.543613
273,19653.300000,-17912.082017,-5423.777855,-185.225247,-19420.898138,17756.461051,-10893.106427,15103.696996,-5066.765943,19520.676761
274,19653.300000,-18036.906985,-5007.085503,-864.118620,-19281.666266,17281.467239,-11849.555162,15972.122222,-3318.134339,19649.808638
275,19653.300000,-18157.281616,-4587.971769,-1541.980146,-19110.277757,16757.192942,-12763.797328,16757.192942,-1541.980146,19592.715435
276,19653.300000,-18273.176210,-4166.639333,-2218.000389,-18907.018438,16185.133201,-13632.576515,17454.812069,246.964152,19349.938236
277,19653.300000,-18384.562171,-3743.291948,-2891.372110,-18672.227293,15566.919323,-14452.798244,18061.338904,2033.859981,18923.777887
278,19653.300000,-18491.412016,-3318.134339,-3561.291234,-18406.295889,14904.314230,-15221.540993,18573.608135,3803.885760,18318.273194
279,19653.300000,-18593.699383,-2891.372110,-4226.957809,-18109.667730,14199.207431,-15936.066600,18988.946358,5542.359838,17539.162644
280,19653.300000,-18691.399032,-2463.211639,-4887.576959,-17782.837510,13453.609637,-16593.830018,19305.186025,7234.862271,16593.830018
281,19653.300000,-18784.486858,-2033.859981,-5542.359838,-17426.350296,12669.647021,-17192.488380,19520.676761,8867.354433,15491.234420
282,19653.300000,-18872.939893,-1603.524766,-6190.524567,-17040.800611,11849.555162,-17729.909344,19634.293975,10426.295459,14241.825364
283,19653.300000,-18956.736312,-1172.414101,-6831.297170,-16626.831450,10995.672663,-18204.178685,19645.444726,11898.754559,12857.443742
284,19653.300000,-19035.855441,-740.736467,-7463.912498,-16185.133201,10110.434489,-18613.607118,19554.070822,13272.518278,11351.209612
285,19653.300000,-19110.277757,-308.700619,-8087.615144,-15716.442499,9196.365019,-18956.736312,19360.649120,14536.191799,9737.397848
286,19653.300000,-19179.984897,123.484513,-8701.660342,-15221.540993,8256.070846,-19232.344087,19066.189039,15679.293459,8031.302861
287,19653.300000,-19244.959664,555.609930,-9305.314859,-14701.254047,7292.233350,-19439.448763,18672.227293,16692.341688,6249.093645
288,19653.300000,-19305.186025,987.466658,-9897.857869,-14156.449359,6307.601047,-19577.312661,18180.819869,17566.933661,4407.660546
289,19653.300000,-19360.649120,1418.845857,-10478.581814,-13588.035517,5304.981750,-19645.444726,17594.531300,18295.814988,2524.455187
290,19653.300000,-19411.335264,1849.538914,-11046.793250,-12996.960483,4287.234566,-19643.602283,16916.421279,18872.939893,617.325071
291,19653.300000,-19457.231952,2279.337551,-11601.813674,-12384.210011,3257.261743,-19571.791893,16150.028693,19293.521355,-1295.655554
292,19653.300000,-19498.327859,2708.033920,-12142.980334,-11750.806004,2218.000389,-19430.269335,15299.353151,19554.070822,-3196.356999
293,19653.300000,-19534.612846,3135.420708,-12669.647021,-11097.804809,1172.414101,-19219.538694,14368.834118,19652.427140,-5066.765943
294,19653.300000,-19566.077959,3561.291234,-13181.184841,-10426.295459,123.484513,-18940.350567,13363.327738,19587.774483,-6889.156155
295,19653.300000,-19592.715435,3985.439552,-13676.982965,-9737.397848,-925.797208,-18593.699383,12288.081498,19360.649120,-8646.256487
296,19653.300000,-19614.518702,4407.660546,-14156.449359,-9032.260875,-1972.438890,-18180.819869,11148.706838,18972.934962,-10321.414555
297,19653.300000,-19631.482380,4827.750035,-14619.011490,-8312.060517,-3013.455892,-17703.182649,9951.149869,18427.847945,-11898.754559
298,19653.300000,-19643.602283,5245.504867,-15064.117011,-7577.997875,-4045.879609,-17162.489003,8701.660342,17729.909344,-13363.327738
299,19653.300000,-19650.875421,5660.723019,-15491.234420,-6831.297170,-5066.765943,-16560.664812,7406.759029,16884.908279,-14701.254047
300,19653.300000,-19653.300000,6073.203696,-15899.853696,-6073.203696,-6073.203696,-15899.853696,6073.203696,15899.853696,-15899.853696
301,19653.300000,-19650.875421,6482.747425,-16289.486903,-5304.981750,-7062.322871,-15182.409376,4707.953833,14782.916224,-16947.767321
302,19653.300000,-19643.602283,6889.156155,-16659.668781,-4527.912519,-8031.302861,-14410.887296,3318.134339,13543.360410,-17835.063641
303,19653.300000,-19631.482380,7292.233350,-17009.957294,-3743.291948,-8977.380483,-13588.035517,1910.998333,12191.467873,-18553.333574
304,19653.300000,-19614.518702,7691.784086,-17339.934160,-2952.428571,-9897.857869,-12716.784930,493.889305,10738.452015,-19095.769936
305,19653.300000,-19592.715435,8087.615144,-17649.205355,-2156.641336,-10790.110149,-11800.238814,-925.797208,9196.365019,-19457.231952
306,19653.300000,-19566.077959,8479.535103,-17937.401575,-1357.257403,-11651.592944,-10841.661789,-2340.652216,7577.997875,-19634.293975
307,19653.300000,-19534.612846,8867.354433,-18204.178685,-555.609930,-12479.849616,-9844.468180,-3743.291948,5896.774289,-19625.277954
308,19653.300000,-19498.327859,9250.885590,-18449.218125,246.964152,-13272.518278,-8812.209861,-5126.396376,4166.639333,-19430.269335
309,19653.300000,-19457.231952,9629.943101,-18672.227293,1049.126363,-14027.338525,-7748.563600,-6482.747425,2401.943781,-19051.116253
310,19653.300000,-19411.335264,10004.343656,-18872.939893,1849.538914,-14742.157885,-6657.317968,-7805.266639,617.325071,-18491.412016
311,19653.300000,-19360.649120,10373.906200,-19051.116253,2646.866931,-15414.937950,-5542.359838,-9087.052122,-1172.414101,-17756.461051
312,19653.300000,-19305.186025,10738.452015,-19206.543613,3439.780685,-16043.760196,-4407.660546,-10321.414555,-2952.428571,-16853.228632
313,19653.300000,-19244.959664,11097.804809,-19339.036376,4226.957809,-16626.831450,-3257.261743,-11501.912111,-4707.953833,-15790.274869
314,19653.300000,-19179.984897,11451.790804,-19448.436332,5007.085503,-17162.489003,-2095.260998,-12622.384069,-6424.428513,-14577.673582
315,19653.300000,-19110.277757,11800.238814,-19534.612846,5778.862724,-17649.205355,-925.797208,-13676.982965,-8087.615144,-13226.916832
316,19653.300000,-19035.855441,12142.980334,-19597.463014,6541.002354,-18085.592566,246.964152,-14660.205113,-9683.718262,-11750.806004
317,19653.300000,-18956.736312,12479.849616,-19636.911788,7292.233350,-18470.406218,1418.845857,-15566.919323,-11199.498833,-10163.330488
318,19653.300000,-18872.939893,12810.683753,-19652.912061,8031.302861,-18802.548963,2585.673819,-16392.393679,-12622.384069,-8479.535103
319,19653.300000,-18784.486858,13135.322758,-19645.444726,8756.978315,-19081.073649,3743.291948,-17132.320239,-13940.571708,-6715.377504
320,19653.300000,-18691.399032,13453.609637,-19614.518702,9468.049483,-19305.186025,4887.576959,-17782.837510,-15143.127914,-4887.576959
321,19653.300000,-18593.699383,13765.390470,-19560.170916,10163.330488,-19474.247003,6014.453060,-18340.550607,-16220.077968,-3013.455892
322,19653.300000,-18491.412016,14070.514482,-19482.466266,10841.661789,-19587.774483,7119.906464,-18802.548963,-17162.489003,-1110.775714
323,19653.300000,-18384.562171,14368.834118,-19381.497538,11501.912111,-19645.444726,8199.999691,-19166.421526,-17962.544098,802.431503
324,19653.300000,-18273.176210,14660.205113,-19257.385301,12142.980334,-19647.093277,9250.885590,-19430.269335,-18613.607118,2708.033920
325,19653.300000,-18157.281616,14944.486564,-19110.277757,12763.797328,-19592.715435,10268.821042,-19592.715435,-19110.277757,4587.971769
326,19653.300000,-18036.906985,15221.540993,-18940.350567,13363.327738,-19482.466266,11250.180294,-19652.912061,-19448.436332,6424.428513
327,19653.300000,-17912.082017,15491.234420,-18747.806642,13940.571708,-19316.660160,12191.467873,-19610.545061,-19625.277954,8199.999691
328,19653.300000,-17782.837510,15753.436424,-18532.875899,14494.566549,-19095.769936,13089.331034,-19465.835538,-19639.335793,9897.857869
329,19653.300000,-17649.205355,16008.020205,-18295.814988,15024.388349,-18820.425494,13940.571708,-19219.538694,-19490.493244,11501.912111
330,19653.300000,-17511.218522,16254.862650,-18036.906985,15529.153505,-18491.412016,14742.157885,-18872.939893,-19179.984897,12996.960483
331,19653.300000,-17368.911058,16493.844388,-17756.461051,16008.020205,-18109.667730,15491.234420,-18427.847945,-18710.386294,14368.834118
332,19653.300000,-17222.318075,16724.849849,-17454.812069,16460.189829,-17676.281231,16185.133201,-17886.585674,-18085.592566,15604.531502
333,19653.300000,-17071.475743,16947.767321,-17132.320239,16884.908279,-17192.488380,16821.382650,-17251.977792,-17310.786125,16692.341688
334,19653.300000,-16916.421279,17162.489003,-16789.370648,17281.467239,-16659.668781,17397.716531,-16527.336159,-16392.393679,17621.955288
335,19653.300000,-16757.192942,17368.911058,-16426.372815,17649.205355,-16079.341841,17912.082017,-15716.442499,-15338.032925,18384.562171
336,19653.300000,-16593.830018,17566.933661,-16043.760196,17987.509338,-15453.162443,18362.647005,-14823.528661,-14156.449359,18972.934962
337,19653.300000,-16426.372815,17756.461051,-15641.989670,18295.814988,-14782.916224,18747.806642,-13853.254540,-12857.443742,19381.497538
338,19653.300000,-16254.862650,17937.401575,-15221.540993,18573.608135,-14070.514482,19066.189039,-12810.683753,-11451.790804,19606.377871
339,19653.300000,-16079.341841,18109.667730,-14782.916224,18820.425494,-13317.988730,19316.660160,-11701.257217,-9951.149869,19645.444726
340,19653.300000,-15899.853696,18273.176210,-14326.639125,19035.855441,-12527.484898,19498.327859,-10530.764750,-8367.968151,19498.327859
341,19653.300000,-15716.442499,18427.847945,-13853.254540,19219.538694,-11701.257217,19610.545061,-9305.314859,-6715.377504,19166.421526
342,19653.300000,-15529.153505,18573.608135,-13363.327738,19371.168922,-10841.661789,19652.912061,-8031.302861,-5007.085503,18652.871266
343,19653.300000,-15338.032925,18710.386294,-12857.443742,19490.493244,-9951.149869,19625.277954,-6715.377504,-3257.261743,17962.544098
344,19653.300000,-15143.127914,18838.116276,-12336.206631,19577.312661,-9032.260875,19527.741169,-5364.406274,-1480.420307,17101.982386
345,19653.300000,-14944.486564,18956.736312,-11800.238814,19631.482380,-8087.615144,19360.649120,-3985.439552,308.700619,16079.341841
346,19653.300000,-14742.157885,19066.189039,-11250.180294,19652.912061,-7119.906464,19124.596966,-2585.673819,2095.260998,14904.314230
347,19653.300000,-14536.191799,19166.421526,-10686.687896,19641.565965,-6131.894391,18820.425494,-1172.414101,3864.442030,13588.035517
348,19653.300000,-14326.639125,19257.385301,-10110.434489,19597.463014,-5126.396376,18449.218125,246.964152,5601.569071,12142.980334
349,19653.300000,-14113.551568,19339.036376,-9522.108179,19520.676761,-4106.279735,18012.297048,1665.053560,7292.233350,10582.843751
350,19653.300000,-13896.981703,19411.335264,-8922.411489,19411.335264,-3074.453472,17511.218522,3074.453472,8922.411489,8922.411489
351,19653.300000,-13676.982965,19474.247003,-8312.060517,19269.620875,-2033.859981,16947.767321,4467.808580,10478.581814,7177.419787
352,19653.300000,-13453.609637,19527.741169,-7691.784086,19095.769936,-987.466658,16323.950386,5837.847315,11947.836520,5364.406274
353,19653.300000,-13226.916832,19571.791893,-7062.322871,18890.072384,61.742561,15641.989670,7177.419787,13317.988730,3500.553234
354,19653.300000,-12996.960483,19606.377871,-6424.428513,18652.871266,1110.775714,14904.314230,8479.535103,14577.673582,1603.524766
355,19653.300000,-12763.797328,19631.482380,-5778.862724,18384.562171,2156.641336,14113.551568,9737.397848,15716.442499,-308.700619
356,19653.300000,-12527.484898,19647.093277,-5126.396376,18085.592566,3196.356999,13272.518278,10944.443554,16724.849849,-2218.000389
357,19653.300000,-12288.081498,19653.203015,-4467.808580,17756.461051,4226.957809,12384.210011,12094.372949,17594.531300,-4106.279735
358,19653.300000,-12045.646198,19649.808638,-3803.885760,17397.716531,5245.504867,11451.790804,13181.184841,18318.273194,-5955.643065
359,19653.300000,-11800.238814,19636.911788,-3135.420708,17009.957294,6249.093645,10478.581814,14199.207431,18890.072384,-7748.563600
360,19653.300000,-11551.919899,19614.518702,-2463.211639,16593.830018,7234.862271,9468.049483,15143.127914,19305.186025,-9468.049483
361,19653.300000,-11300.750720,19582.640208,-1788.061241,16150.028693,8199.999691,8423.793196,16008.020205,19560.170916,-11097.804809
362,19653.300000,-11046.793250,19541.291724,-1110.775714,15679.293459,9141.753683,7349.532458,16789.370648,19652.912061,-12622.384069
363,19653.300000,-10790.110149,19490.493244,-432.163805,15182.409376,10057.438704,6249.093645,17483.101571,19582.640208,-14027.338525
364,19653.300000,-10530.764750,19430.269335,246.964152,14660.205113,10944.443554,5126.396376,18085.592566,19349.938236,-15299.353151
365,19653.300000,-10268.821042,19360.649120,925.797208,14113.551568,11800.238814,3985.439552,18593.699383,18956.736312,-16426.372815
366,19653.300000,-10004.343656,19281.666266,1603.524766,13543.360410,12622.384069,2830.287113,19004.770339,18406.295889,-17397.716531
367,19653.300000,-9737.397848,19193.358971,2279.337551,12950.582567,13408.534856,1665.053560,19316.660160,17703.182649,-18204.178685
368,19653.300000,-9468.049483,19095.769936,2952.428571,12336.206631,14156.449359,493.889305,19527.741169,16853.228632,-18838.116276
369,19653.300000,-9196.365019,18988.946358,3621.994086,11701.257217,14863.994796,-679.034120,19636.911788,15863.483866,-19293.521355
370,19653.300000,-8922.411489,18872.939893,4287.234566,11046.793250,15529.153505,-1849.538914,19643.602283,14742.157885,-19566.077959
371,19653.300000,-8646.256487,18747.806642,4947.355645,10373.906200,16150.028693,-3013.455892,19547.777737,13498.551636,-19653.203015
372,19653.300000,-8367.968151,18613.607118,5601.569071,9683.718262,16724.849849,-4166.639333,19349.938236,12142.980334,-19554.070822
373,19653.300000,-8087.615144,18470.406218,6249.093645,8977.380483,17251.977792,-5304.981750,19051.116253,10686.687896,-19269.620875
374,19653.300000,-7805.266639,18318.273194,6889.156155,8256.070846,17729.909344,-6424.428513,18652.871266,9141.753683,-18802.548963
375,19653.300000,-7520.992301,18157.281616,7520.992301,7520.992301,18157.281616,-7520.992301,18157.281616,7520.992301,-18157.281616
376,19653.300000,-7234.862271,17987.509338,8143.847606,6773.370762,18532.875899,-8590.767297,17566.933661,5837.847315,-17339.934160
377,19653.300000,-6946.947147,17809.038460,8756.978315,6014.453060,18855.621133,-9629.943101,16884.908279,4106.279735,-16358.252757
378,19653.300000,-6657.317968,17621.955288,9359.652288,5245.504867,19124.596966,-10634.818304,16114.764790,2340.652216,-15221.540993
379,19653.300000,-6366.046195,17426.350296,9951.149869,4467.808580,19339.036376,-11601.813674,15260.522380,555.609930,-13940.571708
380,19653.300000,-6073.203696,17222.318075,10530.764750,3682.661190,19498.327859,-12527.484898,14326.639125,-1234.040917,-12527.484898
381,19653.300000,-5778.862724,17009.957294,11097.804809,2891.372110,19602.017175,-13408.534856,13317.988730,-3013.455892,-10995.672663
382,19653.300000,-5483.095904,16789.370648,11651.592944,2095.260998,19649.808638,-14241.825364,12239.835086,-4767.875463,-9359.652288
383,19653.300000,-5185.976213,16560.664812,12191.467873,1295.655554,19641.565965,-15024.388349,11097.804809,-6482.747425,-7634.928658
384,19653.300000,-4887.576959,16323.950386,12716.784930,493.889305,19577.312661,-15753.436424,9897.857869,-8143.847606,-5837.847315
385,19653.300000,-4587.971769,16079.341841,13226.916832,-308.700619,19457.231952,-16426.372815,8646.256487,-9737.397848,-3985.439552
386,19653.300000,-4287.234566,15826.957470,13721.254429,-1110.775714,19281.666266,-17040.800611,7349.532458,-11250.180294,-2095.260998
387,19653.300000,-3985.439552,15566.919323,14199.207431,-1910.998333,19051.116253,-17594.531300,6014.453060,-12669.647021,-185.225247
388,19653.300000,-3682.661190,15299.353151,14660.205113,-2708.033920,18766.239357,-18085.592566,4647.985738,-13984.024125,1726.565921
389,19653.300000,-3378.974187,15024.388349,15103.696996,-3500.553234,18427.847945,-18512.235312,3257.261743,-15182.409376,3621.994086
390,19653.300000,-3074.453472,14742.157885,15529.153505,-4287.234566,18036.906985,-18872.939893,1849.538914,-16254.862650,5483.095904
391,19653.300000,-2769.174182,14452.798244,15936.066600,-5066.765943,17594.531300,-19166.421526,432.163805,-17192.488380,7292.233350
392,19653.300000,-2463.211639,14156.449359,16323.950386,-5837.847315,17101.982386,-19391.634867,-987.466658,-17987.509338,9032.260875
393,19653.300000,-2156.641336,13853.254540,16692.341688,-6599.192727,16560.664812,-19547.777737,-2401.943781,-18633.331144,10686.687896
394,19653.300000,-1849.538914,13543.360410,17040.800611,-7349.532458,15972.122222,-19634.293975,-3803.885760,-19124.596966,12239.835086
395,19653.300000,-1541.980146,13226.916832,17368.911058,-8087.615144,15338.032925,-19650.875421,-5185.976213,-19457.231952,13676.982965
396,19653.300000,-1234.040917,12904.076834,17676.281231,-8812.209861,14660.205113,-19597.463014,-6541.002354,-19628.477029,14984.511402
397,19653.300000,-925.797208,12574.996538,17962.544098,-9522.108179,13940.571708,-19474.247003,-7861.892643,-19636.911788,16150.028693
398,19653.300000,-617.325071,12239.835086,18227.357832,-10216.126180,13181.184841,-19281.666266,-9141.753683,-19482.466266,17162.489003
399,19653.300000,-308.700619,11898.754559,18470.406218,-10893.106427,12384.210011,-19020.406752,-10373.906200,-19166.421526,18012.297048
400,19653.300000,0.000000,11551.919899,18691.399032,-11551.919899,11551.919899,-18691.399032,-11551.919899,-18691.399032,18691.399032
401,19653.300000,308.700619,11199.498833,18890.072384,-12191.467873,10686.687896,-18295.814988,-12669.647021,-18061.338904,19193.358971
402,19653.300000,617.325071,10841.661789,19066.189039,-12810.683753,9790.981331,-17835.063641,-13721.254429,-17281.467239,19513.419692
403,19653.300000,925.797208,10478.581814,19219.538694,-13408.534856,8867.354433,-17310.786125,-14701.254047,-16358.252757,19648.547919
404,19653.300000,1234.040917,10110.434489,19349.938236,-13984.024125,7918.441053,-16724.849849,-15604.531502,-15299.353151,19597.463014
405,19653.300000,1541.980146,9737.397848,19457.231952,-14536.191799,6946.947147,-16079.341841,-16426.372815,-14113.551568,19360.649120
406,19653.300000,1849.538914,9359.652288,19541.291724,-15064.117011,5955.643065,-15376.561318,-17162.489003,-12810.683753,18940.350567
407,19653.300000,2156.641336,8977.380483,19602.017175,-15566.919323,4947.355645,-14619.011490,-17809.038460,-11401.556472,18340.550607
408,19653.300000,2463.211639,8590.767297,19639.335793,-16043.760196,3924.960160,-13809.390651,-18362.647005,-9897.857869,17566.933661
409,19653.300000,2769.174182,8199.999691,19653.203015,-16493.844388,2891.372110,-12950.582567,-18820.425494,-8312.060517,16626.831450
410,19653.300000,3074.453472,7805.266639,19643.602283,-16916.421279,1849.538914,-12045.646198,-19179.984897,-6657.317968,15529.153505
411,19653.300000,3378.974187,7406.759029,19610.545061,-17310.786125,802.431503,-11097.804809,-19439.448763,-4947.355645,14284.302735
412,19653.300000,3682.661190,7004.669576,19554.070822,-17676.281231,-246.964152,-10110.434489,-19597.463014,-3196.356999,12904.076834
413,19653.300000,3985.439552,6599.192727,19474.247003,-18012.297048,-1295.655554,-9087.052122,-19653.203015,-1418.845857,11401.556472
414,19653.300000,4287.234566,6190.524567,19371.168922,-18318.273194,-2340.652216,-8031.302861,-19606.377871,370.434040,9790.981331
415,19653.300000,4587.971769,5778.862724,19244.959664,-18593.699383,-3378.974187,-6946.947147,-19457.231952,2156.641336,8087.615144
416,19653.300000,4887.576959,5364.406274,19095.769936,-18838.116276,-4407.660546,-5837.847315,-19206.543613,3924.960160,6307.601047
417,19653.300000,5185.976213,4947.355645,18923.777887,-19051.116253,-5423.777855,-4707.953833,-18855.621133,5660.723019,4467.808580
418,19653.300000,5483.095904,4527.912519,18729.188893,-19232.344087,-6424.428513,-3561.291234,-18406.295889,7349.532458,2585.673819
419,19653.300000,5778.862724,4106.279735,18512.235312,-19381.497538,-7406.759029,-2401.943781,-17860.912797,8977.380483,679.034120
420,19653.300000,6073.203696,3682.661190,18273.176210,-19498.327859,-8367.968151,-1234.040917,-17222.318075,10530.764750,-1234.040917
421,19653.300000,6366.046195,3257.261743,18012.297048,-19582.640208,-9305.314859,-61.742561,-16493.844388,11996.800560,-3135.420708
422,19653.300000,6657.317968,2830.287113,17729.909344,-19634.293975,-10216.126180,1110.775714,-15679.293459,13363.327738,-5007.085503
423,19653.300000,6946.947147,2401.943781,17426.350296,-19653.203015,-11097.804809,2279.337551,-14782.916224,14619.011490,-6831.297170
424,19653.300000,7234.862271,1972.438890,17101.982386,-19639.335793,-11947.836520,3439.780685,-13809.390651,15753.436424,-8590.767297
425,19653.300000,7520.992301,1541.980146,16757.192942,-19592.715435,-12763.797328,4587.971769,-12763.797328,16757.192942,-10268.821042
426,19653.300000,7805.266639,1110.775714,16392.393679,-19513.419692,-13543.360410,5719.821098,-11651.592944,17621.955288,-11849.555162
427,19653.300000,8087.615144,679.034120,16008.020205,-19401.580809,-14284.302735,6831.297170,-10478.581814,18340.550607,-13317.988730
428,19653.300000,8367.968151,246.964152,15604.531502,-19257.385301,-14984.511402,7918.441053,-9250.885590,18907.018438,-14660.205113
429,19653.300000,8646.256487,-185.225247,15182.409376,-19081.073649,-15641.989670,8977.380483,-7974.911311,19316.660160,-15863.483866
430,19653.300000,8922.411489,-617.325071,14742.157885,-18872.939893,-16254.862650,10004.343656,-6657.317968,19566.077959,-16916.421279
431,19653.300000,9196.365019,-1049.126363,14284.302735,-18633.331144,-16821.382650,10995.672663,-5304.981750,19653.203015,-17809.038460
432,19653.300000,9468.049483,-1480.420307,13809.390651,-18362.647005,-17339.934160,11947.836520,-3924.960160,19577.312661,-18532.875899
433,19653.300000,9737.397848,-1910.998333,13317.988730,-18061.338904,-17809.038460,12857.443742,-2524.455187,19339.036376,-19081.073649
434,19653.300000,10004.343656,-2340.652216,12810.683753,-17729.909344,-18227.357832,13721.254429,-1110.775714,18940.350567,-19448.436332
435,19653.300000,10268.821042,-2769.174182,12288.081498,-17368.911058,-18593.699383,14536.191799,308.700619,18384.562171,-19631.482380
436,19653.300000,10530.764750,-3196.356999,11750.806004,-16978.946095,-18907.018438,15299.353151,1726.565921,17676.281231,-19628.477029
437,19653.300000,10790.110149,-3621.994086,11199.498833,-16560.664812,-19166.421526,16008.020205,3135.420708,16821.382650,-19439.448763
438,19653.300000,11046.793250,-4045.879609,10634.818304,-16114.764790,-19371.168922,16659.668781,4527.912519,15826.957470,-19066.189039
439,19653.300000,11300.750720,-4467.808580,10057.438704,-15641.989670,-19520.676761,17251.977792,5896.774289,14701.254047,-18512.235312
440,19653.300000,11551.919899,-4887.576959,9468.049483,-15143.127914,-19614.518702,17782.837510,7234.862271,13453.609637,-17782.837510
441,19653.300000,11800.238814,-5304.981750,8867.354433,-14619.011490,-19652.427140,18250.357083,8535.193319,12094.372949,-16884.908279
442,19653.300000,12045.646198,-5719.821098,8256.070846,-14070.514482,-19634.293975,18652.871266,9790.981331,10634.818304,-15826.957470
443,19653.300000,12288.081498,-6131.894391,7634.928658,-13498.551636,-19560.170916,18988.946358,10995.672663,9087.052122,-14619.011490
444,19653.300000,12527.484898,-6541.002354,7004.669576,-12904.076834,-19430.269335,19257.385301,12142.980334,7463.912498,-13272.518278
445,19653.300000,12763.797328,-6946.947147,6366.046195,-12288.081498,-19244.959664,19457.231952,13226.916832,5778.862724,-11800.238814
446,19653.300000,12996.960483,-7349.532458,5719.821098,-11651.592944,-19004.770339,19587.774483,14241.825364,4045.879609,-10216.126180
447,19653.300000,13226.916832,-7748.563600,5066.765943,-10995.672663,-18710.386294,19648.547919,15182.409376,2279.337551,-8535.193319
448,19653.300000,13453.609637,-8143.847606,4407.660546,-10321.414555,-18362.647005,19639.335793,16043.760196,493.889305,-6773.370762
449,19653.300000,13676.982965,-8535.193319,3743.291948,-9629.943101,-17962.544098,19560.170916,16821.382650,-1295.655554,-4947.355645
450,19653.300000,13896.981703,-8922.411489,3074.453472,-8922.411489,-17511.218522,19411.335264,17511.218522,-3074.453472,-3074.453472
451,19653.300000,14113.551568,-9305.314859,2401.943781,-8199.999691,-17009.957294,19193.358971,18109.667730,-4827.750035,-1172.414101
452,19653.300000,14326.639125,-9683.718262,1726.565921,-7463.912498,-16460.189829,18907.018438,18613.607118,-6541.002354,740.736467
453,19653.300000,14536.191799,-10057.438704,1049.126363,-6715.377504,-15863.483866,18553.333574,19020.406752,-8199.999691,2646.866931
454,19653.300000,14742.157885,-10426.295459,370.434040,-5955.643065,-15221.540993,18133.564158,19327.943647,-9790.981331,4527.912519
455,19653.300000,14944.486564,-10790.110149,-308.700619,-5185.976213,-14536.191799,17649.205355,19534.612846,-11300.750720,6366.046195
456,19653.300000,15143.127914,-11148.706838,-987.466658,-4407.660546,-13809.390651,17101.982386,19639.335793,-12716.784930,8143.847606
457,19653.300000,15338.032925,-11501.912111,-1665.053560,-3621.994086,-13043.210124,16493.844388,19641.565965,-14027.338525,9844.468180
458,19653.300000,15529.153505,-11849.555162,-2340.652216,-2830.287113,-12239.835086,15826.957470,19541.291724,-15221.540993,11451.790804
459,19653.300000,15716.442499,-12191.467873,-3013.455892,-2033.859981,-11401.556472,15103.696996,19339.036376,-16289.486903,12950.582567
460,19653.300000,15899.853696,-12527.484898,-3682.661190,-1234.040917,-10530.764750,14326.639125,19035.855441,-17222.318075,14326.639125
461,19653.300000,16079.341841,-12857.443742,-4347.469010,-432.163805,-9629.943101,13498.551636,18633.331144,-18012.297048,15566.919323
462,19653.300000,16254.862650,-13181.184841,-5007.085503,370.434040,-8701.660342,12622.384069,18133.564158,-18652.871266,16659.668781
463,19653.300000,16426.372815,-13498.551636,-5660.723019,1172.414101,-7748.563600,11701.257217,17539.162644,-19138.727423,17594.531300
464,19653.300000,16593.830018,-13809.390651,-6307.601047,1972.438890,-6773.370762,10738.452015,16853.228632,-19465.835538,18362.647005
465,19653.300000,16757.192942,-14113.551568,-6946.947147,2769.174182,-5778.862724,9737.397848,16079.341841,-19631.482380,18956.736312
466,19653.300000,16916.421279,-14410.887296,-7577.997875,3561.291234,-4767.875463,8701.660342,15221.540993,-19634.293975,19371.168922
467,19653.300000,17071.475743,-14701.254047,-8199.999691,4347.469010,-3743.291948,7634.928658,14284.302735,-19474.247003,19602.017175
468,19653.300000,17222.318075,-14984.511402,-8812.209861,5126.396376,-2708.033920,6541.002354,13272.518278,-19152.668989,19647.093277
469,19653.300000,17368.911058,-15260.522380,-9413.897341,5896.774289,-1665.053560,5423.777855,12191.467873,-18672.227293,19505.970034
470,19653.300000,17511.218522,-15529.153505,-10004.343656,6657.317968,-617.325071,4287.234566,11046.793250,-18036.906985,19179.984897
471,19653.300000,17649.205355,-15790.274869,-10582.843751,7406.759029,432.163805,3135.420708,9844.468180,-17251.977792,18672.227293
472,19653.300000,17782.837510,-16043.760196,-11148.706838,8143.847606,1480.420307,1972.438890,8590.767297,-16323.950386,17987.509338
473,19653.300000,17912.082017,-16289.486903,-11701.257217,8867.354433,2524.455187,802.431503,7292.233350,-15260.522380,17132.320239
474,19653.300000,18036.906985,-16527.336159,-12239.835086,9576.072896,3561.291234,-370.434040,5955.643065,-14070.514482,16114.764790
475,19653.300000,18157.281616,-16757.192942,-12763.797328,10268.821042,4587.971769,-1541.980146,4587.971769,-12763.797328,14944.486564
476,19653.300000,18273.176210,-16978.946095,-13272.518278,10944.443554,5601.569071,-2708.033920,3196.356999,-11351.209612,13632.576515
477,19653.300000,18384.562171,-17192.488380,-13765.390470,11601.813674,6599.192727,-3864.442030,1788.061241,-9844.468180,12191.467873
478,19653.300000,18491.412016,-17397.716531,-14241.825364,12239.835086,7577.997875,-5007.085503,370.434040,-8256.070846,10634.818304
479,19653.300000,18593.699383,-17594.531300,-14701.254047,12857.443742,8535.193319,-6131.894391,-1049.126363,-6599.192727,8977.380483
480,19653.300000,18691.399032,-17782.837510,-15143.127914,13453.609637,9468.049483,-7234.862271,-2463.211639,-4887.576959,7234.862271
481,19653.300000,18784.486858,-17962.544098,-15566.919323,14027.338525,10373.906200,-8312.060517,-3864.442030,-3135.420708,5423.777855
482,19653.300000,18872.939893,-18133.564158,-15972.122222,14577.673582,11250.180294,-9359.652288,-5245.504867,-1357.257403,3561.291234
483,19653.300000,18956.736312,-18295.814988,-16358.252757,15103.696996,12094.372949,-10373.906200,-6599.192727,432.163805,1665.053560
484,19653.300000,19035.855441,-18449.218125,-16724.849849,15604.531502,12904.076834,-11351.209612,-7918.441053,2218.000389,-246.964152
485,19653.300000,19110.277757,-18593.699383,-17071.475743,16079.341841,13676.982965,-12288.081498,-9196.365019,3985.439552,-2156.641336
486,19653.300000,19179.984897,-18729.188893,-17397.716531,16527.336159,14410.887296,-13181.184841,-10426.295459,5719.821098,-4045.879609
487,19653.300000,19244.959664,-18855.621133,-17703.182649,16947.767321,15103.696996,-14027.338525,-11601.813674,7406.759029,-5896.774289
488,19653.300000,19305.186025,-18972.934962,-17987.509338,17339.934160,15753.436424,-14823.528661,-12716.784930,9032.260875,-7691.784086
489,19653.300000,19360.649120,-19081.073649,-18250.357083,17703.182649,16358.252757,-15566.919323,-13765.390470,10582.843751,-9413.897341
490,19653.300000,19411.335264,-19179.984897,-18491.412016,18036.906985,16916.421279,-16254.862650,-14742.157885,12045.646198,-11046.793250
491,19653.300000,19457.231952,-19269.620875,-18710.386294,18340.550607,17426.350296,-16884.908279,-15641.989670,13408.534856,-12574.996538
492,19653.300000,19498.327859,-19349.938236,-18907.018438,18613.607118,17886.585674,-17454.812069,-16460.189829,14660.205113,-13984.024125
493,19653.300000,19534.612846,-19420.898138,-19081.073649,18855.621133,18295.814988,-17962.544098,-17192.488380,15790.274869,-15260.522380
494,19653.300000,19566.077959,-19482.466266,-19232.344087,19066.189039,18652.871266,-18406.295889,-17835.063641,16789.370648,-16392.393679
495,19653.300000,19592.715435,-19534.612846,-19360.649120,19244.959664,18956.736312,-18784.486858,-18384.562171,17649.205355,-17368.911058
496,19653.300000,19614.518702,-19577.312661,-19465.835538,19391.634867,19206.543613,-19095.769936,-18838.116276,18362.647005,-18180.819869
497,19653.300000,19631.482380,-19610.545061,-19547.777737,19505.970034,19401.580809,-19339.036376,-19193.358971,18923.777887,-18820.425494
498,19653.300000,19643.602283,-19634.293975,-19606.377871,19587.774483,19541.291724,-19513.419692,-19448.436332,19327.943647,-19281.666266
499,19653.300000,19650.875421,-19648.547919,-19641.565965,19636.911788,19625.277954,-19618.298756,-19602.017175,19571.791893,-19560.170916
500,19653.300000,19653.300000,-19653.300000,-19653.300000,19653.300000,19653.300000,-19653.300000,-19653.300000,19653.300000,-19653.300000
501,19653.300000,19650.875421,-19648.547919,-19641.565965,19636.911788,19625.277954,-19618.298756,-19602.017175,19571.791893,-19560.170916
502,19653.300000,19643.602283,-19634.293975,-19606.377871,19587.774483,19541.291724,-19513.419692,-19448.436332,19327.943647,-19281.666266
503,19653.300000,19631.482380,-19610.545061,-19547.777737,19505.970034,19401.580809,-19339.036376,-19193.358971,18923.777887,-18820.425494
504,19653.300000,19614.518702,-19577.312661,-19465.835538,19391.634867,19206.543613,-19095.769936,-18838.116276,18362.647005,-18180.819869
505,19653.300000,19592.715435,-19534.612846,-19360.649120,19244.959664,18956.736312,-18784.486858,-18384.562171,17649.205355,-17368.911058
506,19653.300000,19566.077959,-19482.466266,-19232.344087,19066.189039,18652.871266,-18406.295889,-17835.063641,16789.370648,-16392.393679
507,19653.300000,19534.612846,-19420.898138,-19081.073649,18855.621133,18295.814988,-17962.544098,-17192.488380,15790.274869,-15260.522380
508,19653.300000,19498.327859,-19349.938236,-18907.018438,18613.607118,17886.585674,-17454.812069,-16460.189829,14660.205113,-13984.024125
509,19653.300000,19457.231952,-19269.620875,-18710.386294,18340.550607,17426.350296,-16884.908279,-15641.989670,13408.534856,-12574.996538
510,19653.300000,19411.335264,-19179.984897,-18491.412016,18036.906985,16916.421279,-16254.862650,-14742.157885,12045.646198,-11046.793250
511,19653.300000,19360.649120,-19081.073649,-18250.357083,17703.182649,16358.252757,-15566.919323,-13765.390470,10582.843751,-9413.897341
512,19653.300000,19305.186025,-18972.934962,-17987.509338,17339.934160,15753.436424,-14823.528661,-12716.784930,9032.260875,-7691.784086
513,19653.300000,19244.959664,-18855.621133,-17703.182649,16947.767321,15103.696996,-14027.338525,-11601.813674,7406.759029,-5896.774289
514,19653.300000,19179.984897,-18729.188893,-17397.716531,16527.336159,14410.887296,-13181.184841,-10426.295459,5719.821098,-4045.879609
515,19653.300000,19110.277757,-18593.699383,-17071.475743,16079.341841,13676.982965,-12288.081498,-9196.365019,3985.439552,-2156.641336
516,19653.300000,19035.855441,-18449.218125,-16724.849849,15604.531502,12904.076834,-11351.209612,-7918.441053,2218.000389,-246.964152
517,19653.300000,18956.736312,-18295.814988,-16358.252757,15103.696996,12094.372949,-10373.906200,-6599.192727,432.163805,1665.053560
518,19653.300000,18872.939893,-18133.564158,-15972.122222,14577.673582,11250.180294,-9359.652288,-5245.504867,-1357.257403,3561.291234
519,19653.300000,18784.486858,-17962.544098,-15566.919323,14027.338525,10373.906200,-8312.060517,-3864.442030,-3135.420708,5423.777855
520,19653.300000,18691.399032,-17782.837510,-15143.127914,13453.609637,9468.049483,-7234.862271,-2463.211639,-4887.576959,7234.862271
521,19653.300000,18593.699383,-17594.531300,-14701.254047,12857.443742,8535.193319,-6131.894391,-1049.126363,-6599.192727,8977.380483
522,19653.300000,18491.412016,-17397.716531,-14241.825364,12239.835086,7577.997875,-5007.085503,370.434040,-8256.070846,10634.818304
523,19653.300000,18384.562171,-17192.488380,-13765.390470,11601.813674,6599.192727,-3864.442030,1788.061241,-9844.468180,12191.467873
524,19653.300000,18273.176210,-16978.946095,-13272.518278,10944.443554,5601.569071,-2708.033920,3196.356999,-11351.209612,13632.576515
525,19653.300000,18157.281616,-16757.192942,-12763.797328,10268.821042,4587.971769,-1541.980146,4587.971769,-12763.797328,14944.486564
526,19653.300000,18036.906985,-16527.336159,-12239.835086,9576.072896,3561.291234,-370.434040,5955.643065,-14070.514482,16114.764790
527,19653.300000,17912.082017,-16289.486903,-11701.257217,8867.354433,2524.455187,802.431503,7292.233350,-15260.522380,17132.320239
528,19653.300000,17782.837510,-16043.760196,-11148.706838,8143.847606,1480.420307,1972.438890,8590.767297,-16323.950386,17987.509338
529,19653.300000,17649.205355,-15790.274869,-10582.843751,7406.759029,432.163805,3135.420708,9844.468180,-17251.977792,18672.227293
530,19653.300000,17511.218522,-15529.153505,-10004.343656,6657.317968,-617.325071,4287.234566,11046.793250,-18036.906985,19179.984897
531,19653.300000,17368.911058,-15260.522380,-9413.897341,5896.774289,-1665.053560,5423.777855,12191.467873,-18672.227293,19505.970034
532,19653.300000,17222.318075,-14984.511402,-8812.209861,5126.396376,-2708.033920,6541.002354,13272.518278,-19152.668989,19647.093277
533,19653.300000,17071.475743,-14701.254047,-8199.999691,4347.469010,-3743.291948,7634.928658,14284.302735,-19474.247003,19602.017175
534,19653.300000,16916.421279,-14410.887296,-7577.997875,3561.291234,-4767.875463,8701.660342,15221.540993,-19634.293975,19371.168922
535,19653.300000,16757.192942,-14113.551568,-6946.947147,2769.174182,-5778.862724,9737.397848,16079.341841,-19631.482380,18956.736312
536,19653.300000,16593.830018,-13809.390651,-6307.601047,1972.438890,-6773.370762,10738.452015,16853.228632,-19465.835538,18362.647005
537,19653.300000,16426.372815,-13498.551636,-5660.723019,1172.414101,-7748.563600,11701.257217,17539.162644,-19138.727423,17594.531300
538,19653.300000,16254.862650,-13181.184841,-5007.085503,370.434040,-8701.660342,12622.384069,18133.564158,-18652.871266,16659.668781
539,19653.300000,16079.341841,-12857.443742,-4347.469010,-432.163805,-9629.943101,13498.551636,18633.331144,-18012.297048,15566.919323
540,19653.300000,15899.853696,-12527.484898,-3682.661190,-1234.040917,-10530.764750,14326.639125,19035.855441,-17222.318075,14326.639125
541,19653.300000,15716.442499,-12191.467873,-3013.455892,-2033.859981,-11401.556472,15103.696996,19339.036376,-16289.486903,12950.582567
542,19653.300000,15529.153505,-11849.555162,-2340.652216,-2830.287113,-12239.835086,15826.957470,19541.291724,-15221.540993,11451.790804
543,19653.300000,15338.032925,-11501.912111,-1665.053560,-3621.994086,-13043.210124,16493.844388,19641.565965,-14027.338525,9844.468180
544,19653.300000,15143.127914,-11148.706838,-987.466658,-4407.660546,-13809.390651,17101.982386,19639.335793,-12716.784930,8143.847606
545,19653.300000,14944.486564,-10790.110149,-308.700619,-5185.976213,-14536.191799,17649.205355,19534.612846,-11300.750720,6366.046195
546,19653.300000,14742.157885,-10426.295459,370.434040,-5955.643065,-15221.540993,18133.564158,19327.943647,-9790.981331,4527.912519
547,19653.300000,14536.191799,-10057.438704,1049.126363,-6715.377504,-15863.483866,18553.333574,19020.406752,-8199.999691,2646.866931
548,19653.300000,14326.639125,-9683.718262,1726.565921,-7463.912498,-16460.189829,18907.018438,18613.607118,-6541.002354,740.736467
549,19653.300000,14113.551568,-9305.314859,2401.943781,-8199.999691,-17009.957294,19193.358971,18109.667730,-4827.750035,-1172.414101
550,19653.300000,13896.981703,-8922.411489,3074.453472,-8922.411489,-17511.218522,19411.335264,17511.218522,-3074.453472,-3074.453472
551,19653.300000,13676.982965,-8535.193319,3743.291948,-9629.943101,-17962.544098,19560.170916,16821.382650,-1295.655554,-4947.355645
552,19653.300000,13453.609637,-8143.847606,4407.660546,-10321.414555,-18362.647005,19639.335793,16043.760196,493.889305,-6773.370762
553,19653.300000,13226.916832,-7748.563600,5066.765943,-10995.672663,-18710.386294,19648.547919,15182.409376,2279.337551,-8535.193319
554,19653.300000,12996.960483,-7349.532458,5719.821098,-11651.592944,-19004.770339,19587.774483,14241.825364,4045.879609,-10216.126180
555,19653.300000,12763.797328,-6946.947147,6366.046195,-12288.081498,-19244.959664,19457.231952,13226.916832,5778.862724,-11800.238814
556,19653.300000,12527.484898,-6541.002354,7004.669576,-12904.076834,-19430.269335,19257.385301,12142.980334,7463.912498,-13272.518278
557,19653.300000,12288.081498,-6131.894391,7634.928658,-13498.551636,-19560.170916,18988.946358,10995.672663,9087.052122,-14619.011490
558,19653.300000,12045.646198,-5719.821098,8256.070846,-14070.514482,-19634.293975,18652.871266,9790.981331,10634.818304,-15826.957470
559,19653.300000,11800.238814,-5304.981750,8867.354433,-14619.011490,-19652.427140,18250.357083,8535.193319,12094.372949,-16884.908279
560,19653.300000,11551.919899,-4887.576959,9468.049483,-15143.127914,-19614.518702,17782.837510,7234.862271,13453.609637,-17782.837510
561,19653.300000,11300.750720,-4467.808580,10057.438704,-15641.989670,-19520.676761,17251.977792,5896.774289,14701.254047,-18512.235312
562,19653.300000,11046.793250,-4045.879609,10634.818304,-16114.764790,-19371.168922,16659.668781,4527.912519,15826.957470,-19066.189039
563,19653.300000,10790.110149,-3621.994086,11199.498833,-16560.664812,-19166.421526,16008.020205,3135.420708,16821.382650,-19439.448763
564,19653.300000,10530.764750,-3196.356999,11750.806004,-16978.946095,-18907.018438,15299.353151,1726.565921,17676.281231,-19628.477029
565,19653.300000,10268.821042,-2769.174182,12288.081498,-17368.911058,-18593.699383,14536.191799,308.700619,18384.562171,-19631.482380
566,19653.300000,10004.343656,-2340.652216,12810.683753,-17729.909344,-18227.357832,13721.254429,-1110.775714,18940.350567,-19448.436332
567,19653.300000,9737.397848,-1910.998333,13317.988730,-18061.338904,-17809.038460,12857.443742,-2524.455187,19339.036376,-19081.073649
568,19653.300000,9468.049483,-1480.420307,13809.390651,-18362.647005,-17339.934160,11947.836520,-3924.960160,19577.312661,-18532.875899
569,19653.300000,9196.365019,-1049.126363,14284.302735,-18633.331144,-16821.382650,10995.672663,-5304.981750,19653.203015,-17809.038460
570,19653.300000,8922.411489,-617.325071,14742.157885,-18872.939893,-16254.862650,10004.343656,-6657.317968,19566.077959,-16916.421279
571,19653.300000,8646.256487,-185.225247,15182.409376,-19081.073649,-15641.989670,8977.380483,-7974.911311,19316.660160,-15863.483866
572,19653.300000,8367.968151,246.964152,15604.531502,-19257.385301,-14984.511402,7918.441053,-9250.885590,18907.018438,-14660.205113
573,19653.300000,8087.615144,679.034120,16008.020205,-19401.580809,-14284.302735,6831.297170,-10478.581814,18340.550607,-13317.988730
574,19653.300000,7805.266639,1110.775714,16392.393679,-19513.419692,-13543.360410,5719.821098,-11651.592944,17621.955288,-11849.555162
575,19653.300000,7520.992301,1541.980146,16757.192942,-19592.715435,-12763.797328,4587.971769,-12763.797328,16757.192942,-10268.821042
576,19653.300000,7234.862271,1972.438890,17101.982386,-19639.335793,-11947.836520,3439.780685,-13809.390651,15753.436424,-8590.767297
577,19653.300000,6946.947147,2401.943781,17426.350296,-19653.203015,-11097.804809,2279.337551,-14782.916224,14619.011490,-6831.297170
578,19653.300000,6657.317968,2830.287113,17729.909344,-19634.293975,-10216.126180,1110.775714,-15679.293459,13363.327738,-5007.085503
579,19653.300000,6366.046195,3257.261743,18012.297048,-19582.640208,-9305.314859,-61.742561,-16493.844388,11996.800560,-3135.420708
580,19653.300000,6073.203696,3682.661190,18273.176210,-19498.327859,-8367.968151,-1234.040917,-17222.318075,10530.764750,-1234.040917
581,19653.300000,5778.862724,4106.279735,18512.235312,-19381.497538,-7406.759029,-2401.943781,-17860.912797,8977.380483,679.034120
582,19653.300000,5483.095904,4527.912519,18729.188893,-19232.344087,-6424.428513,-3561.291234,-18406.295889,7349.532458,2585.673819
583,19653.300000,5185.976213,4947.355645,18923.777887,-19051.116253,-5423.777855,-4707.953833,-18855.621133,5660.723019,4467.808580
584,19653.300000,4887.576959,5364.406274,19095.769936,-18838.116276,-4407.660546,-5837.847315,-19206.543613,3924.960160,6307.601047
585,19653.300000,4587.971769,5778.862724,19244.959664,-18593.699383,-3378.974187,-6946.947147,-19457.231952,2156.641336,8087.615144
586,19653.300000,4287.234566,6190.524567,19371.168922,-18318.273194,-2340.652216,-8031.302861,-19606.377871,370.434040,9790.981331
587,19653.300000,3985.439552,6599.192727,19474.247003,-18012.297048,-1295.655554,-9087.052122,-19653.203015,-1418.845857,11401.556472
588,19653.300000,3682.661190,7004.669576,19554.070822,-17676.281231,-246.964152,-10110.434489,-19597.463014,-3196.356999,12904.076834
589,19653.300000,3378.974187,7406.759029,19610.545061,-17310.786125,802.431503,-11097.804809,-19439.448763,-4947.355645,14284.302735
590,19653.300000,3074.453472,7805.266639,19643.602283,-16916.421279,1849.538914,-12045.646198,-19179.984897,-6657.317968,15529.153505
591,19653.300000,2769.174182,8199.999691,19653.203015,-16493.844388,2891.372110,-12950.582567,-18820.425494,-8312.060517,16626.831450
592,19653.300000,2463.211639,8590.767297,19639.335793,-16043.760196,3924.960160,-13809.390651,-18362.647005,-9897.857869,17566.933661
593,19653.300000,2156.641336,8977.380483,19602.017175,-15566.919323,4947.355645,-14619.011490,-17809.038460,-11401.556472,18340.550607
594,19653.300000,1849.538914,9359.652288,19541.291724,-15064.117011,5955.643065,-15376.561318,-17162.489003,-12810.683753,18940.350567
595,19653.300000,1541.980146,9737.397848,19457.231952,-14536.191799,6946.947147,-16079.341841,-16426.372815,-14113.551568,19360.649120
596,19653.300000,1234.040917,10110.434489,19349.938236,-13984.024125,7918.441053,-16724.849849,-15604.531502,-15299.353151,19597.463014
597,19653.300000,925.797208,10478.581814,19219.538694,-13408.534856,8867.354433,-17310.786125,-14701.254047,-16358.252757,19648.547919
598,19653.300000,617.325071,10841.661789,19066.189039,-12810.683753,9790.981331,-17835.063641,-13721.254429,-17281.467239,19513.419692
599,19653.300000,308.700619,11199.498833,18890.072384,-12191.467873,10686.687896,-18295.814988,-12669.647021,-18061.338904,19193.358971
600,19653.300000,0.000000,11551.919899,18691.399032,-11551.919899,11551.919899,-18691.399032,-11551.919899,-18691.399032,18691.399032
601,19653.300000,-308.700619,11898.754559,18470.406218,-10893.106427,12384.210011,-19020.406752,-10373.906200,-19166.421526,18012.297048
602,19653.300000,-617.325071,12239.835086,18227.357832,-10216.126180,13181.184841,-19281.666266,-9141.753683,-19482.466266,17162.489003
603,19653.300000,-925.797208,12574.996538,17962.544098,-9522.108179,13940.571708,-19474.247003,-7861.892643,-19636.911788,16150.028693
604,19653.300000,-1234.040917,12904.076834,17676.281231,-8812.209861,14660.205113,-19597.463014,-6541.002354,-19628.477029,14984.511402
605,19653.300000,-1541.980146,13226.916832,17368.911058,-8087.615144,15338.032925,-19650.875421,-5185.976213,-19457.231952,13676.982965
606,19653.300000,-1849.538914,13543.360410,17040.800611,-7349.532458,15972.122222,-19634.293975,-3803.885760,-19124.596966,12239.835086
607,19653.300000,-2156.641336,13853.254540,16692.341688,-6599.192727,16560.664812,-19547.777737,-2401.943781,-18633.331144,10686.687896
608,19653.300000,-2463.211639,14156.449359,16323.950386,-5837.847315,17101.982386,-19391.634867,-987.466658,-17987.509338,9032.260875
609,19653.300000,-2769.174182,14452.798244,15936.066600,-5066.765943,17594.531300,-19166.421526,432.163805,-17192.488380,7292.233350
610,19653.300000,-3074.453472,14742.157885,15529.153505,-4287.234566,18036.906985,-18872.939893,1849.538914,-16254.862650,5483.095904
611,19653.300000,-3378.974187,15024.388349,15103.696996,-3500.553234,18427.847945,-18512.235312,3257.261743,-15182.409376,3621.994086
612,19653.300000,-3682.661190,15299.353151,14660.205113,-2708.033920,18766.239357,-18085.592566,4647.985738,-13984.024125,1726.565921
613,19653.300000,-3985.439552,15566.919323,14199.207431,-1910.998333,19051.116253,-17594.531300,6014.453060,-12669.647021,-185.225247
614,19653.300000,-4287.234566,15826.957470,13721.254429,-1110.775714,19281.666266,-17040.800611,7349.532458,-11250.180294,-2095.260998
615,19653.300000,-4587.971769,16079.341841,13226.916832,-308.700619,19457.231952,-16426.372815,8646.256487,-9737.397848,-3985.439552
616,19653.300000,-4887.576959,16323.950386,12716.784930,493.889305,19577.312661,-15753.436424,9897.857869,-8143.847606,-5837.847315
617,19653.300000,-5185.976213,16560.664812,12191.467873,1295.655554,19641.565965,-15024.388349,11097.804809,-6482.747425,-7634.928658
618,19653.300000,-5483.095904,16789.370648,11651.592944,2095.260998,19649.808638,-14241.825364,12239.835086,-4767.875463,-9359.652288
619,19653.300000,-5778.862724,17009.957294,11097.804809,2891.372110,19602.017175,-13408.534856,13317.988730,-3013.455892,-10995.672663
620,19653.300000,-6073.203696,17222.318075,10530.764750,3682.661190,19498.327859,-12527.484898,14326.639125,-1234.040917,-12527.484898
621,19653.300000,-6366.046195,17426.350296,9951.149869,4467.808580,19339.036376,-11601.813674,15260.522380,555.609930,-13940.571708
622,19653.300000,-6657.317968,17621.955288,9359.652288,5245.504867,19124.596966,-10634.818304,16114.764790,2340.652216,-15221.540993
623,19653.300000,-6946.947147,17809.038460,8756.978315,6014.453060,18855.621133,-9629.943101,16884.908279,4106.279735,-16358.252757
624,19653.300000,-7234.862271,17987.509338,8143.847606,6773.370762,18532.875899,-8590.767297,17566.933661,5837.847315,-17339.934160
625,19653.300000,-7520.992301,18157.281616,7520.992301,7520.992301,18157.281616,-7520.992301,18157.281616,7520.992301,-18157.281616
626,19653.300000,-7805.266639,18318.273194,6889.156155,8256.070846,17729.909344,-6424.428513,18652.871266,9141.753683,-18802.548963
627,19653.300000,-8087.615144,18470.406218,6249.093645,8977.380483,17251.977792,-5304.981750,19051.116253,10686.687896,-19269.620875
628,19653.300000,-8367.968151,18613.607118,5601.569071,9683.718262,16724.849849,-4166.639333,19349.938236,12142.980334,-19554.070822
629,19653.300000,-8646.256487,18747.806642,4947.355645,10373.906200,16150.028693,-3013.455892,19547.777737,13498.551636,-19653.203015
630,19653.300000,-8922.411489,18872.939893,4287.234566,11046.793250,15529.153505,-1849.538914,19643.602283,14742.157885,-19566.077959
631,19653.300000,-9196.365019,18988.946358,3621.994086,11701.257217,14863.994796,-679.034120,19636.911788,15863.483866,-19293.521355
632,19653.300000,-9468.049483,19095.769936,2952.428571,12336.206631,14156.449359,493.889305,19527.741169,16853.228632,-18838.116276
633,19653.300000,-9737.397848,19193.358971,2279.337551,12950.582567,13408.534856,1665.053560,19316.660160,17703.182649,-18204.178685
634,19653.300000,-10004.343656,19281.666266,1603.524766,13543.360410,12622.384069,2830.287113,19004.770339,18406.295889,-17397.716531
635,19653.300000,-10268.821042,19360.649120,925.797208,14113.551568,11800.238814,3985.439552,18593.699383,18956.736312,-16426.372815
636,19653.300000,-10530.764750,19430.269335,246.964152,14660.205113,10944.443554,5126.396376,18085.592566,19349.938236,-15299.353151
637,19653.300000,-10790.110149,19490.493244,-432.163805,15182.409376,10057.438704,6249.093645,17483.101571,19582.640208,-14027.338525
638,19653.300000,-11046.793250,19541.291724,-1110.775714,15679.293459,9141.753683,7349.532458,16789.370648,19652.912061,-12622.384069
639,19653.300000,-11300.750720,19582.640208,-1788.061241,16150.028693,8199.999691,8423.793196,16008.020205,19560.170916,-11097.804809
640,19653.300000,-11551.919899,19614.518702,-2463.211639,16593.830018,7234.862271,9468.049483,15143.127914,19305.186025,-9468.049483
641,19653.300000,-11800.238814,19636.911788,-3135.420708,17009.957294,6249.093645,10478.581814,14199.207431,18890.072384,-7748.563600
642,19653.300000,-12045.646198,19649.808638,-3803.885760,17397.716531,5245.504867,11451.790804,13181.184841,18318.273194,-5955.643065
643,19653.300000,-12288.081498,19653.203015,-4467.808580,17756.461051,4226.957809,12384.210011,12094.372949,17594.531300,-4106.279735
644,19653.300000,-12527.484898,19647.093277,-5126.396376,18085.592566,3196.356999,13272.518278,10944.443554,16724.849849,-2218.000389
645,19653.300000,-12763.797328,19631.482380,-5778.862724,18384.562171,2156.641336,14113.551568,9737.397848,15716.442499,-308.700619
646,19653.300000,-12996.960483,19606.377871,-6424.428513,18652.871266,1110.775714,14904.314230,8479.535103,14577.673582,1603.524766
647,19653.300000,-13226.916832,19571.791893,-7062.322871,18890.072384,61.742561,15641.989670,7177.419787,13317.988730,3500.553234
648,19653.300000,-13453.609637,19527.741169,-7691.784086,19095.769936,-987.466658,16323.950386,5837.847315,11947.836520,5364.406274
649,19653.300000,-13676.982965,19474.247003,-8312.060517,19269.620875,-2033.859981,16947.767321,4467.808580,10478.581814,7177.419787
650,19653.300000,-13896.981703,19411.335264,-8922.411489,19411.335264,-3074.453472,17511.218522,3074.453472,8922.411489,8922.411489
651,19653.300000,-14113.551568,19339.036376,-9522.108179,19520.676761,-4106.279735,18012.297048,1665.053560,7292.233350,10582.843751
652,19653.300000,-14326.639125,19257.385301,-10110.434489,19597.463014,-5126.396376,18449.218125,246.964152,5601.569071,12142.980334
653,19653.300000,-14536.191799,19166.421526,-10686.687896,19641.565965,-6131.894391,18820.425494,-1172.414101,3864.442030,13588.035517
654,19653.300000,-14742.157885,19066.189039,-11250.180294,19652.912061,-7119.906464,19124.596966,-2585.673819,2095.260998,14904.314230
655,19653.300000,-14944.486564,18956.736312,-11800.238814,19631.482380,-8087.615144,19360.649120,-3985.439552,308.700619,16079.341841
656,19653.300000,-15143.127914,18838.116276,-12336.206631,19577.312661,-9032.260875,19527.741169,-5364.406274,-1480.420307,17101.982386
657,19653.300000,-15338.032925,18710.386294,-12857.443742,19490.493244,-9951.149869,19625.277954,-6715.377504,-3257.261743,17962.544098
658,19653.300000,-15529.153505,18573.608135,-13363.327738,19371.168922,-10841.661789,19652.912061,-8031.302861,-5007.085503,18652.871266
659,19653.300000,-15716.442499,18427.847945,-13853.254540,19219.538694,-11701.257217,19610.545061,-9305.314859,-6715.377504,19166.421526
660,19653.300000,-15899.853696,18273.176210,-14326.639125,19035.855441,-12527.484898,19498.327859,-10530.764750,-8367.968151,19498.327859
661,19653.300000,-16079.341841,18109.667730,-14782.916224,18820.425494,-13317.988730,19316.660160,-11701.257217,-9951.149869,19645.444726
662,19653.300000,-16254.862650,17937.401575,-15221.540993,18573.608135,-14070.514482,19066.189039,-12810.683753,-11451.790804,19606.377871
663,19653.300000,-16426.372815,17756.461051,-15641.989670,18295.814988,-14782.916224,18747.806642,-13853.254540,-12857.443742,19381.497538
664,19653.300000,-16593.830018,17566.933661,-16043.760196,17987.509338,-15453.162443,18362.647005,-14823.528661,-14156.449359,18972.934962
665,19653.300000,-16757.192942,17368.911058,-16426.372815,17649.205355,-16079.341841,17912.082017,-15716.442499,-15338.032925,18384.562171
666,19653.300000,-16916.421279,17162.489003,-16789.370648,17281.467239,-16659.668781,17397.716531,-16527.336159,-16392.393679,17621.955288
667,19653.300000,-17071.475743,16947.767321,-17132.320239,16884.908279,-17192.488380,16821.382650,-17251.977792,-17310.786125,16692.341688
668,19653.300000,-17222.318075,16724.849849,-17454.812069,16460.189829,-17676.281231,16185.133201,-17886.585674,-18085.592566,15604.531502
669,19653.300000,-17368.911058,16493.844388,-17756.461051,16008.020205,-18109.667730,15491.234420,-18427.847945,-18710.386294,14368.834118
670,19653.300000,-17511.218522,16254.862650,-18036.906985,15529.153505,-18491.412016,14742.157885,-18872.939893,-19179.984897,12996.960483
671,19653.300000,-17649.205355,16008.020205,-18295.814988,15024.388349,-18820.425494,13940.571708,-19219.538694,-19490.493244,11501.912111
672,19653.300000,-17782.837510,15753.436424,-18532.875899,14494.566549,-19095.769936,13089.331034,-19465.835538,-19639.335793,9897.857869
673,19653.300000,-17912.082017,15491.234420,-18747.806642,13940.571708,-19316.660160,12191.467873,-19610.545061,-19625.277954,8199.999691
674,19653.300000,-18036.906985,15221.540993,-18940.350567,13363.327738,-19482.466266,11250.180294,-19652.912061,-19448.436332,6424.428513
675,19653.300000,-18157.281616,14944.486564,-19110.277757,12763.797328,-19592.715435,10268.821042,-19592.715435,-19110.277757,4587.971769
676,19653.300000,-18273.176210,14660.205113,-19257.385301,12142.980334,-19647.093277,9250.885590,-19430.269335,-18613.607118,2708.033920
677,19653.300000,-18384.562171,14368.834118,-19381.497538,11501.912111,-19645.444726,8199.999691,-19166.421526,-17962.544098,802.431503
678,19653.300000,-18491.412016,14070.514482,-19482.466266,10841.661789,-19587.774483,7119.906464,-18802.548963,-17162.489003,-1110.775714
679,19653.300000,-18593.699383,13765.390470,-19560.170916,10163.330488,-19474.247003,6014.453060,-18340.550607,-16220.077968,-3013.455892
680,19653.300000,-18691.399032,13453.609637,-19614.518702,9468.049483,-19305.186025,4887.576959,-17782.837510,-15143.127914,-4887.576959
681,19653.300000,-18784.486858,13135.322758,-19645.444726,8756.978315,-19081.073649,3743.291948,-17132.320239,-13940.571708,-6715.377504
682,19653.300000,-18872.939893,12810.683753,-19652.912061,8031.302861,-18802.548963,2585.673819,-16392.393679,-12622.384069,-8479.535103
683,19653.300000,-18956.736312,12479.849616,-19636.911788,7292.233350,-18470.406218,1418.845857,-15566.919323,-11199.498833,-10163.330488
684,19653.300000,-19035.855441,12142.980334,-19597.463014,6541.002354,-18085.592566,246.964152,-14660.205113,-9683.718262,-11750.806004
685,19653.300000,-19110.277757,11800.238814,-19534.612846,5778.862724,-17649.205355,-925.797208,-13676.982965,-8087.615144,-13226.916832
686,19653.300000,-19179.984897,11451.790804,-19448.436332,5007.085503,-17162.489003,-2095.260998,-12622.384069,-6424.428513,-14577.673582
687,19653.300000,-19244.959664,11097.804809,-19339.036376,4226.957809,-16626.831450,-3257.261743,-11501.912111,-4707.953833,-15790.274869
688,19653.300000,-19305.186025,10738.452015,-19206.543613,3439.780685,-16043.760196,-4407.660546,-10321.414555,-2952.428571,-16853.228632
689,19653.300000,-19360.649120,10373.906200,-19051.116253,2646.866931,-15414.937950,-5542.359838,-9087.052122,-1172.414101,-17756.461051
690,19653.300000,-19411.335264,10004.343656,-18872.939893,1849.538914,-14742.157885,-6657.317968,-7805.266639,617.325071,-18491.412016
691,19653.300000,-19457.231952,9629.943101,-18672.227293,1049.126363,-14027.338525,-7748.563600,-6482.747425,2401.943781,-19051.116253
692,19653.300000,-19498.327859,9250.885590,-18449.218125,246.964152,-13272.518278,-8812.209861,-5126.396376,4166.639333,-19430.269335
693,19653.300000,-19534.612846,8867.354433,-18204.178685,-555.609930,-12479.849616,-9844.468180,-3743.291948,5896.774289,-19625.277954
694,19653.300000,-19566.077959,8479.535103,-17937.401575,-1357.257403,-11651.592944,-10841.661789,-2340.652216,7577.997875,-19634.293975
695,19653.300000,-19592.715435,8087.615144,-17649.205355,-2156.641336,-10790.110149,-11800.238814,-925.797208,9196.365019,-19457.231952
696,19653.300000,-19614.518702,7691.784086,-17339.934160,-2952.428571,-9897.857869,-12716.784930,493.889305,10738.452015,-19095.769936
697,19653.300000,-19631.482380,7292.233350,-17009.957294,-3743.291948,-8977.380483,-13588.035517,1910.998333,12191.467873,-18553.333574
698,19653.300000,-19643.602283,6889.156155,-16659.668781,-4527.912519,-8031.302861,-14410.887296,3318.134339,13543.360410,-17835.063641
699,19653.300000,-19650.875421,6482.747425,-16289.486903,-5304.981750,-7062.322871,-15182.409376,4707.953833,14782.916224,-16947.767321
700,19653.300000,-19653.300000,6073.203696,-15899.853696,-6073.203696,-6073.203696,-15899.853696,6073.203696,15899.853696,-15899.853696
701,19653.300000,-19650.875421,5660.723019,-15491.234420,-6831.297170,-5066.765943,-16560.664812,7406.759029,16884.908279,-14701.254047
702,19653.300000,-19643.602283,5245.504867,-15064.117011,-7577.997875,-4045.879609,-17162.489003,8701.660342,17729.909344,-13363.327738
703,19653.300000,-19631.482380,4827.750035,-14619.011490,-8312.060517,-3013.455892,-17703.182649,9951.149869,18427.847945,-11898.754559
704,19653.300000,-19614.518702,4407.660546,-14156.449359,-9032.260875,-1972.438890,-18180.819869,11148.706838,18972.934962,-10321.414555
705,19653.300000,-19592.715435,3985.439552,-13676.982965,-9737.397848,-925.797208,-18593.699383,12288.081498,19360.649120,-8646.256487
706,19653.300000,-19566.077959,3561.291234,-13181.184841,-10426.295459,123.484513,-18940.350567,13363.327738,19587.774483,-6889.156155
707,19653.300000,-19534.612846,3135.420708,-12669.647021,-11097.804809,1172.414101,-19219.538694,14368.834118,19652.427140,-5066.765943
708,19653.300000,-19498.327859,2708.033920,-12142.980334,-11750.806004,2218.000389,-19430.269335,15299.353151,19554.070822,-3196.356999
709,19653.300000,-19457.231952,2279.337551,-11601.813674,-12384.210011,3257.261743,-19571.791893,16150.028693,19293.521355,-1295.655554
710,19653.300000,-19411.335264,1849.538914,-11046.793250,-12996.960483,4287.234566,-19643.602283,16916.421279,18872.939893,617.325071
711,19653.300000,-19360.649120,1418.845857,-10478.581814,-13588.035517,5304.981750,-19645.444726,17594.531300,18295.814988,2524.455187
712,19653.300000,-19305.186025,987.466658,-9897.857869,-14156.449359,6307.601047,-19577.312661,18180.819869,17566.933661,4407.660546
713,19653.300000,-19244.959664,555.609930,-9305.314859,-14701.254047,7292.233350,-19439.448763,18672.227293,16692.341688,6249.093645
714,19653.300000,-19179.984897,123.484513,-8701.660342,-15221.540993,8256.070846,-19232.344087,19066.189039,15679.293459,8031.302861
715,19653.300000,-19110.277757,-308.700619,-8087.615144,-15716.442499,9196.365019,-18956.736312,19360.649120,14536.191799,9737.397848
716,19653.300000,-19035.855441,-740.736467,-7463.912498,-16185.133201,10110.434489,-18613.607118,19554.070822,13272.518278,11351.209612
717,19653.300000,-18956.736312,-1172.414101,-6831.297170,-16626.831450,10995.672663,-18204.178685,19645.444726,11898.754559,12857.443742
718,19653.300000,-18872.939893,-1603.524766,-6190.524567,-17040.800611,11849.555162,-17729.909344,19634.293975,10426.295459,14241.825364
719,19653.300000,-18784.486858,-2033.859981,-5542.359838,-17426.350296,12669.647021,-17192.488380,19520.676761,8867.354433,15491.234420
720,19653.300000,-18691.399032,-2463.211639,-4887.576959,-17782.837510,13453.609637,-16593.830018,19305.186025,7234.862271,16593.830018
721,19653.300000,-18593.699383,-2891.372110,-4226.957809,-18109.667730,14199.207431,-15936.066600,18988.946358,5542.359838,17539.162644
722,19653.300000,-18491.412016,-3318.134339,-3561.291234,-18406.295889,14904.314230,-15221.540993,18573.608135,3803.885760,18318.273194
723,19653.300000,-18384.562171,-3743.291948,-2891.372110,-18672.227293,15566.919323,-14452.798244,18061.338904,2033.859981,18923.777887
724,19653.300000,-18273.176210,-4166.639333,-2218.000389,-18907.018438,16185.133201,-13632.576515,17454.812069,246.964152,19349.938236
725,19653.300000,-18157.281616,-4587.971769,-1541.980146,-19110.277757,16757.192942,-12763.797328,16757.192942,-1541.980146,19592.715435
726,19653.300000,-18036.906985,-5007.085503,-864.118620,-19281.666266,17281.467239,-11849.555162,15972.122222,-3318.134339,19649.808638
727,19653.300000,-17912.082017,-5423.777855,-185.225247,-19420.898138,17756.461051,-10893.106427,15103.696996,-5066.765943,19520.676761
728,19653.300000,-17782.837510,-5837.847315,493.889305,-19527.741169,18180.819869,-9897.857869,14156.449359,-6773.370762,19206.543613
729,19653.300000,-17649.205355,-6249.093645,1172.414101,-19602.017175,18553.333574,-8867.354433,13135.322758,-8423.793196,18710.386294
730,19653.300000,-17511.218522,-6657.317968,1849.538914,-19643.602283,18872.939893,-7805.266639,12045.646198,-10004.343656,18036.906985
731,19653.300000,-17368.911058,-7062.322871,2524.455187,-19652.427140,19138.727423,-6715.377504,10893.106427,-11501.912111,17192.488380
732,19653.300000,-17222.318075,-7463.912498,3196.356999,-19628.477029,19349.938236,-5601.569071,9683.718262,-12904.076834,16185.133201
733,19653.300000,-17071.475743,-7861.892643,3864.442030,-19571.791893,19505.970034,-4467.808580,8423.793196,-14199.207431,15024.388349
734,19653.300000,-16916.421279,-8256.070846,4527.912519,-19482.466266,19606.377871,-3318.134339,7119.906464,-15376.561318,13721.254429
735,19653.300000,-16757.192942,-8646.256487,5185.976213,-19360.649120,19650.875421,-2156.641336,5778.862724,-16426.372815,12288.081498
736,19653.300000,-16593.830018,-9032.260875,5837.847315,-19206.543613,19639.335793,-987.466658,4407.660546,-17339.934160,10738.452015
737,19653.300000,-16426.372815,-9413.897341,6482.747425,-19020.406752,19571.791893,185.225247,3013.455892,-18109.667730,9087.052122
738,19653.300000,-16254.862650,-9790.981331,7119.906464,-18802.548963,19448.436332,1357.257403,1603.524766,-18729.188893,7349.532458
739,19653.300000,-16079.341841,-10163.330488,7748.563600,-18553.333574,19269.620875,2524.455187,185.225247,-19193.358971,5542.359838
740,19653.300000,-15899.853696,-10530.764750,8367.968151,-18273.176210,19035.855441,3682.661190,-1234.040917,-19498.327859,3682.661190
741,19653.300000,-15716.442499,-10893.106427,8977.380483,-17962.544098,18747.806642,4827.750035,-2646.866931,-19641.565965,1788.061241
742,19653.300000,-15529.153505,-11250.180294,9576.072896,-17621.955288,18406.295889,5955.643065,-4045.879609,-19621.885185,-123.484513
743,19653.300000,-15338.032925,-11601.813674,10163.330488,-17251.977792,18012.297048,7062.322871,-5423.777855,-19439.448763,-2033.859981
744,19653.300000,-15143.127914,-11947.836520,10738.452015,-16853.228632,17566.933661,8143.847606,-6773.370762,-19095.769936,-3924.960160
745,19653.300000,-14944.486564,-12288.081498,11300.750720,-16426.372815,17071.475743,9196.365019,-8087.615144,-18593.699383,-5778.862724
746,19653.300000,-14742.157885,-12622.384069,11849.555162,-15972.122222,16527.336159,10216.126180,-9359.652288,-17937.401575,-7577.997875
747,19653.300000,-14536.191799,-12950.582567,12384.210011,-15491.234420,15936.066600,11199.498833,-10582.843751,-17132.320239,-9305.314859
748,19653.300000,-14326.639125,-13272.518278,12904.076834,-14984.511402,15299.353151,12142.980334,-11750.806004,-16185.133201,-10944.443554
749,19653.300000,-14113.551568,-13588.035517,13408.534856,-14452.798244,14619.011490,13043.210124,-12857.443742,-15103.696996,-12479.849616
750,19653.300000,-13896.981703,-13896.981703,13896.981703,-13896.981703,13896.981703,13896.981703,-13896.981703,-13896.981703,-13896.981703
751,19653.300000,-13676.982965,-14199.207431,14368.834118,-13317.988730,13135.322758,14701.254047,-14863.994796,-12574.996538,-15182.409376
752,19653.300000,-13453.609637,-14494.566549,14823.528661,-12716.784930,12336.206631,15453.162443,-15753.436424,-11148.706838,-16323.950386
753,19653.300000,-13226.916832,-14782.916224,15260.522380,-12094.372949,11501.912111,16150.028693,-16560.664812,-9629.943101,-17310.786125
754,19653.300000,-12996.960483,-15064.117011,15679.293459,-11451.790804,10634.818304,16789.370648,-17281.467239,-8031.302861,-18133.564158
755,19653.300000,-12763.797328,-15338.032925,16079.341841,-10790.110149,9737.397848,17368.911058,-17912.082017,-6366.046195,-18784.486858
756,19653.300000,-12527.484898,-15604.531502,16460.189829,-10110.434489,8812.209861,17886.585674,-18449.218125,-4647.985738,-19257.385301
757,19653.300000,-12288.081498,-15863.483866,16821.382650,-9413.897341,7861.892643,18340.550607,-18890.072384,-2891.372110,-19547.777737
758,19653.300000,-12045.646198,-16114.764790,17162.489003,-8701.660342,6889.156155,18729.188893,-19232.344087,-1110.775714,-19652.912061
759,19653.300000,-11800.238814,-16358.252757,17483.101571,-7974.911311,5896.774289,19051.116253,-19474.247003,679.034120,-19571.791893
760,19653.300000,-11551.919899,-16593.830018,17782.837510,-7234.862271,4887.576959,19305.186025,-19614.518702,2463.211639,-19305.186025
761,19653.300000,-11300.750720,-16821.382650,18061.338904,-6482.747425,3864.442030,19490.493244,-19652.427140,4226.957809,-18855.621133
762,19653.300000,-11046.793250,-17040.800611,18318.273194,-5719.821098,2830.287113,19606.377871,-19587.774483,5955.643065,-18227.357832
763,19653.300000,-10790.110149,-17251.977792,18553.333574,-4947.355645,1788.061241,19652.427140,-19420.898138,7634.928658,-17426.350296
764,19653.300000,-10530.764750,-17454.812069,18766.239357,-4166.639333,740.736467,19628.477029,-19152.668989,9250.885590,-16460.189829
765,19653.300000,-10268.821042,-17649.205355,18956.736312,-3378.974187,-308.700619,19534.612846,-18784.486858,10790.110149,-15338.032925
766,19653.300000,-10004.343656,-17835.063641,19124.596966,-2585.673819,-1357.257403,19371.168922,-18318.273194,12239.835086,-14070.514482
767,19653.300000,-9737.397848,-18012.297048,19269.620875,-1788.061241,-2401.943781,19138.727423,-17756.461051,13588.035517,-12669.647021
768,19653.300000,-9468.049483,-18180.819869,19391.634867,-987.466658,-3439.780685,18838.116276,-17101.982386,14823.528661,-11148.706838
769,19653.300000,-9196.365019,-18340.550607,19490.493244,-185.225247,-4467.808580,18470.406218,-16358.252757,15936.066600,-9522.108179
770,19653.300000,-8922.411489,-18491.412016,19566.077959,617.325071,-5483.095904,18036.906985,-15529.153505,16916.421279,-7805.266639
771,19653.300000,-8646.256487,-18633.331144,19618.298756,1418.845857,-6482.747425,17539.162644,-14619.011490,17756.461051,-6014.453060
772,19653.300000,-8367.968151,-18766.239357,19647.093277,2218.000389,-7463.912498,16978.946095,-13632.576515,18449.218125,-4166.639333
773,19653.300000,-8087.615144,-18890.072384,19652.427140,3013.455892,-8423.793196,16358.252757,-12574.996538,18988.946358,-2279.337551
774,19653.300000,-7805.266639,-19004.770339,19634.293975,3803.885760,-9359.652288,15679.293459,-11451.790804,19371.168922,-370.434040
775,19653.300000,-7520.992301,-19110.277757,19592.715435,4587.971769,-10268.821042,14944.486564,-10268.821042,19592.715435,1541.980146
776,19653.300000,-7234.862271,-19206.543613,19527.741169,5364.406274,-11148.706838,14156.449359,-9032.260875,19651.748258,3439.780685
777,19653.300000,-6946.947147,-19293.521355,19439.448763,6131.894391,-11996.800560,13317.988730,-7748.563600,19547.777737,5304.981750
778,19653.300000,-6657.317968,-19371.168922,19327.943647,6889.156155,-12810.683753,12432.091163,-6424.428513,19281.666266,7119.906464
779,19653.300000,-6366.046195,-19439.448763,19193.358971,7634.928658,-13588.035517,11501.912111,-5066.765943,18855.621133,8867.354433
780,19653.300000,-6073.203696,-19498.327859,19035.855441,8367.968151,-14326.639125,10530.764750,-3682.661190,18273.176210,10530.764750
781,19653.300000,-5778.862724,-19547.777737,18855.621133,9087.052122,-15024.388349,9522.108179,-2279.337551,17539.162644,12094.372949
782,19653.300000,-5483.095904,-19587.774483,18652.871266,9790.981331,-15679.293459,8479.535103,-864.118620,16659.668781,13543.360410
783,19653.300000,-5185.976213,-19618.298756,18427.847945,10478.581814,-16289.486903,7406.759029,555.609930,15641.989670,14863.994796
784,19653.300000,-4887.576959,-19639.335793,18180.819869,11148.706838,-16853.228632,6307.601047,1972.438890,14494.566549,16043.760196
785,19653.300000,-4587.971769,-19650.875421,17912.082017,11800.238814,-17368.911058,5185.976213,3378.974187,13226.916832,17071.475743
786,19653.300000,-4287.234566,-19652.912061,17621.955288,12432.091163,-17835.063641,4045.879609,4767.875463,11849.555162,17937.401575
787,19653.300000,-3985.439552,-19645.444726,17310.786125,13043.210124,-18250.357083,2891.372110,6131.894391,10373.906200,18633.331144
788,19653.300000,-3682.661190,-19628.477029,16978.946095,13632.576515,-18613.607118,1726.565921,7463.912498,8812.209861,19152.668989
789,19653.300000,-3378.974187,-19602.017175,16626.831450,14199.207431,-18923.777887,555.609930,8756.978315,7177.419787,19490.493244
790,19653.300000,-3074.453472,-19566.077959,16254.862650,14742.157885,-19179.984897,-617.325071,10004.343656,5483.095904,19643.602283
791,19653.300000,-2769.174182,-19520.676761,15863.483866,15260.522380,-19381.497538,-1788.061241,11199.498833,3743.291948,19610.545061
792,19653.300000,-2463.211639,-19465.835538,15453.162443,15753.436424,-19527.741169,-2952.428571,12336.206631,1972.438890,19391.634867
793,19653.300000,-2156.641336,-19401.580809,15024.388349,16220.077968,-19618.298756,-4106.279735,13408.534856,185.225247,18988.946358
794,19653.300000,-1849.538914,-19327.943647,14577.673582,16659.668781,-19652.912061,-5245.504867,14410.887296,-1603.524766,18406.295889
795,19653.300000,-1541.980146,-19244.959664,14113.551568,17071.475743,-19631.482380,-6366.046195,15338.032925,-3378.974187,17649.205355
796,19653.300000,-1234.040917,-19152.668989,13632.576515,17454.812069,-19554.070822,-7463.912498,16185.133201,-5126.396376,16724.849849
797,19653.300000,-925.797208,-19051.116253,13135.322758,17809.038460,-19420.898138,-8535.193319,16947.767321,-6831.297170,15641.989670
798,19653.300000,-617.325071,-18940.350567,12622.384069,18133.564158,-19232.344087,-9576.072896,17621.955288,-8479.535103,14410.887296
799,19653.300000,-308.700619,-18820.425494,12094.372949,18427.847945,-18988.946358,-10582.843751,18204.178685,-10057.438704,13043.210124
800,19653.300000,0.000000,-18691.399032,11551.919899,18691.399032,-18691.399032,-11551.919899,18691.399032,-11551.919899,11551.919899
801,19653.300000,308.700619,-18553.333574,10995.672663,18923.777887,-18340.550607,-12479.849616,19081.073649,-12950.582567,9951.149869
802,19653.300000,617.325071,-18406.295889,10426.295459,19124.596966,-17937.401575,-13363.327738,19371.168922,-14241.825364,8256.070846
803,19653.300000,925.797208,-18250.357083,9844.468180,19293.521355,-17483.101571,-14199.207431,19560.170916,-15414.937950,6482.747425
804,19653.300000,1234.040917,-18085.592566,9250.885590,19430.269335,-16978.946095,-14984.511402,19647.093277,-16460.189829,4647.985738
805,19653.300000,1541.980146,-17912.082017,8646.256487,19534.612846,-16426.372815,-15716.442499,19631.482380,-17368.911058,2769.174182
806,19653.300000,1849.538914,-17729.909344,8031.302861,19606.377871,-15826.957470,-16392.393679,19513.419692,-18133.564158,864.118620
807,19653.300000,2156.641336,-17539.162644,7406.759029,19645.444726,-15182.409376,-17009.957294,19293.521355,-18747.806642,-1049.126363
808,19653.300000,2463.211639,-17339.934160,6773.370762,19651.748258,-14494.566549,-17566.933661,18972.934962,-19206.543613,-2952.428571
809,19653.300000,2769.174182,-17132.320239,6131.894391,19625.277954,-13765.390470,-18061.338904,18553.333574,-19505.970034,-4827.750035
810,19653.300000,3074.453472,-16916.421279,5483.095904,19566.077959,-12996.960483,-18491.412016,18036.906985,-19643.602283,-6657.317968
811,19653.300000,3378.974187,-16692.341688,4827.750035,19474.247003,-12191.467873,-18855.621133,17426.350296,-19618.298756,-8423.793196
812,19653.300000,3682.661190,-16460.189829,4166.639333,19349.938236,-11351.209612,-19152.668989,16724.849849,-19430.269335,-10110.434489
813,19653.300000,3985.439552,-16220.077968,3500.553234,19193.358971,-10478.581814,-19381.497538,15936.066600,-19081.073649,-11701.257217
814,19653.300000,4287.234566,-15972.122222,2830.287113,19004.770339,-9576.072896,-19541.291724,15064.117011,-18573.608135,-13181.184841
815,19653.300000,4587.971769,-15716.442499,2156.641336,18784.486858,-8646.256487,-19631.482380,14113.551568,-17912.082017,-14536.191799
816,19653.300000,4887.576959,-15453.162443,1480.420307,18532.875899,-7691.784086,-19651.748258,13089.331034,-17101.982386,-15753.436424
817,19653.300000,5185.976213,-15182.409376,802.431503,18250.357083,-6715.377504,-19602.017175,11996.800560,-16150.028693,-16821.382650
818,19653.300000,5483.095904,-14904.314230,123.484513,17937.401575,-5719.821098,-19482.466266,10841.661789,-15064.117011,-17729.909344
819,19653.300000,5778.862724,-14619.011490,-555.609930,17594.531300,-4707.953833,-19293.521355,9629.943101,-13853.254540,-18470.406218
820,19653.300000,6073.203696,-14326.639125,-1234.040917,17222.318075,-3682.661190,-19035.855441,8367.968151,-12527.484898,-19035.855441
821,19653.300000,6366.046195,-14027.338525,-1910.998333,16821.382650,-2646.866931,-18710.386294,7062.322871,-11097.804809,-19420.898138
822,19653.300000,6657.317968,-13721.254429,-2585.673819,16392.393679,-1603.524766,-18318.273194,5719.821098,-9576.072896,-19621.885185
823,19653.300000,6946.947147,-13408.534856,-3257.261743,15936.066600,-555.609930,-17860.912797,4347.469010,-7974.911311,-19636.911788
824,19653.300000,7234.862271,-13089.331034,-3924.960160,15453.162443,493.889305,-17339.934160,2952.428571,-6307.601047,-19465.835538
825,19653.300000,7520.992301,-12763.797328,-4587.971769,14944.486564,1541.980146,-16757.192942,1541.980146,-4587.971769,-19110.277757
826,19653.300000,7805.266639,-12432.091163,-5245.504867,14410.887296,2585.673819,-16114.764790,123.484513,-2830.287113,-18573.608135
827,19653.300000,8087.615144,-12094.372949,-5896.774289,13853.254540,3621.994086,-15414.937950,-1295.655554,-1049.126363,-17860.912797
828,19653.300000,8367.968151,-11750.806004,-6541.002354,13272.518278,4647.985738,-14660.205113,-2708.033920,740.736467,-16978.946095
829,19653.300000,8646.256487,-11401.556472,-7177.419787,12669.647021,5660.723019,-13853.254540,-4106.279735,2524.455187,-15936.066600
830,19653.300000,8922.411489,-11046.793250,-7805.266639,12045.646198,6657.317968,-12996.960483,-5483.095904,4287.234566,-14742.157885
831,19653.300000,9196.365019,-10686.687896,-8423.793196,11401.556472,7634.928658,-12094.372949,-6831.297170,6014.453060,-13408.534856
832,19653.300000,9468.049483,-10321.414555,-9032.260875,10738.452015,8590.767297,-11148.706838,-8143.847606,7691.784086,-11947.836520
833,19653.300000,9737.397848,-9951.149869,-9629.943101,10057.438704,9522.108179,-10163.330488,-9413.897341,9305.314859,-10373.906200
834,19653.300000,10004.343656,-9576.072896,-10216.126180,9359.652288,10426.295459,-9141.753683,-10634.818304,10841.661789,-8701.660342
835,19653.300000,10268.821042,-9196.365019,-10790.110149,8646.256487,11300.750720,-8087.615144,-11800.238814,12288.081498,-6946.947147
836,19653.300000,10530.764750,-8812.209861,-11351.209612,7918.441053,12142.980334,-7004.669576,-12904.076834,13632.576515,-5126.396376
837,19653.300000,10790.110149,-8423.793196,-11898.754559,7177.419787,12950.582567,-5896.774289,-13940.571708,14863.994796,-3257.261743
838,19653.300000,11046.793250,-8031.302861,-12432.091163,6424.428513,13721.254429,-4767.875463,-14904.314230,15972.122222,-1357.257403
839,19653.300000,11300.750720,-7634.928658,-12950.582567,5660.723019,14452.798244,-3621.994086,-15790.274869,16947.767321,555.609930
840,19653.300000,11551.919899,-7234.862271,-13453.609637,4887.576959,15143.127914,-2463.211639,-16593.830018,17782.837510,2463.211639
841,19653.300000,11800.238814,-6831.297170,-13940.571708,4106.279735,15790.274869,-1295.655554,-17310.786125,18470.406218,4347.469010
842,19653.300000,12045.646198,-6424.428513,-14410.887296,3318.134339,16392.393679,-123.484513,-17937.401575,19004.770339,6190.524567
843,19653.300000,12288.081498,-6014.453060,-14863.994796,2524.455187,16947.767321,1049.126363,-18470.406218,19381.497538,7974.911311
844,19653.300000,12527.484898,-5601.569071,-15299.353151,1726.565921,17454.812069,2218.000389,-18907.018438,19597.463014,9683.718262
845,19653.300000,12763.797328,-5185.976213,-15716.442499,925.797208,17912.082017,3378.974187,-19244.959664,19650.875421,11300.750720
846,19653.300000,12996.960483,-4767.875463,-16114.764790,123.484513,18318.273194,4527.912519,-19482.466266,19541.291724,12810.683753
847,19653.300000,13226.916832,-4347.469010,-16493.844388,-679.034120,18672.227293,5660.723019,-19618.298756,19269.620875,14199.207431
848,19653.300000,13453.609637,-3924.960160,-16853.228632,-1480.420307,18972.934962,6773.370762,-19651.748258,18838.116276,15453.162443
849,19653.300000,13676.982965,-3500.553234,-17192.488380,-2279.337551,19219.538694,7861.892643,-19582.640208,18250.357083,16560.664812
850,19653.300000,13896.981703,-3074.453472,-17511.218522,-3074.453472,19411.335264,8922.411489,-19411.335264,17511.218522,17511.218522
851,19653.300000,14113.551568,-2646.866931,-17809.038460,-3864.442030,19547.777737,9951.149869,-19138.727423,16626.831450,18295.814988
852,19653.300000,14326.639125,-2218.000389,-18085.592566,-4647.985738,19628.477029,10944.443554,-18766.239357,15604.531502,18907.018438
853,19653.300000,14536.191799,-1788.061241,-18340.550607,-5423.777855,19653.203015,11898.754559,-18295.814988,14452.798244,19339.036376
854,19653.300000,14742.157885,-1357.257403,-18573.608135,-6190.524567,19621.885185,12810.683753,-17729.909344,13181.184841,19587.774483
855,19653.300000,14944.486564,-925.797208,-18784.486858,-6946.947147,19534.612846,13676.982965,-17071.475743,11800.238814,19650.875421
856,19653.300000,15143.127914,-493.889305,-18972.934962,-7691.784086,19391.634867,14494.566549,-16323.950386,10321.414555,19527.741169
857,19653.300000,15338.032925,-61.742561,-19138.727423,-8423.793196,19193.358971,15260.522380,-15491.234420,8756.978315,19219.538694
858,19653.300000,15529.153505,370.434040,-19281.666266,-9141.753683,18940.350567,15972.122222,-14577.673582,7119.906464,18729.188893
859,19653.300000,15716.442499,802.431503,-19401.580809,-9844.468180,18633.331144,16626.831450,-13588.035517,5423.777855,18061.338904
860,19653.300000,15899.853696,1234.040917,-19498.327859,-10530.764750,18273.176210,17222.318075,-12527.484898,3682.661190,17222.318075
861,19653.300000,16079.341841,1665.053560,-19571.791893,-11199.498833,17860.912797,17756.461051,-11401.556472,1910.998333,16220.077968
862,19653.300000,16254.862650,2095.260998,-19621.885185,-11849.555162,17397.716531,18227.357832,-10216.126180,123.484513,15064.117011
863,19653.300000,16426.372815,2524.455187,-19648.547919,-12479.849616,16884.908279,18633.331144,-8977.380483,-1665.053560,13765.390470
864,19653.300000,16593.830018,2952.428571,-19651.748258,-13089.331034,16323.950386,18972.934962,-7691.784086,-3439.780685,12336.206631
865,19653.300000,16757.192942,3378.974187,-19631.482380,-13676.982965,15716.442499,19244.959664,-6366.046195,-5185.976213,10790.110149
866,19653.300000,16916.421279,3803.885760,-19587.774483,-14241.825364,15064.117011,19448.436332,-5007.085503,-6889.156155,9141.753683
867,19653.300000,17071.475743,4226.957809,-19520.676761,-14782.916224,14368.834118,19582.640208,-3621.994086,-8535.193319,7406.759029
868,19653.300000,17222.318075,4647.985738,-19430.269335,-15299.353151,13632.576515,19647.093277,-2218.000389,-10110.434489,5601.569071
869,19653.300000,17368.911058,5066.765943,-19316.660160,-15790.274869,12857.443742,19641.565965,-802.431503,-11601.813674,3743.291948
870,19653.300000,17511.218522,5483.095904,-19179.984897,-16254.862650,12045.646198,19566.077959,617.325071,-12996.960483,1849.538914
871,19653.300000,17649.205355,5896.774289,-19020.406752,-16692.341688,11199.498833,19420.898138,2033.859981,-14284.302735,-61.742561
872,19653.300000,17782.837510,6307.601047,-18838.116276,-17101.982386,10321.414555,19206.543613,3439.780685,-15453.162443,-1972.438890
873,19653.300000,17912.082017,6715.377504,-18633.331144,-17483.101571,9413.897341,18923.777887,4827.750035,-16493.844388,-3864.442030
874,19653.300000,18036.906985,7119.906464,-18406.295889,-17835.063641,8479.535103,18573.608135,6190.524567,-17397.716531,-5719.821098
875,19653.300000,18157.281616,7520.992301,-18157.281616,-18157.281616,7520.992301,18157.281616,7520.992301,-18157.281616,-7520.992301
876,19653.300000,18273.176210,7918.441053,-17886.585674,-18449.218125,6541.002354,17676.281231,8812.209861,-18766.239357,-9250.885590
877,19653.300000,18384.562171,8312.060517,-17594.531300,-18710.386294,5542.359838,17132.320239,10057.438704,-19219.538694,-10893.106427
878,19653.300000,18491.412016,8701.660342,-17281.467239,-18940.350567,4527.912519,16527.336159,11250.180294,-19513.419692,-12432.091163
879,19653.300000,18593.699383,9087.052122,-16947.767321,-19138.727423,3500.553234,15863.483866,12384.210011,-19645.444726,-13853.254540
880,19653.300000,18691.399032,9468.049483,-16593.830018,-19305.186025,2463.211639,15143.127914,13453.609637,-19614.518702,-15143.127914
881,19653.300000,18784.486858,9844.468180,-16220.077968,-19439.448763,1418.845857,14368.834118,14452.798244,-19420.898138,-16289.486903
882,19653.300000,18872.939893,10216.126180,-15826.957470,-19541.291724,370.434040,13543.360410,15376.561318,-19066.189039,-17281.467239
883,19653.300000,18956.736312,10582.843751,-15414.937950,-19610.545061,-679.034120,12669.647021,16220.077968,-18553.333574,-18109.667730
884,19653.300000,19035.855441,10944.443554,-14984.511402,-19647.093277,-1726.565921,11750.806004,16978.946095,-17886.585674,-18766.239357
885,19653.300000,19110.277757,11300.750720,-14536.191799,-19650.875421,-2769.174182,10790.110149,17649.205355,-17071.475743,-19244.959664
886,19653.300000,19179.984897,11651.592944,-14070.514482,-19621.885185,-3803.885760,9790.981331,18227.357832,-16114.764790,-19541.291724
887,19653.300000,19244.959664,11996.800560,-13588.035517,-19560.170916,-4827.750035,8756.978315,18710.386294,-15024.388349,-19652.427140
888,19653.300000,19305.186025,12336.206631,-13089.331034,-19465.835538,-5837.847315,7691.784086,19095.769936,-13809.390651,-19577.312661
889,19653.300000,19360.649120,12669.647021,-12574.996538,-19339.036376,-6831.297170,6599.192727,19381.497538,-12479.849616,-19316.660160
890,19653.300000,19411.335264,12996.960483,-12045.646198,-19179.984897,-7805.266639,5483.095904,19566.077959,-11046.793250,-18872.939893
891,19653.300000,19457.231952,13317.988730,-11501.912111,-18988.946358,-8756.978315,4347.469010,19648.547919,-9522.108179,-18250.357083
892,19653.300000,19498.327859,13632.576515,-10944.443554,-18766.239357,-9683.718262,3196.356999,19628.477029,-7918.441053,-17454.812069
893,19653.300000,19534.612846,13940.571708,-10373.906200,-18512.235312,-10582.843751,2033.859981,19505.970034,-6249.093645,-16493.844388
894,19653.300000,19566.077959,14241.825364,-9790.981331,-18227.357832,-11451.790804,864.118620,19281.666266,-4527.912519,-15376.561318
895,19653.300000,19592.715435,14536.191799,-9196.365019,-17912.082017,-12288.081498,-308.700619,18956.736312,-2769.174182,-14113.551568
896,19653.300000,19614.518702,14823.528661,-8590.767297,-17566.933661,-13089.331034,-1480.420307,18532.875899,-987.466658,-12716.784930
897,19653.300000,19631.482380,15103.696996,-7974.911311,-17192.488380,-13853.254540,-2646.866931,18012.297048,802.431503,-11199.498833
898,19653.300000,19643.602283,15376.561318,-7349.532458,-16789.370648,-14577.673582,-3803.885760,17397.716531,2585.673819,-9576.072896
899,19653.300000,19650.875421,15641.989670,-6715.377504,-16358.252757,-15260.522380,-4947.355645,16692.341688,4347.469010,-7861.892643
900,19653.300000,19653.300000,15899.853696,-6073.203696,-15899.853696,-15899.853696,-6073.203696,15899.853696,6073.203696,-6073.203696
901,19653.300000,19650.875421,16150.028693,-5423.777855,-15414.937950,-16493.844388,-7177.419787,15024.388349,7748.563600,-4226.957809
902,19653.300000,19643.602283,16392.393679,-4767.875463,-14904.314230,-17040.800611,-8256.070846,14070.514482,9359.652288,-2340.652216
903,19653.300000,19631.482380,16626.831450,-4106.279735,-14368.834118,-17539.162644,-9305.314859,13043.210124,10893.106427,-432.163805
904,19653.300000,19614.518702,16853.228632,-3439.780685,-13809.390651,-17987.509338,-10321.414555,11947.836520,12336.206631,1480.420307
905,19653.300000,19592.715435,17071.475743,-2769.174182,-13226.916832,-18384.562171,-11300.750720,10790.110149,13676.982965,3378.974187
906,19653.300000,19566.077959,17281.467239,-2095.260998,-12622.384069,-18729.188893,-12239.835086,9576.072896,14904.314230,5245.504867
907,19653.300000,19534.612846,17483.101571,-1418.845857,-11996.800560,-19020.406752,-13135.322758,8312.060517,16008.020205,7062.322871
908,19653.300000,19498.327859,17676.281231,-740.736467,-11351.209612,-19257.385301,-13984.024125,7004.669576,16978.946095,8812.209861
909,19653.300000,19457.231952,17860.912797,-61.742561,-10686.687896,-19439.448763,-14782.916224,5660.723019,17809.038460,10478.581814
910,19653.300000,19411.335264,18036.906985,617.325071,-10004.343656,-19566.077959,-15529.153505,4287.234566,18491.412016,12045.646198
911,19653.300000,19360.649120,18204.178685,1295.655554,-9305.314859,-19636.911788,-16220.077968,2891.372110,19020.406752,13498.551636
912,19653.300000,19305.186025,18362.647005,1972.438890,-8590.767297,-19651.748258,-16853.228632,1480.420307,19391.634867,14823.528661
913,19653.300000,19244.959664,18512.235312,2646.866931,-7861.892643,-19610.545061,-17426.350296,61.742561,19602.017175,16008.020205
914,19653.300000,19179.984897,18652.871266,3318.134339,-7119.906464,-19513.419692,-17937.401575,-1357.257403,19649.808638,17040.800611
915,19653.300000,19110.277757,18784.486858,3985.439552,-6366.046195,-19360.649120,-18384.562171,-2769.174182,19534.612846,17912.082017
916,19653.300000,19035.855441,18907.018438,4647.985738,-5601.569071,-19152.668989,-18766.239357,-4166.639333,19257.385301,18613.607118
917,19653.300000,18956.736312,19020.406752,5304.981750,-4827.750035,-18890.072384,-19081.073649,-5542.359838,18820.425494,19138.727423
918,19653.300000,18872.939893,19124.596966,5955.643065,-4045.879609,-18573.608135,-19327.943647,-6889.156155,18227.357832,19482.466266
919,19653.300000,18784.486858,19219.538694,6599.192727,-3257.261743,-18204.178685,-19505.970034,-8199.999691,17483.101571,19641.565965
920,19653.300000,18691.399032,19305.186025,7234.862271,-2463.211639,-17782.837510,-19614.518702,-9468.049483,16593.830018,19614.518702
921,19653.300000,18593.699383,19381.497538,7861.892643,-1665.053560,-17310.786125,-19653.203015,-10686.687896,15566.919323,19401.580809
922,19653.300000,18491.412016,19448.436332,8479.535103,-864.118620,-16789.370648,-19621.885185,-11849.555162,14410.887296,19004.770339
923,19653.300000,18384.562171,19505.970034,9087.052122,-61.742561,-16220.077968,-19520.676761,-12950.582567,13135.322758,18427.847945
924,19653.300000,18273.176210,19554.070822,9683.718262,740.736467,-15604.531502,-19349.938236,-13984.024125,11750.806004,17676.281231
925,19653.300000,18157.281616,19592.715435,10268.821042,1541.980146,-14944.486564,-19110.277757,-14944.486564,10268.821042,16757.192942
926,19653.300000,18036.906985,19621.885185,10841.661789,2340.652216,-14241.825364,-18802.548963,-15826.957470,8701.660342,15679.293459
927,19653.300000,17912.082017,19641.565965,11401.556472,3135.420708,-13498.551636,-18427.847945,-16626.831450,7062.322871,14452.798244
928,19653.300000,17782.837510,19651.748258,11947.836520,3924.960160,-12716.784930,-17987.509338,-17339.934160,5364.406274,13089.331034
929,19653.300000,17649.205355,19652.427140,12479.849616,4707.953833,-11898.754559,-17483.101571,-17962.544098,3621.994086,11601.813674
930,19653.300000,17511.218522,19643.602283,12996.960483,5483.095904,-11046.793250,-16916.421279,-18491.412016,1849.538914,10004.343656
931,19653.300000,17368.911058,19625.277954,13498.551636,6249.093645,-10163.330488,-16289.486903,-18923.777887,61.742561,8312.060517
932,19653.300000,17222.318075,19597.463014,13984.024125,7004.669576,-9250.885590,-15604.531502,-19257.385301,-1726.565921,6541.002354
933,19653.300000,17071.475743,19560.170916,14452.798244,7748.563600,-8312.060517,-14863.994796,-19490.493244,-3500.553234,4707.953833
934,19653.300000,16916.421279,19513.419692,14904.314230,8479.535103,-7349.532458,-14070.514482,-19621.885185,-5245.504867,2830.287113
935,19653.300000,16757.192942,19457.231952,15338.032925,9196.365019,-6366.046195,-13226.916832,-19650.875421,-6946.947147,925.797208
936,19653.300000,16593.830018,19391.634867,15753.436424,9897.857869,-5364.406274,-12336.206631,-19577.312661,-8590.767297,-987.466658
937,19653.300000,16426.372815,19316.660160,16150.028693,10582.843751,-4347.469010,-11401.556472,-19401.580809,-10163.330488,-2891.372110
938,19653.300000,16254.862650,19232.344087,16527.336159,11250.180294,-3318.134339,-10426.295459,-19124.596966,-11651.592944,-4767.875463
939,19653.300000,16079.341841,19138.727423,16884.908279,11898.754559,-2279.337551,-9413.897341,-18747.806642,-13043.210124,-6599.192727
940,19653.300000,15899.853696,19035.855441,17222.318075,12527.484898,-1234.040917,-8367.968151,-18273.176210,-14326.639125,-8367.968151
941,19653.300000,15716.442499,18923.777887,17539.162644,13135.322758,-185.225247,-7292.233350,-17703.182649,-15491.234420,-10057.438704
942,19653.300000,15529.153505,18802.548963,17835.063641,13721.254429,864.118620,-6190.524567,-17040.800611,-16527.336159,-11651.592944
943,19653.300000,15338.032925,18672.227293,18109.667730,14284.302735,1910.998333,-5066.765943,-16289.486903,-17426.350296,-13135.322758
944,19653.300000,15143.127914,18532.875899,18362.647005,14823.528661,2952.428571,-3924.960160,-15453.162443,-18180.819869,-14494.566549
945,19653.300000,14944.486564,18384.562171,18593.699383,15338.032925,3985.439552,-2769.174182,-14536.191799,-18784.486858,-15716.442499
946,19653.300000,14742.157885,18227.357832,18802.548963,15826.957470,5007.085503,-1603.524766,-13543.360410,-19232.344087,-16789.370648
947,19653.300000,14536.191799,18061.338904,18988.946358,16289.486903,6014.453060,-432.163805,-12479.849616,-19520.676761,-17703.182649
948,19653.300000,14326.639125,17886.585674,19152.668989,16724.849849,7004.669576,740.736467,-11351.209612,-19647.093277,-18449.218125
949,19653.300000,14113.551568,17703.182649,19293.521355,17132.320239,7974.911311,1910.998333,-10163.330488,-19610.545061,-19020.406752
950,19653.300000,13896.981703,17511.218522,19411.335264,17511.218522,8922.411489,3074.453472,-8922.411489,-19411.335264,-19411.335264
951,19653.300000,13676.982965,17310.786125,19505.970034,17860.912797,9844.468180,4226.957809,-7634.928658,-19051.116253,-19618.298756
952,19653.300000,13453.609637,17101.982386,19577.312661,18180.819869,10738.452015,5364.406274,-6307.601047,-18532.875899,-19639.335793
953,19653.300000,13226.916832,16884.908279,19625.277954,18470.406218,11601.813674,6482.747425,-4947.355645,-17860.912797,-19474.247003
954,19653.300000,12996.960483,16659.668781,19649.808638,18729.188893,12432.091163,7577.997875,-3561.291234,-17040.800611,-19124.596966
955,19653.300000,12763.797328,16426.372815,19650.875421,18956.736312,13226.916832,8646.256487,-2156.641336,-16079.341841,-18593.699383
956,19653.300000,12527.484898,16185.133201,19628.477029,19152.668989,13984.024125,9683.718262,-740.736467,-14984.511402,-17886.585674
957,19653.300000,12288.081498,15936.066600,19582.640208,19316.660160,14701.254047,10686.687896,679.034120,-13765.390470,-17009.957294
958,19653.300000,12045.646198,15679.293459,19513.419692,19448.436332,15376.561318,11651.592944,2095.260998,-12432.091163,-15972.122222
959,19653.300000,11800.238814,15414.937950,19420.898138,19547.777737,16008.020205,12574.996538,3500.553234,-10995.672663,-14782.916224
960,19653.300000,11551.919899,15143.127914,19305.186025,19614.518702,16593.830018,13453.609637,4887.576959,-9468.049483,-13453.609637
961,19653.300000,11300.750720,14863.994796,19166.421526,19648.547919,17132.320239,14284.302735,6249.093645,-7861.892643,-11996.800560
962,19653.300000,11046.793250,14577.673582,19004.770339,19649.808638,17621.955288,15064.117011,7577.997875,-6190.524567,-10426.295459
963,19653.300000,10790.110149,14284.302735,18820.425494,19618.298756,18061.338904,15790.274869,8867.354433,-4467.808580,-8756.978315
964,19653.300000,10530.764750,13984.024125,18613.607118,19554.070822,18449.218125,16460.189829,10110.434489,-2708.033920,-7004.669576
965,19653.300000,10268.821042,13676.982965,18384.562171,19457.231952,18784.486858,17071.475743,11300.750720,-925.797208,-5185.976213
966,19653.300000,10004.343656,13363.327738,18133.564158,19327.943647,19066.189039,17621.955288,12432.091163,864.118620,-3318.134339
967,19653.300000,9737.397848,13043.210124,17860.912797,19166.421526,19293.521355,18109.667730,13498.551636,2646.866931,-1418.845857
968,19653.300000,9468.049483,12716.784930,17566.933661,18972.934962,19465.835538,18532.875899,14494.566549,4407.660546,493.889305
969,19653.300000,9196.365019,12384.210011,17251.977792,18747.806642,19582.640208,18890.072384,15414.937950,6131.894391,2401.943781
970,19653.300000,8922.411489,12045.646198,16916.421279,18491.412016,19643.602283,19179.984897,16254.862650,7805.266639,4287.234566
971,19653.300000,8646.256487,11701.257217,16560.664812,18204.178685,19648.547919,19401.580809,17009.957294,9413.897341,6131.894391
972,19653.300000,8367.968151,11351.209612,16185.133201,17886.585674,19597.463014,19554.070822,17676.281231,10944.443554,7918.441053
973,19653.300000,8087.615144,10995.672663,15790.274869,17539.162644,19490.493244,19636.911788,18250.357083,12384.210011,9629.943101
974,19653.300000,7805.266639,10634.818304,15376.561318,17162.489003,19327.943647,19649.808638,18729.188893,13721.254429,11250.180294
975,19653.300000,7520.992301,10268.821042,14944.486564,16757.192942,19110.277757,19592.715435,19110.277757,14944.486564,12763.797328
976,19653.300000,7234.862271,9897.857869,14494.566549,16323.950386,18838.116276,19465.835538,19391.634867,16043.760196,14156.449359
977,19653.300000,6946.947147,9522.108179,14027.338525,15863.483866,18512.235312,19269.620875,19571.791893,17009.957294,15414.937950
978,19653.300000,6657.317968,9141.753683,13543.360410,15376.561318,18133.564158,19004.770339,19649.808638,17835.063641,16527.336159
979,19653.300000,6366.046195,8756.978315,13043.210124,14863.994796,17703.182649,18672.227293,19625.277954,18512.235312,17483.101571
980,19653.300000,6073.203696,8367.968151,12527.484898,14326.639125,17222.318075,18273.176210,19498.327859,19035.855441,18273.176210
981,19653.300000,5778.862724,7974.911311,11996.800560,13765.390470,16692.341688,17809.038460,19269.620875,19401.580809,18890.072384
982,19653.300000,5483.095904,7577.997875,11451.790804,13181.184841,16114.764790,17281.467239,18940.350567,19606.377871,19327.943647
983,19653.300000,5185.976213,7177.419787,10893.106427,12574.996538,15491.234420,16692.341688,18512.235312,19648.547919,19582.640208
984,19653.300000,4887.576959,6773.370762,10321.414555,11947.836520,14823.528661,16043.760196,17987.509338,19527.741169,19651.748258
985,19653.300000,4587.971769,6366.046195,9737.397848,11300.750720,14113.551568,15338.032925,17368.911058,19244.959664,19534.612846
986,19653.300000,4287.234566,5955.643065,9141.753683,10634.818304,13363.327738,14577.673582,16659.668781,18802.548963,19232.344087
987,19653.300000,3985.439552,5542.359838,8535.193319,9951.149869,12574.996538,13765.390470,15863.483866,18204.178685,18747.806642
988,19653.300000,3682.661190,5126.396376,7918.441053,9250.885590,11750.806004,12904.076834,14984.511402,17454.812069,18085.592566
989,19653.300000,3378.974187,4707.953833,7292.233350,8535.193319,10893.106427,11996.800560,14027.338525,16560.664812,17251.977792
990,19653.300000,3074.453472,4287.234566,6657.317968,7805.266639,10004.343656,11046.793250,12996.960483,15529.153505,16254.862650
991,19653.300000,2769.174182,3864.442030,6014.453060,7062.322871,9087.052122,10057.438704,11898.754559,14368.834118,15103.696996
992,19653.300000,2463.211639,3439.780685,5364.406274,6307.601047,8143.847606,9032.260875,10738.452015,13089.331034,13809.390651
993,19653.300000,2156.641336,3013.455892,4707.953833,5542.359838,7177.419787,7974.911311,9522.108179,11701.257217,12384.210011
994,19653.300000,1849.538914,2585.673819,4045.879609,4767.875463,6190.524567,6889.156155,8256.070846,10216.126180,10841.661789
995,19653.300000,1541.980146,2156.641336,3378.974187,3985.439552,5185.976213,5778.862724,6946.947147,8646.256487,9196.365019
996,19653.300000,1234.040917,1726.565921,2708.033920,3196.356999,4166.639333,4647.985738,5601.569071,7004.669576,7463.912498
997,19653.300000,925.797208,1295.655554,2033.859981,2401.943781,3135.420708,3500.553234,4226.957809,5304.981750,5660.723019
998,19653.300000,617.325071,864.118620,1357.257403,1603.524766,2095.260998,2340.652216,2830.287113,3561.291234,3803.885760
999,19653.300000,308.700619,432.163805,679.034120,802.431503,1049.126363,1172.414101,1418.845857,1788.061241,1910.998333
1000,19653.300000,0.000000,0.000000,0.000000,-0.000000,-0.000000,0.000000,-0.000000,0.000000,0.000000
1001,19653.300000,-308.700619,-432.163805,-679.034120,-802.431503,-1049.126363,-1172.414101,-1418.845857,-1788.061241,-1910.998333
1002,19653.300000,-617.325071,-864.118620,-1357.257403,-1603.524766,-2095.260998,-2340.652216,-2830.287113,-3561.291234,-3803.885760
1003,19653.300000,-925.797208,-1295.655554,-2033.859981,-2401.943781,-3135.420708,-3500.553234,-4226.957809,-5304.981750,-5660.723019
1004,19653.300000,-1234.040917,-1726.565921,-2708.033920,-3196.356999,-4166.639333,-4647.985738,-5601.569071,-7004.669576,-7463.912498
1005,19653.300000,-1541.980146,-2156.641336,-3378.974187,-3985.439552,-5185.976213,-5778.862724,-6946.947147,-8646.256487,-9196.365019
1006,19653.300000,-1849.538914,-2585.673819,-4045.879609,-4767.875463,-6190.524567,-6889.156155,-8256.070846,-10216.126180,-10841.661789
1007,19653.300000,-2156.641336,-3013.455892,-4707.953833,-5542.359838,-7177.419787,-7974.911311,-9522.108179,-11701.257217,-12384.210011
1008,19653.300000,-2463.211639,-3439.780685,-5364.406274,-6307.601047,-8143.847606,-9032.260875,-10738.452015,-13089.331034,-13809.390651
1009,19653.300000,-2769.174182,-3864.442030,-6014.453060,-7062.322871,-9087.052122,-10057.438704,-11898.754559,-14368.834118,-15103.696996
1010,19653.300000,-3074.453472,-4287.234566,-6657.317968,-7805.266639,-10004.343656,-11046.793250,-12996.960483,-15529.153505,-16254.862650
1011,19653.300000,-3378.974187,-4707.953833,-7292.233350,-8535.193319,-10893.106427,-11996.800560,-14027.338525,-16560.664812,-17251.977792
1012,19653.300000,-3682.661190,-5126.396376,-7918.441053,-9250.885590,-11750.806004,-12904.076834,-14984.511402,-17454.812069,-18085.592566
1013,19653.300000,-3985.439552,-5542.359838,-8535.193319,-9951.149869,-12574.996538,-13765.390470,-15863.483866,-18204.178685,-18747.806642
1014,19653.300000,-4287.234566,-5955.643065,-9141.753683,-10634.818304,-13363.327738,-14577.673582,-16659.668781,-18802.548963,-19232.344087
1015,19653.300000,-4587.971769,-6366.046195,-9737.397848,-11300.750720,-14113.551568,-15338.032925,-17368.911058,-19244.959664,-19534.612846
1016,19653.300000,-4887.576959,-6773.370762,-10321.414555,-11947.836520,-14823.528661,-16043.760196,-17987.509338,-19527.741169,-19651.748258
1017,19653.300000,-5185.976213,-7177.419787,-10893.106427,-12574.996538,-15491.234420,-16692.341688,-18512.235312,-19648.547919,-19582.640208
1018,19653.300000,-5483.095904,-7577.997875,-11451.790804,-13181.184841,-16114.764790,-17281.467239,-18940.350567,-19606.377871,-19327.943647
1019,19653.300000,-5778.862724,-7974.911311,-11996.800560,-13765.390470,-16692.341688,-17809.038460,-19269.620875,-19401.580809,-18890.072384
1020,19653.300000,-6073.203696,-8367.968151,-12527.484898,-14326.639125,-17222.318075,-18273.176210,-19498.327859,-19035.855441,-18273.176210
1021,19653.300000,-6366.046195,-8756.978315,-13043.210124,-14863.994796,-17703.182649,-18672.227293,-19625.277954,-18512.235312,-17483.101571
1022,19653.300000,-6657.317968,-9141.753683,-13543.360410,-15376.561318,-18133.564158,-19004.770339,-19649.808638,-17835.063641,-16527.336159
1023,19653.300000,-6946.947147,-9522.108179,-14027.338525,-15863.483866,-18512.235312,-19269.620875,-19571.791893,-17009.957294,-15414.937950
1024,19653.300000,-7234.862271,-9897.857869,-14494.566549,-16323.950386,-18838.116276,-19465.835538,-19391.634867,-16043.760196,-14156.449359
1025,19653.300000,-7520.992301,-10268.821042,-14944.486564,-16757.192942,-19110.277757,-19592.715435,-19110.277757,-14944.486564,-12763.797328
1026,19653.300000,-7805.266639,-10634.818304,-15376.561318,-17162.489003,-19327.943647,-19649.808638,-18729.188893,-13721.254429,-11250.180294
1027,19653.300000,-8087.615144,-10995.672663,-15790.274869,-17539.162644,-19490.493244,-19636.911788,-18250.357083,-12384.210011,-9629.943101
1028,19653.300000,-8367.968151,-11351.209612,-16185.133201,-17886.585674,-19597.463014,-19554.070822,-17676.281231,-10944.443554,-7918.441053
1029,19653.300000,-8646.256487,-11701.257217,-16560.664812,-18204.178685,-19648.547919,-19401.580809,-17009.957294,-9413.897341,-6131.894391
1030,19653.300000,-8922.411489,-12045.646198,-16916.421279,-18491.412016,-19643.602283,-19179.984897,-16254.862650,-7805.266639,-4287.234566
1031,19653.300000,-9196.365019,-12384.210011,-17251.977792,-18747.806642,-19582.640208,-18890.072384,-15414.937950,-6131.894391,-2401.943781
1032,19653.300000,-9468.049483,-12716.784930,-17566.933661,-18972.934962,-19465.835538,-18532.875899,-14494.566549,-4407.660546,-493.889305
1033,19653.300000,-9737.397848,-13043.210124,-17860.912797,-19166.421526,-19293.521355,-18109.667730,-13498.551636,-2646.866931,1418.845857
1034,19653.300000,-10004.343656,-13363.327738,-18133.564158,-19327.943647,-19066.189039,-17621.955288,-12432.091163,-864.118620,3318.134339
1035,19653.300000,-10268.821042,-13676.982965,-18384.562171,-19457.231952,-18784.486858,-17071.475743,-11300.750720,925.797208,5185.976213
1036,19653.300000,-10530.764750,-13984.024125,-18613.607118,-19554.070822,-18449.218125,-16460.189829,-10110.434489,2708.033920,7004.669576
1037,19653.300000,-10790.110149,-14284.302735,-18820.425494,-19618.298756,-18061.338904,-15790.274869,-8867.354433,4467.808580,8756.978315
1038,19653.300000,-11046.793250,-14577.673582,-19004.770339,-19649.808638,-17621.955288,-15064.117011,-7577.997875,6190.524567,10426.295459
1039,19653.300000,-11300.750720,-14863.994796,-19166.421526,-19648.547919,-17132.320239,-14284.302735,-6249.093645,7861.892643,11996.800560
1040,19653.300000,-11551.919899,-15143.127914,-19305.186025,-19614.518702,-16593.830018,-13453.609637,-4887.576959,9468.049483,13453.609637
1041,19653.300000,-11800.238814,-15414.937950,-19420.898138,-19547.777737,-16008.020205,-12574.996538,-3500.553234,10995.672663,14782.916224
1042,19653.300000,-12045.646198,-15679.293459,-19513.419692,-19448.436332,-15376.561318,-11651.592944,-2095.260998,12432.091163,15972.122222
1043,19653.300000,-12288.081498,-15936.066600,-19582.640208,-19316.660160,-14701.254047,-10686.687896,-679.034120,13765.390470,17009.957294
1044,19653.300000,-12527.484898,-16185.133201,-19628.477029,-19152.668989,-13984.024125,-9683.718262,740.736467,14984.511402,17886.585674
1045,19653.300000,-12763.797328,-16426.372815,-19650.875421,-18956.736312,-13226.916832,-8646.256487,2156.641336,16079.341841,18593.699383
1046,19653.300000,-12996.960483,-16659.668781,-19649.808638,-18729.188893,-12432.091163,-7577.997875,3561.291234,17040.800611,19124.596966
1047,19653.300000,-13226.916832,-16884.908279,-19625.277954,-18470.406218,-11601.813674,-6482.747425,4947.355645,17860.912797,19474.247003
1048,19653.300000,-13453.609637,-17101.982386,-19577.312661,-18180.819869,-10738.452015,-5364.406274,6307.601047,18532.875899,19639.335793
1049,19653.300000,-13676.982965,-17310.786125,-19505.970034,-17860.912797,-9844.468180,-4226.957809,7634.928658,19051.116253,19618.298756
1050,19653.300000,-13896.981703,-17511.218522,-19411.335264,-17511.218522,-8922.411489,-3074.453472,8922.411489,19411.335264,19411.335264
1051,19653.300000,-14113.551568,-17703.182649,-19293.521355,-17132.320239,-7974.911311,-1910.998333,10163.330488,19610.545061,19020.406752
1052,19653.300000,-14326.639125,-17886.585674,-19152.668989,-16724.849849,-7004.669576,-740.736467,11351.209612,19647.093277,18449.218125
1053,19653.300000,-14536.191799,-18061.338904,-18988.946358,-16289.486903,-6014.453060,432.163805,12479.849616,19520.676761,17703.182649
1054,19653.300000,-14742.157885,-18227.357832,-18802.548963,-15826.957470,-5007.085503,1603.524766,13543.360410,19232.344087,16789.370648
1055,19653.300000,-14944.486564,-18384.562171,-18593.699383,-15338.032925,-3985.439552,2769.174182,14536.191799,18784.486858,15716.442499
1056,19653.300000,-15143.127914,-18532.875899,-18362.647005,-14823.528661,-2952.428571,3924.960160,15453.162443,18180.819869,14494.566549
1057,19653.300000,-15338.032925,-18672.227293,-18109.667730,-14284.302735,-1910.998333,5066.765943,16289.486903,17426.350296,13135.322758
1058,19653.300000,-15529.153505,-18802.548963,-17835.063641,-13721.254429,-864.118620,6190.524567,17040.800611,16527.336159,11651.592944
1059,19653.300000,-15716.442499,-18923.777887,-17539.162644,-13135.322758,185.225247,7292.233350,17703.182649,15491.234420,10057.438704
1060,19653.300000,-15899.853696,-19035.855441,-17222.318075,-12527.484898,1234.040917,8367.968151,18273.176210,14326.639125,8367.968151
1061,19653.300000,-16079.341841,-19138.727423,-16884.908279,-11898.754559,2279.337551,9413.897341,18747.806642,13043.210124,6599.192727
1062,19653.300000,-16254.862650,-19232.344087,-16527.336159,-11250.180294,3318.134339,10426.295459,19124.596966,11651.592944,4767.875463
1063,19653.300000,-16426.372815,-19316.660160,-16150.028693,-10582.843751,4347.469010,11401.556472,19401.580809,10163.330488,2891.372110
1064,19653.300000,-16593.830018,-19391.634867,-15753.436424,-9897.857869,5364.406274,12336.206631,19577.312661,8590.767297,987.466658
1065,19653.300000,-16757.192942,-19457.231952,-15338.032925,-9196.365019,6366.046195,13226.916832,19650.875421,6946.947147,-925.797208
1066,19653.300000,-16916.421279,-19513.419692,-14904.314230,-8479.535103,7349.532458,14070.514482,19621.885185,5245.504867,-2830.287113
1067,19653.300000,-17071.475743,-19560.170916,-14452.798244,-7748.563600,8312.060517,14863.994796,19490.493244,3500.553234,-4707.953833
1068,19653.300000,-17222.318075,-19597.463014,-13984.024125,-7004.669576,9250.885590,15604.531502,19257.385301,1726.565921,-6541.002354
1069,19653.300000,-17368.911058,-19625.277954,-13498.551636,-6249.093645,10163.330488,16289.486903,18923.777887,-61.742561,-8312.060517
1070,19653.300000,-17511.218522,-19643.602283,-12996.960483,-5483.095904,11046.793250,16916.421279,18491.412016,-1849.538914,-10004.343656
1071,19653.300000,-17649.205355,-19652.427140,-12479.849616,-4707.953833,11898.754559,17483.101571,17962.544098,-3621.994086,-11601.813674
1072,19653.300000,-17782.837510,-19651.748258,-11947.836520,-3924.960160,12716.784930,17987.509338,17339.934160,-5364.406274,-13089.331034
1073,19653.300000,-17912.082017,-19641.565965,-11401.556472,-3135.420708,13498.551636,18427.847945,16626.831450,-7062.322871,-14452.798244
1074,19653.300000,-18036.906985,-19621.885185,-10841.661789,-2340.652216,14241.825364,18802.548963,15826.957470,-8701.660342,-15679.293459
1075,19653.300000,-18157.281616,-19592.715435,-10268.821042,-1541.980146,14944.486564,19110.277757,14944.486564,-10268.821042,-16757.192942
1076,19653.300000,-18273.176210,-19554.070822,-9683.718262,-740.736467,15604.531502,19349.938236,13984.024125,-11750.806004,-17676.281231
1077,19653.300000,-18384.562171,-19505.970034,-9087.052122,61.742561,16220.077968,19520.676761,12950.582567,-13135.322758,-18427.847945
1078,19653.300000,-18491.412016,-19448.436332,-8479.535103,864.118620,16789.370648,19621.885185,11849.555162,-14410.887296,-19004.770339
1079,19653.300000,-18593.699383,-19381.497538,-7861.892643,1665.053560,17310.786125,19653.203015,10686.687896,-15566.919323,-19401.580809
1080,19653.300000,-18691.399032,-19305.186025,-7234.862271,2463.211639,17782.837510,19614.518702,9468.049483,-16593.830018,-19614.518702
1081,19653.300000,-18784.486858,-19219.538694,-6599.192727,3257.261743,18204.178685,19505.970034,8199.999691,-17483.101571,-19641.565965
1082,19653.300000,-18872.939893,-19124.596966,-5955.643065,4045.879609,18573.608135,19327.943647,6889.156155,-18227.357832,-19482.466266
1083,19653.300000,-18956.736312,-19020.406752,-5304.981750,4827.750035,18890.072384,19081.073649,5542.359838,-18820.425494,-19138.727423
1084,19653.300000,-19035.855441,-18907.018438,-4647.985738,5601.569071,19152.668989,18766.239357,4166.639333,-19257.385301,-18613.607118
1085,19653.300000,-19110.277757,-18784.486858,-3985.439552,6366.046195,19360.649120,18384.562171,2769.174182,-19534.612846,-17912.082017
1086,19653.300000,-19179.984897,-18652.871266,-3318.134339,7119.906464,19513.419692,17937.401575,1357.257403,-19649.808638,-17040.800611
1087,19653.300000,-19244.959664,-18512.235312,-2646.866931,7861.892643,19610.545061,17426.350296,-61.742561,-19602.017175,-16008.020205
1088,19653.300000,-19305.186025,-18362.647005,-1972.438890,8590.767297,19651.748258,16853.228632,-1480.420307,-19391.634867,-14823.528661
1089,19653.300000,-19360.649120,-18204.178685,-1295.655554,9305.314859,19636.911788,16220.077968,-2891.372110,-19020.406752,-13498.551636
1090,19653.300000,-19411.335264,-18036.906985,-617.325071,10004.343656,19566.077959,15529.153505,-4287.234566,-18491.412016,-12045.646198
1091,19653.300000,-19457.231952,-17860.912797,61.742561,10686.687896,19439.448763,14782.916224,-5660.723019,-17809.038460,-10478.581814
1092,19653.300000,-19498.327859,-17676.281231,740.736467,11351.209612,19257.385301,13984.024125,-7004.669576,-16978.946095,-8812.209861
1093,19653.300000,-19534.612846,-17483.101571,1418.845857,11996.800560,19020.406752,13135.322758,-8312.060517,-16008.020205,-7062.322871
1094,19653.300000,-19566.077959,-17281.467239,2095.260998,12622.384069,18729.188893,12239.835086,-9576.072896,-14904.314230,-5245.504867
1095,19653.300000,-19592.715435,-17071.475743,2769.174182,13226.916832,18384.562171,11300.750720,-10790.110149,-13676.982965,-3378.974187
1096,19653.300000,-19614.518702,-16853.228632,3439.780685,13809.390651,17987.509338,10321.414555,-11947.836520,-12336.206631,-1480.420307
1097,19653.300000,-19631.482380,-16626.831450,4106.279735,14368.834118,17539.162644,9305.314859,-13043.210124,-10893.106427,432.163805
1098,19653.300000,-19643.602283,-16392.393679,4767.875463,14904.314230,17040.800611,8256.070846,-14070.514482,-9359.652288,2340.652216
1099,19653.300000,-19650.875421,-16150.028693,5423.777855,15414.937950,16493.844388,7177.419787,-15024.388349,-7748.563600,4226.957809
1100,19653.300000,-19653.300000,-15899.853696,6073.203696,15899.853696,15899.853696,6073.203696,-15899.853696,-6073.203696,6073.203696
1101,19653.300000,-19650.875421,-15641.989670,6715.377504,16358.252757,15260.522380,4947.355645,-16692.341688,-4347.469010,7861.892643
1102,19653.300000,-19643.602283,-15376.561318,7349.532458,16789.370648,14577.673582,3803.885760,-17397.716531,-2585.673819,9576.072896
1103,19653.300000,-19631.482380,-15103.696996,7974.911311,17192.488380,13853.254540,2646.866931,-18012.297048,-802.431503,11199.498833
1104,19653.300000,-19614.518702,-14823.528661,8590.767297,17566.933661,13089.331034,1480.420307,-18532.875899,987.466658,12716.784930
1105,19653.300000,-19592.715435,-14536.191799,9196.365019,17912.082017,12288.081498,308.700619,-18956.736312,2769.174182,14113.551568
1106,19653.300000,-19566.077959,-14241.825364,9790.981331,18227.357832,11451.790804,-864.118620,-19281.666266,4527.912519,15376.561318
1107,19653.300000,-19534.612846,-13940.571708,10373.906200,18512.235312,10582.843751,-2033.859981,-19505.970034,6249.093645,16493.844388
1108,19653.300000,-19498.327859,-13632.576515,10944.443554,18766.239357,9683.718262,-3196.356999,-19628.477029,7918.441053,17454.812069
1109,19653.300000,-19457.231952,-13317.988730,11501.912111,18988.946358,8756.978315,-4347.469010,-19648.547919,9522.108179,18250.357083
1110,19653.300000,-19411.335264,-12996.960483,12045.646198,19179.984897,7805.266639,-5483.095904,-19566.077959,11046.793250,18872.939893
1111,19653.300000,-19360.649120,-12669.647021,12574.996538,19339.036376,6831.297170,-6599.192727,-19381.497538,12479.849616,19316.660160
1112,19653.300000,-19305.186025,-12336.206631,13089.331034,19465.835538,5837.847315,-7691.784086,-19095.769936,13809.390651,19577.312661
1113,19653.300000,-19244.959664,-11996.800560,13588.035517,19560.170916,4827.750035,-8756.978315,-18710.386294,15024.388349,19652.427140
1114,19653.300000,-19179.984897,-11651.592944,14070.514482,19621.885185,3803.885760,-9790.981331,-18227.357832,16114.764790,19541.291724
1115,19653.300000,-19110.277757,-11300.750720,14536.191799,19650.875421,2769.174182,-10790.110149,-17649.205355,17071.475743,19244.959664
1116,19653.300000,-19035.855441,-10944.443554,14984.511402,19647.093277,1726.565921,-11750.806004,-16978.946095,17886.585674,18766.239357
1117,19653.300000,-18956.736312,-10582.843751,15414.937950,19610.545061,679.034120,-12669.647021,-16220.077968,18553.333574,18109.667730
1118,19653.300000,-18872.939893,-10216.126180,15826.957470,19541.291724,-370.434040,-13543.360410,-15376.561318,19066.189039,17281.467239
1119,19653.300000,-18784.486858,-9844.468180,16220.077968,19439.448763,-1418.845857,-14368.834118,-14452.798244,19420.898138,16289.486903
1120,19653.300000,-18691.399032,-9468.049483,16593.830018,19305.186025,-2463.211639,-15143.127914,-13453.609637,19614.518702,15143.127914
1121,19653.300000,-18593.699383,-9087.052122,16947.767321,19138.727423,-3500.553234,-15863.483866,-12384.210011,19645.444726,13853.254540
1122,19653.300000,-18491.412016,-8701.660342,17281.467239,18940.350567,-4527.912519,-16527.336159,-11250.180294,19513.419692,12432.091163
1123,19653.300000,-18384.562171,-8312.060517,17594.531300,18710.386294,-5542.359838,-17132.320239,-10057.438704,19219.538694,10893.106427
1124,19653.300000,-18273.176210,-7918.441053,17886.585674,18449.218125,-6541.002354,-17676.281231,-8812.209861,18766.239357,9250.885590
1125,19653.300000,-18157.281616,-7520.992301,18157.281616,18157.281616,-7520.992301,-18157.281616,-7520.992301,18157.281616,7520.992301
1126,19653.300000,-18036.906985,-7119.906464,18406.295889,17835.063641,-8479.535103,-18573.608135,-6190.524567,17397.716531,5719.821098
1127,19653.300000,-17912.082017,-6715.377504,18633.331144,17483.101571,-9413.897341,-18923.777887,-4827.750035,16493.844388,3864.442030
1128,19653.300000,-17782.837510,-6307.601047,18838.116276,17101.982386,-10321.414555,-19206.543613,-3439.780685,15453.162443,1972.438890
1129,19653.300000,-17649.205355,-5896.774289,19020.406752,16692.341688,-11199.498833,-19420.898138,-2033.859981,14284.302735,61.742561
1130,19653.300000,-17511.218522,-5483.095904,19179.984897,16254.862650,-12045.646198,-19566.077959,-617.325071,12996.960483,-1849.538914
1131,19653.300000,-17368.911058,-5066.765943,19316.660160,15790.274869,-12857.443742,-19641.565965,802.431503,11601.813674,-3743.291948
1132,19653.300000,-17222.318075,-4647.985738,19430.269335,15299.353151,-13632.576515,-19647.093277,2218.000389,10110.434489,-5601.569071
1133,19653.300000,-17071.475743,-4226.957809,19520.676761,14782.916224,-14368.834118,-19582.640208,3621.994086,8535.193319,-7406.759029
1134,19653.300000,-16916.421279,-3803.885760,19587.774483,14241.825364,-15064.117011,-19448.436332,5007.085503,6889.156155,-9141.753683
1135,19653.300000,-16757.192942,-3378.974187,19631.482380,13676.982965,-15716.442499,-19244.959664,6366.046195,5185.976213,-10790.110149
1136,19653.300000,-16593.830018,-2952.428571,19651.748258,13089.331034,-16323.950386,-18972.934962,7691.784086,3439.780685,-12336.206631
1137,19653.300000,-16426.372815,-2524.455187,19648.547919,12479.849616,-16884.908279,-18633.331144,8977.380483,1665.053560,-13765.390470
1138,19653.300000,-16254.862650,-2095.260998,19621.885185,11849.555162,-17397.716531,-18227.357832,10216.126180,-123.484513,-15064.117011
1139,19653.300000,-16079.341841,-1665.053560,19571.791893,11199.498833,-17860.912797,-17756.461051,11401.556472,-1910.998333,-16220.077968
1140,19653.300000,-15899.853696,-1234.040917,19498.327859,10530.764750,-18273.176210,-17222.318075,12527.484898,-3682.661190,-17222.318075
1141,19653.300000,-15716.442499,-802.431503,19401.580809,9844.468180,-18633.331144,-16626.831450,13588.035517,-5423.777855,-18061.338904
1142,19653.300000,-15529.153505,-370.434040,19281.666266,9141.753683,-18940.350567,-15972.122222,14577.673582,-7119.906464,-18729.188893
1143,19653.300000,-15338.032925,61.742561,19138.727423,8423.793196,-19193.358971,-15260.522380,15491.234420,-8756.978315,-19219.538694
1144,19653.300000,-15143.127914,493.889305,18972.934962,7691.784086,-19391.634867,-14494.566549,16323.950386,-10321.414555,-19527.741169
1145,19653.300000,-14944.486564,925.797208,18784.486858,6946.947147,-19534.612846,-13676.982965,17071.475743,-11800.238814,-19650.875421
1146,19653.300000,-14742.157885,1357.257403,18573.608135,6190.524567,-19621.885185,-12810.683753,17729.909344,-13181.184841,-19587.774483
1147,19653.300000,-14536.191799,1788.061241,18340.550607,5423.777855,-19653.203015,-11898.754559,18295.814988,-14452.798244,-19339.036376
1148,19653.300000,-14326.639125,2218.000389,18085.592566,4647.985738,-19628.477029,-10944.443554,18766.239357,-15604.531502,-18907.018438
1149,19653.300000,-14113.551568,2646.866931,17809.038460,3864.442030,-19547.777737,-9951.149869,19138.727423,-16626.831450,-18295.814988
1150,19653.300000,-13896.981703,3074.453472,17511.218522,3074.453472,-19411.335264,-8922.411489,19411.335264,-17511.218522,-17511.218522
1151,19653.300000,-13676.982965,3500.553234,17192.488380,2279.337551,-19219.538694,-7861.892643,19582.640208,-18250.357083,-16560.664812
1152,19653.300000,-13453.609637,3924.960160,16853.228632,1480.420307,-18972.934962,-6773.370762,19651.748258,-18838.116276,-15453.162443
1153,19653.300000,-13226.916832,4347.469010,16493.844388,679.034120,-18672.227293,-5660.723019,19618.298756,-19269.620875,-14199.207431
1154,19653.300000,-12996.960483,4767.875463,16114.764790,-123.484513,-18318.273194,-4527.912519,19482.466266,-19541.291724,-12810.683753
1155,19653.300000,-12763.797328,5185.976213,15716.442499,-925.797208,-17912.082017,-3378.974187,19244.959664,-19650.875421,-11300.750720
1156,19653.300000,-12527.484898,5601.569071,15299.353151,-1726.565921,-17454.812069,-2218.000389,18907.018438,-19597.463014,-9683.718262
1157,19653.300000,-12288.081498,6014.453060,14863.994796,-2524.455187,-16947.767321,-1049.126363,18470.406218,-19381.497538,-7974.911311
1158,19653.300000,-12045.646198,6424.428513,14410.887296,-3318.134339,-16392.393679,123.484513,17937.401575,-19004.770339,-6190.524567
1159,19653.300000,-11800.238814,6831.297170,13940.571708,-4106.279735,-15790.274869,1295.655554,17310.786125,-18470.406218,-4347.469010
1160,19653.300000,-11551.919899,7234.862271,13453.609637,-4887.576959,-15143.127914,2463.211639,16593.830018,-17782.837510,-2463.211639
1161,19653.300000,-11300.750720,7634.928658,12950.582567,-5660.723019,-14452.798244,3621.994086,15790.274869,-16947.767321,-555.609930
1162,19653.300000,-11046.793250,8031.302861,12432.091163,-6424.428513,-13721.254429,4767.875463,14904.314230,-15972.122222,1357.257403
1163,19653.300000,-10790.110149,8423.793196,11898.754559,-7177.419787,-12950.582567,5896.774289,13940.571708,-14863.994796,3257.261743
1164,19653.300000,-10530.764750,8812.209861,11351.209612,-7918.441053,-12142.980334,7004.669576,12904.076834,-13632.576515,5126.396376
1165,19653.300000,-10268.821042,9196.365019,10790.110149,-8646.256487,-11300.750720,8087.615144,11800.238814,-12288.081498,6946.947147
1166,19653.300000,-10004.343656,9576.072896,10216.126180,-9359.652288,-10426.295459,9141.753683,10634.818304,-10841.661789,8701.660342
1167,19653.300000,-9737.397848,9951.149869,9629.943101,-10057.438704,-9522.108179,10163.330488,9413.897341,-9305.314859,10373.906200
1168,19653.300000,-9468.049483,10321.414555,9032.260875,-10738.452015,-8590.767297,11148.706838,8143.847606,-7691.784086,11947.836520
1169,19653.300000,-9196.365019,10686.687896,8423.793196,-11401.556472,-7634.928658,12094.372949,6831.297170,-6014.453060,13408.534856
1170,19653.300000,-8922.411489,11046.793250,7805.266639,-12045.646198,-6657.317968,12996.960483,5483.095904,-4287.234566,14742.157885
1171,19653.300000,-8646.256487,11401.556472,7177.419787,-12669.647021,-5660.723019,13853.254540,4106.279735,-2524.455187,15936.066600
1172,19653.300000,-8367.968151,11750.806004,6541.002354,-13272.518278,-4647.985738,14660.205113,2708.033920,-740.736467,16978.946095
1173,19653.300000,-8087.615144,12094.372949,5896.774289,-13853.254540,-3621.994086,15414.937950,1295.655554,1049.126363,17860.912797
1174,19653.300000,-7805.266639,12432.091163,5245.504867,-14410.887296,-2585.673819,16114.764790,-123.484513,2830.287113,18573.608135
1175,19653.300000,-7520.992301,12763.797328,4587.971769,-14944.486564,-1541.980146,16757.192942,-1541.980146,4587.971769,19110.277757
1176,19653.300000,-7234.862271,13089.331034,3924.960160,-15453.162443,-493.889305,17339.934160,-2952.428571,6307.601047,19465.835538
1177,19653.300000,-6946.947147,13408.534856,3257.261743,-15936.066600,555.609930,17860.912797,-4347.469010,7974.911311,19636.911788
1178,19653.300000,-6657.317968,13721.254429,2585.673819,-16392.393679,1603.524766,18318.273194,-5719.821098,9576.072896,19621.885185
1179,19653.300000,-6366.046195,14027.338525,1910.998333,-16821.382650,2646.866931,18710.386294,-7062.322871,11097.804809,19420.898138
1180,19653.300000,-6073.203696,14326.639125,1234.040917,-17222.318075,3682.661190,19035.855441,-8367.968151,12527.484898,19035.855441
1181,19653.300000,-5778.862724,14619.011490,555.609930,-17594.531300,4707.953833,19293.521355,-9629.943101,13853.254540,18470.406218
1182,19653.300000,-5483.095904,14904.314230,-123.484513,-17937.401575,5719.821098,19482.466266,-10841.661789,15064.117011,17729.909344
1183,19653.300000,-5185.976213,15182.409376,-802.431503,-18250.357083,6715.377504,19602.017175,-11996.800560,16150.028693,16821.382650
1184,19653.300000,-4887.576959,15453.162443,-1480.420307,-18532.875899,7691.784086,19651.748258,-13089.331034,17101.982386,15753.436424
1185,19653.300000,-4587.971769,15716.442499,-2156.641336,-18784.486858,8646.256487,19631.482380,-14113.551568,17912.082017,14536.191799
1186,19653.300000,-4287.234566,15972.122222,-2830.287113,-19004.770339,9576.072896,19541.291724,-15064.117011,18573.608135,13181.184841
1187,19653.300000,-3985.439552,16220.077968,-3500.553234,-19193.358971,10478.581814,19381.497538,-15936.066600,19081.073649,11701.257217
1188,19653.300000,-3682.661190,16460.189829,-4166.639333,-19349.938236,11351.209612,19152.668989,-16724.849849,19430.269335,10110.434489
1189,19653.300000,-3378.974187,16692.341688,-4827.750035,-19474.247003,12191.467873,18855.621133,-17426.350296,19618.298756,8423.793196
1190,19653.300000,-3074.453472,16916.421279,-5483.095904,-19566.077959,12996.960483,18491.412016,-18036.906985,19643.602283,6657.317968
1191,19653.300000,-2769.174182,17132.320239,-6131.894391,-19625.277954,13765.390470,18061.338904,-18553.333574,19505.970034,4827.750035
1192,19653.300000,-2463.211639,17339.934160,-6773.370762,-19651.748258,14494.566549,17566.933661,-18972.934962,19206.543613,2952.428571
1193,19653.300000,-2156.641336,17539.162644,-7406.759029,-19645.444726,15182.409376,17009.957294,-19293.521355,18747.806642,1049.126363
1194,19653.300000,-1849.538914,17729.909344,-8031.302861,-19606.377871,15826.957470,16392.393679,-19513.419692,18133.564158,-864.118620
1195,19653.300000,-1541.980146,17912.082017,-8646.256487,-19534.612846,16426.372815,15716.442499,-19631.482380,17368.911058,-2769.174182
1196,19653.300000,-1234.040917,18085.592566,-9250.885590,-19430.269335,16978.946095,14984.511402,-19647.093277,16460.189829,-4647.985738
1197,19653.300000,-925.797208,18250.357083,-9844.468180,-19293.521355,17483.101571,14199.207431,-19560.170916,15414.937950,-6482.747425
1198,19653.300000,-617.325071,18406.295889,-10426.295459,-19124.596966,17937.401575,13363.327738,-19371.168922,14241.825364,-8256.070846
1199,19653.300000,-308.700619,18553.333574,-10995.672663,-18923.777887,18340.550607,12479.849616,-19081.073649,12950.582567,-9951.149869
1200,19653.300000,0.000000,18691.399032,-11551.919899,-18691.399032,18691.399032,11551.919899,-18691.399032,11551.919899,-11551.919899
1201,19653.300000,308.700619,18820.425494,-12094.372949,-18427.847945,18988.946358,10582.843751,-18204.178685,10057.438704,-13043.210124
1202,19653.300000,617.325071,18940.350567,-12622.384069,-18133.564158,19232.344087,9576.072896,-17621.955288,8479.535103,-14410.887296
1203,19653.300000,925.797208,19051.116253,-13135.322758,-17809.038460,19420.898138,8535.193319,-16947.767321,6831.297170,-15641.989670
1204,19653.300000,1234.040917,19152.668989,-13632.576515,-17454.812069,19554.070822,7463.912498,-16185.133201,5126.396376,-16724.849849
1205,19653.300000,1541.980146,19244.959664,-14113.551568,-17071.475743,19631.482380,6366.046195,-15338.032925,3378.974187,-17649.205355
1206,19653.300000,1849.538914,19327.943647,-14577.673582,-16659.668781,19652.912061,5245.504867,-14410.887296,1603.524766,-18406.295889
1207,19653.300000,2156.641336,19401.580809,-15024.388349,-16220.077968,19618.298756,4106.279735,-13408.534856,-185.225247,-18988.946358
1208,19653.300000,2463.211639,19465.835538,-15453.162443,-15753.436424,19527.741169,2952.428571,-12336.206631,-1972.438890,-19391.634867
1209,19653.300000,2769.174182,19520.676761,-15863.483866,-15260.522380,19381.497538,1788.061241,-11199.498833,-3743.291948,-19610.545061
1210,19653.300000,3074.453472,19566.077959,-16254.862650,-14742.157885,19179.984897,617.325071,-10004.343656,-5483.095904,-19643.602283
1211,19653.300000,3378.974187,19602.017175,-16626.831450,-14199.207431,18923.777887,-555.609930,-8756.978315,-7177.419787,-19490.493244
1212,19653.300000,3682.661190,19628.477029,-16978.946095,-13632.576515,18613.607118,-1726.565921,-7463.912498,-8812.209861,-19152.668989
1213,19653.300000,3985.439552,19645.444726,-17310.786125,-13043.210124,18250.357083,-2891.372110,-6131.894391,-10373.906200,-18633.331144
1214,19653.300000,4287.234566,19652.912061,-17621.955288,-12432.091163,17835.063641,-4045.879609,-4767.875463,-11849.555162,-17937.401575
1215,19653.300000,4587.971769,19650.875421,-17912.082017,-11800.238814,17368.911058,-5185.976213,-3378.974187,-13226.916832,-17071.475743
1216,19653.300000,4887.576959,19639.335793,-18180.819869,-11148.706838,16853.228632,-6307.601047,-1972.438890,-14494.566549,-16043.760196
1217,19653.300000,5185.976213,19618.298756,-18427.847945,-10478.581814,16289.486903,-7406.759029,-555.609930,-15641.989670,-14863.994796
1218,19653.300000,5483.095904,19587.774483,-18652.871266,-9790.981331,15679.293459,-8479.535103,864.118620,-16659.668781,-13543.360410
1219,19653.300000,5778.862724,19547.777737,-18855.621133,-9087.052122,15024.388349,-9522.108179,2279.337551,-17539.162644,-12094.372949
1220,19653.300000,6073.203696,19498.327859,-19035.855441,-8367.968151,14326.639125,-10530.764750,3682.661190,-18273.176210,-10530.764750
1221,19653.300000,6366.046195,19439.448763,-19193.358971,-7634.928658,13588.035517,-11501.912111,5066.765943,-18855.621133,-8867.354433
1222,19653.300000,6657.317968,19371.168922,-19327.943647,-6889.156155,12810.683753,-12432.091163,6424.428513,-19281.666266,-7119.906464
1223,19653.300000,6946.947147,19293.521355,-19439.448763,-6131.894391,11996.800560,-13317.988730,7748.563600,-19547.777737,-5304.981750
1224,19653.300000,7234.862271,19206.543613,-19527.741169,-5364.406274,11148.706838,-14156.449359,9032.260875,-19651.748258,-3439.780685
1225,19653.300000,7520.992301,19110.277757,-19592.715435,-4587.971769,10268.821042,-14944.486564,10268.821042,-19592.715435,-1541.980146
1226,19653.300000,7805.266639,19004.770339,-19634.293975,-3803.885760,9359.652288,-15679.293459,11451.790804,-19371.168922,370.434040
1227,19653.300000,8087.615144,18890.072384,-19652.427140,-3013.455892,8423.793196,-16358.252757,12574.996538,-18988.946358,2279.337551
1228,19653.300000,8367.968151,18766.239357,-19647.093277,-2218.000389,7463.912498,-16978.946095,13632.576515,-18449.218125,4166.639333
1229,19653.300000,8646.256487,18633.331144,-19618.298756,-1418.845857,6482.747425,-17539.162644,14619.011490,-17756.461051,6014.453060
1230,19653.300000,8922.411489,18491.412016,-19566.077959,-617.325071,5483.095904,-18036.906985,15529.153505,-16916.421279,7805.266639
1231,19653.300000,9196.365019,18340.550607,-19490.493244,185.225247,4467.808580,-18470.406218,16358.252757,-15936.066600,9522.108179
1232,19653.300000,9468.049483,18180.819869,-19391.634867,987.466658,3439.780685,-18838.116276,17101.982386,-14823.528661,11148.706838
1233,19653.300000,9737.397848,18012.297048,-19269.620875,1788.061241,2401.943781,-19138.727423,17756.461051,-13588.035517,12669.647021
1234,19653.300000,10004.343656,17835.063641,-19124.596966,2585.673819,1357.257403,-19371.168922,18318.273194,-12239.835086,14070.514482
1235,19653.300000,10268.821042,17649.205355,-18956.736312,3378.974187,308.700619,-19534.612846,18784.486858,-10790.110149,15338.032925
1236,19653.300000,10530.764750,17454.812069,-18766.239357,4166.639333,-740.736467,-19628.477029,19152.668989,-9250.885590,16460.189829
1237,19653.300000,10790.110149,17251.977792,-18553.333574,4947.355645,-1788.061241,-19652.427140,19420.898138,-7634.928658,17426.350296
1238,19653.300000,11046.793250,17040.800611,-18318.273194,5719.821098,-2830.287113,-19606.377871,19587.774483,-5955.643065,18227.357832
1239,19653.300000,11300.750720,16821.382650,-18061.338904,6482.747425,-3864.442030,-19490.493244,19652.427140,-4226.957809,18855.621133
1240,19653.300000,11551.919899,16593.830018,-17782.837510,7234.862271,-4887.576959,-19305.186025,19614.518702,-2463.211639,19305.186025
1241,19653.300000,11800.238814,16358.252757,-17483.101571,7974.911311,-5896.774289,-19051.116253,19474.247003,-679.034120,19571.791893
1242,19653.300000,12045.646198,16114.764790,-17162.489003,8701.660342,-6889.156155,-18729.188893,19232.344087,1110.775714,19652.912061
1243,19653.300000,12288.081498,15863.483866,-16821.382650,9413.897341,-7861.892643,-18340.550607,18890.072384,2891.372110,19547.777737
1244,19653.300000,12527.484898,15604.531502,-16460.189829,10110.434489,-8812.209861,-17886.585674,18449.218125,4647.985738,19257.385301
1245,19653.300000,12763.797328,15338.032925,-16079.341841,10790.110149,-9737.397848,-17368.911058,17912.082017,6366.046195,18784.486858
1246,19653.300000,12996.960483,15064.117011,-15679.293459,11451.790804,-10634.818304,-16789.370648,17281.467239,8031.302861,18133.564158
1247,19653.300000,13226.916832,14782.916224,-15260.522380,12094.372949,-11501.912111,-16150.028693,16560.664812,9629.943101,17310.786125
1248,19653.300000,13453.609637,14494.566549,-14823.528661,12716.784930,-12336.206631,-15453.162443,15753.436424,11148.706838,16323.950386
1249,19653.300000,13676.982965,14199.207431,-14368.834118,13317.988730,-13135.322758,-14701.254047,14863.994796,12574.996538,15182.409376
1250,19653.300000,13896.981703,13896.981703,-13896.981703,13896.981703,-13896.981703,-13896.981703,13896.981703,13896.981703,13896.981703
1251,19653.300000,14113.551568,13588.035517,-13408.534856,14452.798244,-14619.011490,-13043.210124,12857.443742,15103.696996,12479.849616
1252,19653.300000,14326.639125,13272.518278,-12904.076834,14984.511402,-15299.353151,-12142.980334,11750.806004,16185.133201,10944.443554
1253,19653.300000,14536.191799,12950.582567,-12384.210011,15491.234420,-15936.066600,-11199.498833,10582.843751,17132.320239,9305.314859
1254,19653.300000,14742.157885,12622.384069,-11849.555162,15972.122222,-16527.336159,-10216.126180,9359.652288,17937.401575,7577.997875
1255,19653.300000,14944.486564,12288.081498,-11300.750720,16426.372815,-17071.475743,-9196.365019,8087.615144,18593.699383,5778.862724
1256,19653.300000,15143.127914,11947.836520,-10738.452015,16853.228632,-17566.933661,-8143.847606,6773.370762,19095.769936,3924.960160
1257,19653.300000,15338.032925,11601.813674,-10163.330488,17251.977792,-18012.297048,-7062.322871,5423.777855,19439.448763,2033.859981
1258,19653.300000,15529.153505,11250.180294,-9576.072896,17621.955288,-18406.295889,-5955.643065,4045.879609,19621.885185,123.484513
1259,19653.300000,15716.442499,10893.106427,-8977.380483,17962.544098,-18747.806642,-4827.750035,2646.866931,19641.565965,-1788.061241
1260,19653.300000,15899.853696,10530.764750,-8367.968151,18273.176210,-19035.855441,-3682.661190,1234.040917,19498.327859,-3682.661190
1261,19653.300000,16079.341841,10163.330488,-7748.563600,18553.333574,-19269.620875,-2524.455187,-185.225247,19193.358971,-5542.359838
1262,19653.300000,16254.862650,9790.981331,-7119.906464,18802.548963,-19448.436332,-1357.257403,-1603.524766,18729.188893,-7349.532458
1263,19653.300000,16426.372815,9413.897341,-6482.747425,19020.406752,-19571.791893,-185.225247,-3013.455892,18109.667730,-9087.052122
1264,19653.300000,16593.830018,9032.260875,-5837.847315,19206.543613,-19639.335793,987.466658,-4407.660546,17339.934160,-10738.452015
1265,19653.300000,16757.192942,8646.256487,-5185.976213,19360.649120,-19650.875421,2156.641336,-5778.862724,16426.372815,-12288.081498
1266,19653.300000,16916.421279,8256.070846,-4527.912519,19482.466266,-19606.377871,3318.134339,-7119.906464,15376.561318,-13721.254429
1267,19653.300000,17071.475743,7861.892643,-3864.442030,19571.791893,-19505.970034,4467.808580,-8423.793196,14199.207431,-15024.388349
1268,19653.300000,17222.318075,7463.912498,-3196.356999,19628.477029,-19349.938236,5601.569071,-9683.718262,12904.076834,-16185.133201
1269,19653.300000,17368.911058,7062.322871,-2524.455187,19652.427140,-19138.727423,6715.377504,-10893.106427,11501.912111,-17192.488380
1270,19653.300000,17511.218522,6657.317968,-1849.538914,19643.602283,-18872.939893,7805.266639,-12045.646198,10004.343656,-18036.906985
1271,19653.300000,17649.205355,6249.093645,-1172.414101,19602.017175,-18553.333574,8867.354433,-13135.322758,8423.793196,-18710.386294
1272,19653.300000,17782.837510,5837.847315,-493.889305,19527.741169,-18180.819869,9897.857869,-14156.449359,6773.370762,-19206.543613
1273,19653.300000,17912.082017,5423.777855,185.225247,19420.898138,-17756.461051,10893.106427,-15103.696996,5066.765943,-19520.676761
1274,19653.300000,18036.906985,5007.085503,864.118620,19281.666266,-17281.467239,11849.555162,-15972.122222,3318.134339,-19649.808638
1275,19653.300000,18157.281616,4587.971769,1541.980146,19110.277757,-16757.192942,12763.797328,-16757.192942,1541.980146,-19592.715435
1276,19653.300000,18273.176210,4166.639333,2218.000389,18907.018438,-16185.133201,13632.576515,-17454.812069,-246.964152,-19349.938236
1277,19653.300000,18384.562171,3743.291948,2891.372110,18672.227293,-15566.919323,14452.798244,-18061.338904,-2033.859981,-18923.777887
1278,19653.300000,18491.412016,3318.134339,3561.291234,18406.295889,-14904.314230,15221.540993,-18573.608135,-3803.885760,-18318.273194
1279,19653.300000,18593.699383,2891.372110,4226.957809,18109.667730,-14199.207431,15936.066600,-18988.946358,-5542.359838,-17539.162644
1280,19653.300000,18691.399032,2463.211639,4887.576959,17782.837510,-13453.609637,16593.830018,-19305.186025,-7234.862271,-16593.830018
1281,19653.300000,18784.486858,2033.859981,5542.359838,17426.350296,-12669.647021,17192.488380,-19520.676761,-8867.354433,-15491.234420
1282,19653.300000,18872.939893,1603.524766,6190.524567,17040.800611,-11849.555162,17729.909344,-19634.293975,-10426.295459,-14241.825364
1283,19653.300000,18956.736312,1172.414101,6831.297170,16626.831450,-10995.672663,18204.178685,-19645.444726,-11898.754559,-12857.443742
1284,19653.300000,19035.855441,740.736467,7463.912498,16185.133201,-10110.434489,18613.607118,-19554.070822,-13272.518278,-11351.209612
1285,19653.300000,19110.277757,308.700619,8087.615144,15716.442499,-9196.365019,18956.736312,-19360.649120,-14536.191799,-9737.397848
1286,19653.300000,19179.984897,-123.484513,8701.660342,15221.540993,-8256.070846,19232.344087,-19066.189039,-15679.293459,-8031.302861
1287,19653.300000,19244.959664,-555.609930,9305.314859,14701.254047,-7292.233350,19439.448763,-18672.227293,-16692.341688,-6249.093645
1288,19653.300000,19305.186025,-987.466658,9897.857869,14156.449359,-6307.601047,19577.312661,-18180.819869,-17566.933661,-4407.660546
1289,19653.300000,19360.649120,-1418.845857,10478.581814,13588.035517,-5304.981750,19645.444726,-17594.531300,-18295.814988,-2524.455187
1290,19653.300000,19411.335264,-1849.538914,11046.793250,12996.960483,-4287.234566,19643.602283,-16916.421279,-18872.939893,-617.325071
1291,19653.300000,19457.231952,-2279.337551,11601.813674,12384.210011,-3257.261743,19571.791893,-16150.028693,-19293.521355,1295.655554
1292,19653.300000,19498.327859,-2708.033920,12142.980334,11750.806004,-2218.000389,19430.269335,-15299.353151,-19554.070822,3196.356999
1293,19653.300000,19534.612846,-3135.420708,12669.647021,11097.804809,-1172.414101,19219.538694,-14368.834118,-19652.427140,5066.765943
1294,19653.300000,19566.077959,-3561.291234,13181.184841,10426.295459,-123.484513,18940.350567,-13363.327738,-19587.774483,6889.156155
1295,19653.300000,19592.715435,-3985.439552,13676.982965,9737.397848,925.797208,18593.699383,-12288.081498,-19360.649120,8646.256487
1296,19653.300000,19614.518702,-4407.660546,14156.449359,9032.260875,1972.438890,18180.819869,-11148.706838,-18972.934962,10321.414555
1297,19653.300000,19631.482380,-4827.750035,14619.011490,8312.060517,3013.455892,17703.182649,-9951.149869,-18427.847945,11898.754559
1298,19653.300000,19643.602283,-5245.504867,15064.117011,7577.997875,4045.879609,17162.489003,-8701.660342,-17729.909344,13363.327738
1299,19653.300000,19650.875421,-5660.723019,15491.234420,6831.297170,5066.765943,16560.664812,-7406.759029,-16884.908279,14701.254047
1300,19653.300000,19653.300000,-6073.203696,15899.853696,6073.203696,6073.203696,15899.853696,-6073.203696,-15899.853696,15899.853696
1301,19653.300000,19650.875421,-6482.747425,16289.486903,5304.981750,7062.322871,15182.409376,-4707.953833,-14782.916224,16947.767321
1302,19653.300000,19643.602283,-6889.156155,16659.668781,4527.912519,8031.302861,14410.887296,-3318.134339,-13543.360410,17835.063641
1303,19653.300000,19631.482380,-7292.233350,17009.957294,3743.291948,8977.380483,13588.035517,-1910.998333,-12191.467873,18553.333574
1304,19653.300000,19614.518702,-7691.784086,17339.934160,2952.428571,9897.857869,12716.784930,-493.889305,-10738.452015,19095.769936
1305,19653.300000,19592.715435,-8087.615144,17649.205355,2156.641336,10790.110149,11800.238814,925.797208,-9196.365019,19457.231952
1306,19653.300000,19566.077959,-8479.535103,17937.401575,1357.257403,11651.592944,10841.661789,2340.652216,-7577.997875,19634.293975
1307,19653.300000,19534.612846,-8867.354433,18204.178685,555.609930,12479.849616,9844.468180,3743.291948,-5896.774289,19625.277954
1308,19653.300000,19498.327859,-9250.885590,18449.218125,-246.964152,13272.518278,8812.209861,5126.396376,-4166.639333,19430.269335
1309,19653.300000,19457.231952,-9629.943101,18672.227293,-1049.126363,14027.338525,7748.563600,6482.747425,-2401.943781,19051.116253
1310,19653.300000,19411.335264,-10004.343656,18872.939893,-1849.538914,14742.157885,6657.317968,7805.266639,-617.325071,18491.412016
1311,19653.300000,19360.649120,-10373.906200,19051.116253,-2646.866931,15414.937950,5542.359838,9087.052122,1172.414101,17756.461051
1312,19653.300000,19305.186025,-10738.452015,19206.543613,-3439.780685,16043.760196,4407.660546,10321.414555,2952.428571,16853.228632
1313,19653.300000,19244.959664,-11097.804809,19339.036376,-4226.957809,16626.831450,3257.261743,11501.912111,4707.953833,15790.274869
1314,19653.300000,19179.984897,-11451.790804,19448.436332,-5007.085503,17162.489003,2095.260998,12622.384069,6424.428513,14577.673582
1315,19653.300000,19110.277757,-11800.238814,19534.612846,-5778.862724,17649.205355,925.797208,13676.982965,8087.615144,13226.916832
1316,19653.300000,19035.855441,-12142.980334,19597.463014,-6541.002354,18085.592566,-246.964152,14660.205113,9683.718262,11750.806004
1317,19653.300000,18956.736312,-12479.849616,19636.911788,-7292.233350,18470.406218,-1418.845857,15566.919323,11199.498833,10163.330488
1318,19653.300000,18872.939893,-12810.683753,19652.912061,-8031.302861,18802.548963,-2585.673819,16392.393679,12622.384069,8479.535103
1319,19653.300000,18784.486858,-13135.322758,19645.444726,-8756.978315,19081.073649,-3743.291948,17132.320239,13940.571708,6715.377504
1320,19653.300000,18691.399032,-13453.609637,19614.518702,-9468.049483,19305.186025,-4887.576959,17782.837510,15143.127914,4887.576959
1321,19653.300000,18593.699383,-13765.390470,19560.170916,-10163.330488,19474.247003,-6014.453060,18340.550607,16220.077968,3013.455892
1322,19653.300000,18491.412016,-14070.514482,19482.466266,-10841.661789,19587.774483,-7119.906464,18802.548963,17162.489003,1110.775714
1323,19653.300000,18384.562171,-14368.834118,19381.497538,-11501.912111,19645.444726,-8199.999691,19166.421526,17962.544098,-802.431503
1324,19653.300000,18273.176210,-14660.205113,19257.385301,-12142.980334,19647.093277,-9250.885590,19430.269335,18613.607118,-2708.033920
1325,19653.300000,18157.281616,-14944.486564,19110.277757,-12763.797328,19592.715435,-10268.821042,19592.715435,19110.277757,-4587.971769
1326,19653.300000,18036.906985,-15221.540993,18940.350567,-13363.327738,19482.466266,-11250.180294,19652.912061,19448.436332,-6424.428513
1327,19653.300000,17912.082017,-15491.234420,18747.806642,-13940.571708,19316.660160,-12191.467873,19610.545061,19625.277954,-8199.999691
1328,19653.300000,17782.837510,-15753.436424,18532.875899,-14494.566549,19095.769936,-13089.331034,19465.835538,19639.335793,-9897.857869
1329,19653.300000,17649.205355,-16008.020205,18295.814988,-15024.388349,18820.425494,-13940.571708,19219.538694,19490.493244,-11501.912111
1330,19653.300000,17511.218522,-16254.862650,18036.906985,-15529.153505,18491.412016,-14742.157885,18872.939893,19179.984897,-12996.960483
1331,19653.300000,17368.911058,-16493.844388,17756.461051,-16008.020205,18109.667730,-15491.234420,18427.847945,18710.386294,-14368.834118
1332,19653.300000,17222.318075,-16724.849849,17454.812069,-16460.189829,17676.281231,-16185.133201,17886.585674,18085.592566,-15604.531502
1333,19653.300000,17071.475743,-16947.767321,17132.320239,-16884.908279,17192.488380,-16821.382650,17251.977792,17310.786125,-16692.341688
1334,19653.300000,16916.421279,-17162.489003,16789.370648,-17281.467239,16659.668781,-17397.716531,16527.336159,16392.393679,-17621.955288
1335,19653.300000,16757.192942,-17368.911058,16426.372815,-17649.205355,16079.341841,-17912.082017,15716.442499,15338.032925,-18384.562171
1336,19653.300000,16593.830018,-17566.933661,16043.760196,-17987.509338,15453.162443,-18362.647005,14823.528661,14156.449359,-18972.934962
1337,19653.300000,16426.372815,-17756.461051,15641.989670,-18295.814988,14782.916224,-18747.806642,13853.254540,12857.443742,-19381.497538
1338,19653.300000,16254.862650,-17937.401575,15221.540993,-18573.608135,14070.514482,-19066.189039,12810.683753,11451.790804,-19606.377871
1339,19653.300000,16079.341841,-18109.667730,14782.916224,-18820.425494,13317.988730,-19316.660160,11701.257217,9951.149869,-19645.444726
1340,19653.300000,15899.853696,-18273.176210,14326.639125,-19035.855441,12527.484898,-19498.327859,10530.764750,8367.968151,-19498.327859
1341,19653.300000,15716.442499,-18427.847945,13853.254540,-19219.538694,11701.257217,-19610.545061,9305.314859,6715.377504,-19166.421526
1342,19653.300000,15529.153505,-18573.608135,13363.327738,-19371.168922,10841.661789,-19652.912061,8031.302861,5007.085503,-18652.871266
1343,19653.300000,15338.032925,-18710.386294,12857.443742,-19490.493244,9951.149869,-19625.277954,6715.377504,3257.261743,-17962.544098
1344,19653.300000,15143.127914,-18838.116276,12336.206631,-19577.312661,9032.260875,-19527.741169,5364.406274,1480.420307,-17101.982386
1345,19653.300000,14944.486564,-18956.736312,11800.238814,-19631.482380,8087.615144,-19360.649120,3985.439552,-308.700619,-16079.341841
1346,19653.300000,14742.157885,-19066.189039,11250.180294,-19652.912061,7119.906464,-19124.596966,2585.673819,-2095.260998,-14904.314230
1347,19653.300000,14536.191799,-19166.421526,10686.687896,-19641.565965,6131.894391,-18820.425494,1172.414101,-3864.442030,-13588.035517
1348,19653.300000,14326.639125,-19257.385301,10110.434489,-19597.463014,5126.396376,-18449.218125,-246.964152,-5601.569071,-12142.980334
1349,19653.300000,14113.551568,-19339.036376,9522.108179,-19520.676761,4106.279735,-18012.297048,-1665.053560,-7292.233350,-10582.843751
1350,19653.300000,13896.981703,-19411.335264,8922.411489,-19411.335264,3074.453472,-17511.218522,-3074.453472,-8922.411489,-8922.411489
1351,19653.300000,13676.982965,-19474.247003,8312.060517,-19269.620875,2033.859981,-16947.767321,-4467.808580,-10478.581814,-7177.419787
1352,19653.300000,13453.609637,-19527.741169,7691.784086,-19095.769936,987.466658,-16323.950386,-5837.847315,-11947.836520,-5364.406274
1353,19653.300000,13226.916832,-19571.791893,7062.322871,-18890.072384,-61.742561,-15641.989670,-7177.419787,-13317.988730,-3500.553234
1354,19653.300000,12996.960483,-19606.377871,6424.428513,-18652.871266,-1110.775714,-14904.314230,-8479.535103,-14577.673582,-1603.524766
1355,19653.300000,12763.797328,-19631.482380,5778.862724,-18384.562171,-2156.641336,-14113.551568,-9737.397848,-15716.442499,308.700619
1356,19653.300000,12527.484898,-19647.093277,5126.396376,-18085.592566,-3196.356999,-13272.518278,-10944.443554,-16724.849849,2218.000389
1357,19653.300000,12288.081498,-19653.203015,4467.808580,-17756.461051,-4226.957809,-12384.210011,-12094.372949,-17594.531300,4106.279735
1358,19653.300000,12045.646198,-19649.808638,3803.885760,-17397.716531,-5245.504867,-11451.790804,-13181.184841,-18318.273194,5955.643065
1359,19653.300000,11800.238814,-19636.911788,3135.420708,-17009.957294,-6249.093645,-10478.581814,-14199.207431,-18890.072384,7748.563600
1360,19653.300000,11551.919899,-19614.518702,2463.211639,-16593.830018,-7234.862271,-9468.049483,-15143.127914,-19305.186025,9468.049483
1361,19653.300000,11300.750720,-19582.640208,1788.061241,-16150.028693,-8199.999691,-8423.793196,-16008.020205,-19560.170916,11097.804809
1362,19653.300000,11046.793250,-19541.291724,1110.775714,-15679.293459,-9141.753683,-7349.532458,-16789.370648,-19652.912061,12622.384069
1363,19653.300000,10790.110149,-19490.493244,432.163805,-15182.409376,-10057.438704,-6249.093645,-17483.101571,-19582.640208,14027.338525
1364,19653.300000,10530.764750,-19430.269335,-246.964152,-14660.205113,-10944.443554,-5126.396376,-18085.592566,-19349.938236,15299.353151
1365,19653.300000,10268.821042,-19360.649120,-925.797208,-14113.551568,-11800.238814,-3985.439552,-18593.699383,-18956.736312,16426.372815
1366,19653.300000,10004.343656,-19281.666266,-1603.524766,-13543.360410,-12622.384069,-2830.287113,-19004.770339,-18406.295889,17397.716531
1367,19653.300000,9737.397848,-19193.358971,-2279.337551,-12950.582567,-13408.534856,-1665.053560,-19316.660160,-17703.182649,18204.178685
1368,19653.300000,9468.049483,-19095.769936,-2952.428571,-12336.206631,-14156.449359,-493.889305,-19527.741169,-16853.228632,18838.116276
1369,19653.300000,9196.365019,-18988.946358,-3621.994086,-11701.257217,-14863.994796,679.034120,-19636.911788,-15863.483866,19293.521355
1370,19653.300000,8922.411489,-18872.939893,-4287.234566,-11046.793250,-15529.153505,1849.538914,-19643.602283,-14742.157885,19566.077959
1371,19653.300000,8646.256487,-18747.806642,-4947.355645,-10373.906200,-16150.028693,3013.455892,-19547.777737,-13498.551636,19653.203015
1372,19653.300000,8367.968151,-18613.607118,-5601.569071,-9683.718262,-16724.849849,4166.639333,-19349.938236,-12142.980334,19554.070822
1373,19653.300000,8087.615144,-18470.406218,-6249.093645,-8977.380483,-17251.977792,5304.981750,-19051.116253,-10686.687896,19269.620875
1374,19653.300000,7805.266639,-18318.273194,-6889.156155,-8256.070846,-17729.909344,6424.428513,-18652.871266,-9141.753683,18802.548963
1375,19653.300000,7520.992301,-18157.281616,-7520.992301,-7520.992301,-18157.281616,7520.992301,-18157.281616,-7520.992301,18157.281616
1376,19653.300000,7234.862271,-17987.509338,-8143.847606,-6773.370762,-18532.875899,8590.767297,-17566.933661,-5837.847315,17339.934160
1377,19653.300000,6946.947147,-17809.038460,-8756.978315,-6014.453060,-18855.621133,9629.943101,-16884.908279,-4106.279735,16358.252757
1378,19653.300000,6657.317968,-17621.955288,-9359.652288,-5245.504867,-19124.596966,10634.818304,-16114.764790,-2340.652216,15221.540993
1379,19653.300000,6366.046195,-17426.350296,-9951.149869,-4467.808580,-19339.036376,11601.813674,-15260.522380,-555.609930,13940.571708
1380,19653.300000,6073.203696,-17222.318075,-10530.764750,-3682.661190,-19498.327859,12527.484898,-14326.639125,1234.040917,12527.484898
1381,19653.300000,5778.862724,-17009.957294,-11097.804809,-2891.372110,-19602.017175,13408.534856,-13317.988730,3013.455892,10995.672663
1382,19653.300000,5483.095904,-16789.370648,-11651.592944,-2095.260998,-19649.808638,14241.825364,-12239.835086,4767.875463,9359.652288
1383,19653.300000,5185.976213,-16560.664812,-12191.467873,-1295.655554,-19641.565965,15024.388349,-11097.804809,6482.747425,7634.928658
1384,19653.300000,4887.576959,-16323.950386,-12716.784930,-493.889305,-19577.312661,15753.436424,-9897.857869,8143.847606,5837.847315
1385,19653.300000,4587.971769,-16079.341841,-13226.916832,308.700619,-19457.231952,16426.372815,-8646.256487,9737.397848,3985.439552
1386,19653.300000,4287.234566,-15826.957470,-13721.254429,1110.775714,-19281.666266,17040.800611,-7349.532458,11250.180294,2095.260998
1387,19653.300000,3985.439552,-15566.919323,-14199.207431,1910.998333,-19051.116253,17594.531300,-6014.453060,12669.647021,185.225247
1388,19653.300000,3682.661190,-15299.353151,-14660.205113,2708.033920,-18766.239357,18085.592566,-4647.985738,13984.024125,-1726.565921
1389,19653.300000,3378.974187,-15024.388349,-15103.696996,3500.553234,-18427.847945,18512.235312,-3257.261743,15182.409376,-3621.994086
1390,19653.300000,3074.453472,-14742.157885,-15529.153505,4287.234566,-18036.906985,18872.939893,-1849.538914,16254.862650,-5483.095904
1391,19653.300000,2769.174182,-14452.798244,-15936.066600,5066.765943,-17594.531300,19166.421526,-432.163805,17192.488380,-7292.233350
1392,19653.300000,2463.211639,-14156.449359,-16323.950386,5837.847315,-17101.982386,19391.634867,987.466658,17987.509338,-9032.260875
1393,19653.300000,2156.641336,-13853.254540,-16692.341688,6599.192727,-16560.664812,19547.777737,2401.943781,18633.331144,-10686.687896
1394,19653.300000,1849.538914,-13543.360410,-17040.800611,7349.532458,-15972.122222,19634.293975,3803.885760,19124.596966,-12239.835086
1395,19653.300000,1541.980146,-13226.916832,-17368.911058,8087.615144,-15338.032925,19650.875421,5185.976213,19457.231952,-13676.982965
1396,19653.300000,1234.040917,-12904.076834,-17676.281231,8812.209861,-14660.205113,19597.463014,6541.002354,19628.477029,-14984.511402
1397,19653.300000,925.797208,-12574.996538,-17962.544098,9522.108179,-13940.571708,19474.247003,7861.892643,19636.911788,-16150.028693
1398,19653.300000,617.325071,-12239.835086,-18227.357832,10216.126180,-13181.184841,19281.666266,9141.753683,19482.466266,-17162.489003
1399,19653.300000,308.700619,-11898.754559,-18470.406218,10893.106427,-12384.210011,19020.406752,10373.906200,19166.421526,-18012.297048
1400,19653.300000,0.000000,-11551.919899,-18691.399032,11551.919899,-11551.919899,18691.399032,11551.919899,18691.399032,-18691.399032
1401,19653.300000,-308.700619,-11199.498833,-18890.072384,12191.467873,-10686.687896,18295.814988,12669.647021,18061.338904,-19193.358971
1402,19653.300000,-617.325071,-10841.661789,-19066.189039,12810.683753,-9790.981331,17835.063641,13721.254429,17281.467239,-19513.419692
1403,19653.300000,-925.797208,-10478.581814,-19219.538694,13408.534856,-8867.354433,17310.786125,14701.254047,16358.252757,-19648.547919
1404,19653.300000,-1234.040917,-10110.434489,-19349.938236,13984.024125,-7918.441053,16724.849849,15604.531502,15299.353151,-19597.463014
1405,19653.300000,-1541.980146,-9737.397848,-19457.231952,14536.191799,-6946.947147,16079.341841,16426.372815,14113.551568,-19360.649120
1406,19653.300000,-1849.538914,-9359.652288,-19541.291724,15064.117011,-5955.643065,15376.561318,17162.489003,12810.683753,-18940.350567
1407,19653.300000,-2156.641336,-8977.380483,-19602.017175,15566.919323,-4947.355645,14619.011490,17809.038460,11401.556473,-18340.550607
1408,19653.300000,-2463.211639,-8590.767297,-19639.335793,16043.760196,-3924.960160,13809.390651,18362.647005,9897.857869,-17566.933661
1409,19653.300000,-2769.174182,-8199.999691,-19653.203015,16493.844388,-2891.372110,12950.582567,18820.425494,8312.060517,-16626.831450
1410,19653.300000,-3074.453472,-7805.266639,-19643.602283,16916.421279,-1849.538914,12045.646198,19179.984897,6657.317968,-15529.153505
1411,19653.300000,-3378.974187,-7406.759029,-19610.545061,17310.786125,-802.431503,11097.804809,19439.448763,4947.355645,-14284.302735
1412,19653.300000,-3682.661190,-7004.669576,-19554.070822,17676.281231,246.964152,10110.434489,19597.463014,3196.356999,-12904.076834
1413,19653.300000,-3985.439552,-6599.192727,-19474.247003,18012.297048,1295.655554,9087.052122,19653.203015,1418.845857,-11401.556473
1414,19653.300000,-4287.234566,-6190.524567,-19371.168922,18318.273194,2340.652216,8031.302861,19606.377871,-370.434040,-9790.981331
1415,19653.300000,-4587.971769,-5778.862724,-19244.959664,18593.699383,3378.974187,6946.947147,19457.231952,-2156.641336,-8087.615144
1416,19653.300000,-4887.576959,-5364.406274,-19095.769936,18838.116276,4407.660546,5837.847315,19206.543613,-3924.960160,-6307.601047
1417,19653.300000,-5185.976213,-4947.355645,-18923.777887,19051.116253,5423.777855,4707.953833,18855.621133,-5660.723019,-4467.808580
1418,19653.300000,-5483.095904,-4527.912519,-18729.188893,19232.344087,6424.428513,3561.291234,18406.295889,-7349.532458,-2585.673819
1419,19653.300000,-5778.862724,-4106.279735,-18512.235312,19381.497538,7406.759029,2401.943781,17860.912797,-8977.380483,-679.034120
1420,19653.300000,-6073.203696,-3682.661190,-18273.176210,19498.327859,8367.968151,1234.040917,17222.318075,-10530.764750,1234.040917
1421,19653.300000,-6366.046195,-3257.261743,-18012.297048,19582.640208,9305.314859,61.742561,16493.844388,-11996.800560,3135.420708
1422,19653.300000,-6657.317968,-2830.287113,-17729.909344,19634.293975,10216.126180,-1110.775714,15679.293459,-13363.327738,5007.085503
1423,19653.300000,-6946.947147,-2401.943781,-17426.350296,19653.203015,11097.804809,-2279.337551,14782.916224,-14619.011490,6831.297170
1424,19653.300000,-7234.862271,-1972.438890,-17101.982386,19639.335793,11947.836520,-3439.780685,13809.390651,-15753.436424,8590.767297
1425,19653.300000,-7520.992301,-1541.980146,-16757.192942,19592.715435,12763.797328,-4587.971769,12763.797328,-16757.192942,10268.821042
1426,19653.300000,-7805.266639,-1110.775714,-16392.393679,19513.419692,13543.360410,-5719.821098,11651.592944,-17621.955288,11849.555162
1427,19653.300000,-8087.615144,-679.034120,-16008.020205,19401.580809,14284.302735,-6831.297170,10478.581814,-18340.550607,13317.988730
1428,19653.300000,-8367.968151,-246.964152,-15604.531502,19257.385301,14984.511402,-7918.441053,9250.885590,-18907.018438,14660.205113
1429,19653.300000,-8646.256487,185.225247,-15182.409376,19081.073649,15641.989670,-8977.380483,7974.911311,-19316.660160,15863.483866
1430,19653.300000,-8922.411489,617.325071,-14742.157885,18872.939893,16254.862650,-10004.343656,6657.317968,-19566.077959,16916.421279
1431,19653.300000,-9196.365019,1049.126363,-14284.302735,18633.331144,16821.382650,-10995.672663,5304.981750,-19653.203015,17809.038460
1432,19653.300000,-9468.049483,1480.420307,-13809.390651,18362.647005,17339.934160,-11947.836520,3924.960160,-19577.312661,18532.875899
1433,19653.300000,-9737.397848,1910.998333,-13317.988730,18061.338904,17809.038460,-12857.443742,2524.455187,-19339.036376,19081.073649
1434,19653.300000,-10004.343656,2340.652216,-12810.683753,17729.909344,18227.357832,-13721.254429,1110.775714,-18940.350567,19448.436332
1435,19653.300000,-10268.821042,2769.174182,-12288.081498,17368.911058,18593.699383,-14536.191799,-308.700619,-18384.562171,19631.482380
1436,19653.300000,-10530.764750,3196.356999,-11750.806004,16978.946095,18907.018438,-15299.353151,-1726.565921,-17676.281231,19628.477029
1437,19653.300000,-10790.110149,3621.994086,-11199.498833,16560.664812,19166.421526,-16008.020205,-3135.420708,-16821.382650,19439.448763
1438,19653.300000,-11046.793250,4045.879609,-10634.818304,16114.764790,19371.168922,-16659.668781,-4527.912519,-15826.957470,19066.189039
1439,19653.300000,-11300.750720,4467.808580,-10057.438704,15641.989670,19520.676761,-17251.977792,-5896.774289,-14701.254047,18512.235312
1440,19653.300000,-11551.919899,4887.576959,-9468.049483,15143.127914,19614.518702,-17782.837510,-7234.862271,-13453.609637,17782.837510
1441,19653.300000,-11800.238814,5304.981750,-8867.354433,14619.011490,19652.427140,-18250.357083,-8535.193319,-12094.372949,16884.908279
1442,19653.300000,-12045.646198,5719.821098,-8256.070846,14070.514482,19634.293975,-18652.871266,-9790.981331,-10634.818304,15826.957470
1443,19653.300000,-12288.081498,6131.894391,-7634.928658,13498.551636,19560.170916,-18988.946358,-10995.672663,-9087.052122,14619.011490
1444,19653.300000,-12527.484898,6541.002354,-7004.669576,12904.076834,19430.269335,-19257.385301,-12142.980334,-7463.912498,13272.518278
1445,19653.300000,-12763.797328,6946.947147,-6366.046195,12288.081498,19244.959664,-19457.231952,-13226.916832,-5778.862724,11800.238814
1446,19653.300000,-12996.960483,7349.532458,-5719.821098,11651.592944,19004.770339,-19587.774483,-14241.825364,-4045.879609,10216.126180
1447,19653.300000,-13226.916832,7748.563600,-5066.765943,10995.672663,18710.386294,-19648.547919,-15182.409376,-2279.337551,8535.193319
1448,19653.300000,-13453.609637,8143.847606,-4407.660546,10321.414555,18362.647005,-19639.335793,-16043.760196,-493.889305,6773.370762
1449,19653.300000,-13676.982965,8535.193319,-3743.291948,9629.943101,17962.544098,-19560.170916,-16821.382650,1295.655554,4947.355645
1450,19653.300000,-13896.981703,8922.411489,-3074.453472,8922.411489,17511.218522,-19411.335264,-17511.218522,3074.453472,3074.453472
1451,19653.300000,-14113.551568,9305.314859,-2401.943781,8199.999691,17009.957294,-19193.358971,-18109.667730,4827.750035,1172.414101
1452,19653.300000,-14326.639125,9683.718262,-1726.565921,7463.912498,16460.189829,-18907.018438,-18613.607118,6541.002354,-740.736467
1453,19653.300000,-14536.191799,10057.438704,-1049.126363,6715.377504,15863.483866,-18553.333574,-19020.406752,8199.999691,-2646.866931
1454,19653.300000,-14742.157885,10426.295459,-370.434040,5955.643065,15221.540993,-18133.564158,-19327.943647,9790.981331,-4527.912519
1455,19653.300000,-14944.486564,10790.110149,308.700619,5185.976213,14536.191799,-17649.205355,-19534.612846,11300.750720,-6366.046195
1456,19653.300000,-15143.127914,11148.706838,987.466658,4407.660546,13809.390651,-17101.982386,-19639.335793,12716.784930,-8143.847606
1457,19653.300000,-15338.032925,11501.912111,1665.053560,3621.994086,13043.210124,-16493.844388,-19641.565965,14027.338525,-9844.468180
1458,19653.300000,-15529.153505,11849.555162,2340.652216,2830.287113,12239.835086,-15826.957470,-19541.291724,15221.540993,-11451.790804
1459,19653.300000,-15716.442499,12191.467873,3013.455892,2033.859981,11401.556472,-15103.696996,-19339.036376,16289.486903,-12950.582567
1460,19653.300000,-15899.853696,12527.484898,3682.661190,1234.040917,10530.764750,-14326.639125,-19035.855441,17222.318075,-14326.639125
1461,19653.300000,-16079.341841,12857.443742,4347.469010,432.163805,9629.943101,-13498.551636,-18633.331144,18012.297048,-15566.919323
1462,19653.300000,-16254.862650,13181.184841,5007.085503,-370.434040,8701.660342,-12622.384069,-18133.564158,18652.871266,-16659.668781
1463,19653.300000,-16426.372815,13498.551636,5660.723019,-1172.414101,7748.563600,-11701.257217,-17539.162644,19138.727423,-17594.531300
1464,19653.300000,-16593.830018,13809.390651,6307.601047,-1972.438890,6773.370762,-10738.452015,-16853.228632,19465.835538,-18362.647005
1465,19653.300000,-16757.192942,14113.551568,6946.947147,-2769.174182,5778.862724,-9737.397848,-16079.341841,19631.482380,-18956.736312
1466,19653.300000,-16916.421279,14410.887296,7577.997875,-3561.291234,4767.875463,-8701.660342,-15221.540993,19634.293975,-19371.168922
1467,19653.300000,-17071.475743,14701.254047,8199.999691,-4347.469010,3743.291948,-7634.928658,-14284.302735,19474.247003,-19602.017175
1468,19653.300000,-17222.318075,14984.511402,8812.209861,-5126.396376,2708.033920,-6541.002354,-13272.518278,19152.668989,-19647.093277
1469,19653.300000,-17368.911058,15260.522380,9413.897341,-5896.774289,1665.053560,-5423.777855,-12191.467873,18672.227293,-19505.970034
1470,19653.300000,-17511.218522,15529.153505,10004.343656,-6657.317968,617.325071,-4287.234566,-11046.793250,18036.906985,-19179.984897
1471,19653.300000,-17649.205355,15790.274869,10582.843751,-7406.759029,-432.163805,-3135.420708,-9844.468180,17251.977792,-18672.227293
1472,19653.300000,-17782.837510,16043.760196,11148.706838,-8143.847606,-1480.420307,-1972.438890,-8590.767297,16323.950386,-17987.509338
1473,19653.300000,-17912.082017,16289.486903,11701.257217,-8867.354433,-2524.455187,-802.431503,-7292.233350,15260.522380,-17132.320239
1474,19653.300000,-18036.906985,16527.336159,12239.835086,-9576.072896,-3561.291234,370.434040,-5955.643065,14070.514482,-16114.764790
1475,19653.300000,-18157.281616,16757.192942,12763.797328,-10268.821042,-4587.971769,1541.980146,-4587.971769,12763.797328,-14944.486564
1476,19653.300000,-18273.176210,16978.946095,13272.518278,-10944.443554,-5601.569071,2708.033920,-3196.356999,11351.209612,-13632.576515
1477,19653.300000,-18384.562171,17192.488380,13765.390470,-11601.813674,-6599.192727,3864.442030,-1788.061241,9844.468180,-12191.467873
1478,19653.300000,-18491.412016,17397.716531,14241.825364,-12239.835086,-7577.997875,5007.085503,-370.434040,8256.070846,-10634.818304
1479,19653.300000,-18593.699383,17594.531300,14701.254047,-12857.443742,-8535.193319,6131.894391,1049.126363,6599.192727,-8977.380483
1480,19653.300000,-18691.399032,17782.837510,15143.127914,-13453.609637,-9468.049483,7234.862271,2463.211639,4887.576959,-7234.862271
1481,19653.300000,-18784.486858,17962.544098,15566.919323,-14027.338525,-10373.906200,8312.060517,3864.442030,3135.420708,-5423.777855
1482,19653.300000,-18872.939893,18133.564158,15972.122222,-14577.673582,-11250.180294,9359.652288,5245.504867,1357.257403,-3561.291234
1483,19653.300000,-18956.736312,18295.814988,16358.252757,-15103.696996,-12094.372949,10373.906200,6599.192727,-432.163805,-1665.053560
1484,19653.300000,-19035.855441,18449.218125,16724.849849,-15604.531502,-12904.076834,11351.209612,7918.441053,-2218.000389,246.964152
1485,19653.300000,-19110.277757,18593.699383,17071.475743,-16079.341841,-13676.982965,12288.081498,9196.365019,-3985.439552,2156.641336
1486,19653.300000,-19179.984897,18729.188893,17397.716531,-16527.336159,-14410.887296,13181.184841,10426.295459,-5719.821098,4045.879609
1487,19653.300000,-19244.959664,18855.621133,17703.182649,-16947.767321,-15103.696996,14027.338525,11601.813674,-7406.759029,5896.774289
1488,19653.300000,-19305.186025,18972.934962,17987.509338,-17339.934160,-15753.436424,14823.528661,12716.784930,-9032.260875,7691.784086
1489,19653.300000,-19360.649120,19081.073649,18250.357083,-17703.182649,-16358.252757,15566.919323,13765.390470,-10582.843751,9413.897341
1490,19653.300000,-19411.335264,19179.984897,18491.412016,-18036.906985,-16916.421279,16254.862650,14742.157885,-12045.646198,11046.793250
1491,19653.300000,-19457.231952,19269.620875,18710.386294,-18340.550607,-17426.350296,16884.908279,15641.989670,-13408.534856,12574.996538
1492,19653.300000,-19498.327859,19349.938236,18907.018438,-18613.607118,-17886.585674,17454.812069,16460.189829,-14660.205113,13984.024125
1493,19653.300000,-19534.612846,19420.898138,19081.073649,-18855.621133,-18295.814988,17962.544098,17192.488380,-15790.274869,15260.522380
1494,19653.300000,-19566.077959,19482.466266,19232.344087,-19066.189039,-18652.871266,18406.295889,17835.063641,-16789.370648,16392.393679
1495,19653.300000,-19592.715435,19534.612846,19360.649120,-19244.959664,-18956.736312,18784.486858,18384.562171,-17649.205355,17368.911058
1496,19653.300000,-19614.518702,19577.312661,19465.835538,-19391.634867,-19206.543613,19095.769936,18838.116276,-18362.647005,18180.819869
1497,19653.300000,-19631.482380,19610.545061,19547.777737,-19505.970034,-19401.580809,19339.036376,19193.358971,-18923.777887,18820.425494
1498,19653.300000,-19643.602283,19634.293975,19606.377871,-19587.774483,-19541.291724,19513.419692,19448.436332,-19327.943647,19281.666266
1499,19653.300000,-19650.875421,19648.547919,19641.565965,-19636.911788,-19625.277954,19618.298756,19602.017175,-19571.791893,19560.170916
1500,19653.300000,-19653.300000,19653.300000,19653.300000,-19653.300000,-19653.300000,19653.300000,19653.300000,-19653.300000,19653.300000
1501,19653.300000,-19650.875421,19648.547919,19641.565965,-19636.911788,-19625.277954,19618.298756,19602.017175,-19571.791893,19560.170916
1502,19653.300000,-19643.602283,19634.293975,19606.377871,-19587.774483,-19541.291724,19513.419692,19448.436332,-19327.943647,19281.666266
1503,19653.300000,-19631.482380,19610.545061,19547.777737,-19505.970034,-19401.580809,19339.036376,19193.358971,-18923.777887,18820.425494
1504,19653.300000,-19614.518702,19577.312661,19465.835538,-19391.634867,-19206.543613,19095.769936,18838.116276,-18362.647005,18180.819869
1505,19653.300000,-19592.715435,19534.612846,19360.649120,-19244.959664,-18956.736312,18784.486858,18384.562171,-17649.205355,17368.911058
1506,19653.300000,-19566.077959,19482.466266,19232.344087,-19066.189039,-18652.871266,18406.295889,17835.063641,-16789.370648,16392.393679
1507,19653.300000,-19534.612846,19420.898138,19081.073649,-18855.621133,-18295.814988,17962.544098,17192.488380,-15790.274869,15260.522380
1508,19653.300000,-19498.327859,19349.938236,18907.018438,-18613.607118,-17886.585674,17454.812069,16460.189829,-14660.205113,13984.024125
1509,19653.300000,-19457.231952,19269.620875,18710.386294,-18340.550607,-17426.350296,16884.908279,15641.989670,-13408.534856,12574.996538
1510,19653.300000,-19411.335264,19179.984897,18491.412016,-18036.906985,-16916.421279,16254.862650,14742.157885,-12045.646198,11046.793250
1511,19653.300000,-19360.649120,19081.073649,18250.357083,-17703.182649,-16358.252757,15566.919323,13765.390470,-10582.843751,9413.897341
1512,19653.300000,-19305.186025,18972.934962,17987.509338,-17339.934160,-15753.436424,14823.528661,12716.784930,-9032.260875,7691.784086
1513,19653.300000,-19244.959664,18855.621133,17703.182649,-16947.767321,-15103.696996,14027.338525,11601.813674,-7406.759029,5896.774289
1514,19653.300000,-19179.984897,18729.188893,17397.716531,-16527.336159,-14410.887296,13181.184841,10426.295459,-5719.821098,4045.879609
1515,19653.300000,-19110.277757,18593.699383,17071.475743,-16079.341841,-13676.982965,12288.081498,9196.365019,-3985.439552,2156.641336
1516,19653.300000,-19035.855441,18449.218125,16724.849849,-15604.531502,-12904.076834,11351.209612,7918.441053,-2218.000389,246.964152
1517,19653.300000,-18956.736312,18295.814988,16358.252757,-15103.696996,-12094.372949,10373.906200,6599.192727,-432.163805,-1665.053560
1518,19653.300000,-18872.939893,18133.564158,15972.122222,-14577.673582,-11250.180294,9359.652288,5245.504867,1357.257403,-3561.291234
1519,19653.300000,-18784.486858,17962.544098,15566.919323,-14027.338525,-10373.906200,8312.060517,3864.442030,3135.420708,-5423.777855
1520,19653.300000,-18691.399032,17782.837510,15143.127914,-13453.609637,-9468.049483,7234.862271,2463.211639,4887.576959,-7234.862271
1521,19653.300000,-18593.699383,17594.531300,14701.254047,-12857.443742,-8535.193319,6131.894391,1049.126363,6599.192727,-8977.380483
1522,19653.300000,-18491.412016,17397.716531,14241.825364,-12239.835086,-7577.997875,5007.085503,-370.434040,8256.070846,-10634.818304
1523,19653.300000,-18384.562171,17192.488380,13765.390470,-11601.813674,-6599.192727,3864.442030,-1788.061241,9844.468180,-12191.467873
1524,19653.300000,-18273.176210,16978.946095,13272.518278,-10944.443554,-5601.569071,2708.033920,-3196.356999,11351.209612,-13632.576515
1525,19653.300000,-18157.281616,16757.192942,12763.797328,-10268.821042,-4587.971769,1541.980146,-4587.971769,12763.797328,-14944.486564
1526,19653.300000,-18036.906985,16527.336159,12239.835086,-9576.072896,-3561.291234,370.434040,-5955.643065,14070.514482,-16114.764790
1527,19653.300000,-17912.082017,16289.486903,11701.257217,-8867.354433,-2524.455187,-802.431503,-7292.233350,15260.522380,-17132.320239
1528,19653.300000,-17782.837510,16043.760196,11148.706838,-8143.847606,-1480.420307,-1972.438890,-8590.767297,16323.950386,-17987.509338
1529,19653.300000,-17649.205355,15790.274869,10582.843751,-7406.759029,-432.163805,-3135.420708,-9844.468180,17251.977792,-18672.227293
1530,19653.300000,-17511.218522,15529.153505,10004.343656,-6657.317968,617.325071,-4287.234566,-11046.793250,18036.906985,-19179.984897
1531,19653.300000,-17368.911058,15260.522380,9413.897341,-5896.774289,1665.053560,-5423.777855,-12191.467873,18672.227293,-19505.970034
1532,19653.300000,-17222.318075,14984.511402,8812.209861,-5126.396376,2708.033920,-6541.002354,-13272.518278,19152.668989,-19647.093277
1533,19653.300000,-17071.475743,14701.254047,8199.999691,-4347.469010,3743.291948,-7634.928658,-14284.302735,19474.247003,-19602.017175
1534,19653.300000,-16916.421279,14410.887296,7577.997875,-3561.291234,4767.875463,-8701.660342,-15221.540993,19634.293975,-19371.168922
1535,19653.300000,-16757.192942,14113.551568,6946.947147,-2769.174182,5778.862724,-9737.397848,-16079.341841,19631.482380,-18956.736312
1536,19653.300000,-16593.830018,13809.390651,6307.601047,-1972.438890,6773.370762,-10738.452015,-16853.228632,19465.835538,-18362.647005
1537,19653.300000,-16426.372815,13498.551636,5660.723019,-1172.414101,7748.563600,-11701.257217,-17539.162644,19138.727423,-17594.531300
1538,19653.300000,-16254.862650,13181.184841,5007.085503,-370.434040,8701.660342,-12622.384069,-18133.564158,18652.871266,-16659.668781
1539,19653.300000,-16079.341841,12857.443742,4347.469010,432.163805,9629.943101,-13498.551636,-18633.331144,18012.297048,-15566.919323
1540,19653.300000,-15899.853696,12527.484898,3682.661190,1234.040917,10530.764750,-14326.639125,-19035.855441,17222.318075,-14326.639125
1541,19653.300000,-15716.442499,12191.467873,3013.455892,2033.859981,11401.556472,-15103.696996,-19339.036376,16289.486903,-12950.582567
1542,19653.300000,-15529.153505,11849.555162,2340.652216,2830.287113,12239.835086,-15826.957470,-19541.291724,15221.540993,-11451.790804
1543,19653.300000,-15338.032925,11501.912111,1665.053560,3621.994086,13043.210124,-16493.844388,-19641.565965,14027.338525,-9844.468180
1544,19653.300000,-15143.127914,11148.706838,987.466658,4407.660546,13809.390651,-17101.982386,-19639.335793,12716.784930,-8143.847606
1545,19653.300000,-14944.486564,10790.110149,308.700619,5185.976213,14536.191799,-17649.205355,-19534.612846,11300.750720,-6366.046195
1546,19653.300000,-14742.157885,10426.295459,-370.434040,5955.643065,15221.540993,-18133.564158,-19327.943647,9790.981331,-4527.912519
1547,19653.300000,-14536.191799,10057.438704,-1049.126363,6715.377504,15863.483866,-18553.333574,-19020.406752,8199.999691,-2646.866931
1548,19653.300000,-14326.639125,9683.718262,-1726.565921,7463.912498,16460.189829,-18907.018438,-18613.607118,6541.002354,-740.736467
1549,19653.300000,-14113.551568,9305.314859,-2401.943781,8199.999691,17009.957294,-19193.358971,-18109.667730,4827.750035,1172.414101
1550,19653.300000,-13896.981703,8922.411489,-3074.453472,8922.411489,17511.218522,-19411.335264,-17511.218522,3074.453472,3074.453472
1551,19653.300000,-13676.982965,8535.193319,-3743.291948,9629.943101,17962.544098,-19560.170916,-16821.382650,1295.655554,4947.355645
1552,19653.300000,-13453.609637,8143.847606,-4407.660546,10321.414555,18362.647005,-19639.335793,-16043.760196,-493.889305,6773.370762
1553,19653.300000,-13226.916832,7748.563600,-5066.765943,10995.672663,18710.386294,-19648.547919,-15182.409376,-2279.337551,8535.193319
1554,19653.300000,-12996.960483,7349.532458,-5719.821098,11651.592944,19004.770339,-19587.774483,-14241.825364,-4045.879609,10216.126180
1555,19653.300000,-12763.797328,6946.947147,-6366.046195,12288.081498,19244.959664,-19457.231952,-13226.916832,-5778.862724,11800.238814
1556,19653.300000,-12527.484898,6541.002354,-7004.669576,12904.076834,19430.269335,-19257.385301,-12142.980334,-7463.912498,13272.518278
1557,19653.300000,-12288.081498,6131.894391,-7634.928658,13498.551636,19560.170916,-18988.946358,-10995.672663,-9087.052122,14619.011490
1558,19653.300000,-12045.646198,5719.821098,-8256.070846,14070.514482,19634.293975,-18652.871266,-9790.981331,-10634.818304,15826.957470
1559,19653.300000,-11800.238814,5304.981750,-8867.354433,14619.011490,19652.427140,-18250.357083,-8535.193319,-12094.372949,16884.908279
1560,19653.300000,-11551.919899,4887.576959,-9468.049483,15143.127914,19614.518702,-17782.837510,-7234.862271,-13453.609637,17782.837510
1561,19653.300000,-11300.750720,4467.808580,-10057.438704,15641.989670,19520.676761,-17251.977792,-5896.774289,-14701.254047,18512.235312
1562,19653.300000,-11046.793250,4045.879609,-10634.818304,16114.764790,19371.168922,-16659.668781,-4527.912519,-15826.957470,19066.189039
1563,19653.300000,-10790.110149,3621.994086,-11199.498833,16560.664812,19166.421526,-16008.020205,-3135.420708,-16821.382650,19439.448763
1564,19653.300000,-10530.764750,3196.356999,-11750.806004,16978.946095,18907.018438,-15299.353151,-1726.565921,-17676.281231,19628.477029
1565,19653.300000,-10268.821042,2769.174182,-12288.081498,17368.911058,18593.699383,-14536.191799,-308.700619,-18384.562171,19631.482380
1566,19653.300000,-10004.343656,2340.652216,-12810.683753,17729.909344,18227.357832,-13721.254429,1110.775714,-18940.350567,19448.436332
1567,19653.300000,-9737.397848,1910.998333,-13317.988730,18061.338904,17809.038460,-12857.443742,2524.455187,-19339.036376,19081.073649
1568,19653.300000,-9468.049483,1480.420307,-13809.390651,18362.647005,17339.934160,-11947.836520,3924.960160,-19577.312661,18532.875899
1569,19653.300000,-9196.365019,1049.126363,-14284.302735,18633.331144,16821.382650,-10995.672663,5304.981750,-19653.203015,17809.038460
1570,19653.300000,-8922.411489,617.325071,-14742.157885,18872.939893,16254.862650,-10004.343656,6657.317968,-19566.077959,16916.421279
1571,19653.300000,-8646.256487,185.225247,-15182.409376,19081.073649,15641.989670,-8977.380483,7974.911311,-19316.660160,15863.483866
1572,19653.300000,-8367.968151,-246.964152,-15604.531502,19257.385301,14984.511402,-7918.441053,9250.885590,-18907.018438,14660.205113
1573,19653.300000,-8087.615144,-679.034120,-16008.020205,19401.580809,14284.302735,-6831.297170,10478.581814,-18340.550607,13317.988730
1574,19653.300000,-7805.266639,-1110.775714,-16392.393679,19513.419692,13543.360410,-5719.821098,11651.592944,-17621.955288,11849.555162
1575,19653.300000,-7520.992301,-1541.980146,-16757.192942,19592.715435,12763.797328,-4587.971769,12763.797328,-16757.192942,10268.821042
1576,19653.300000,-7234.862271,-1972.438890,-17101.982386,19639.335793,11947.836520,-3439.780685,13809.390651,-15753.436424,8590.767297
1577,19653.300000,-6946.947147,-2401.943781,-17426.350296,19653.203015,11097.804809,-2279.337551,14782.916224,-14619.011490,6831.297170
1578,19653.300000,-6657.317968,-2830.287113,-17729.909344,19634.293975,10216.126180,-1110.775714,15679.293459,-13363.327738,5007.085503
1579,19653.300000,-6366.046195,-3257.261743,-18012.297048,19582.640208,9305.314859,61.742561,16493.844388,-11996.800560,3135.420708
1580,19653.300000,-6073.203696,-3682.661190,-18273.176210,19498.327859,8367.968151,1234.040917,17222.318075,-10530.764750,1234.040917
1581,19653.300000,-5778.862724,-4106.279735,-18512.235312,19381.497538,7406.759029,2401.943781,17860.912797,-8977.380483,-679.034120
1582,19653.300000,-5483.095904,-4527.912519,-18729.188893,19232.344087,6424.428513,3561.291234,18406.295889,-7349.532458,-2585.673819
1583,19653.300000,-5185.976213,-4947.355645,-18923.777887,19051.116253,5423.777855,4707.953833,18855.621133,-5660.723019,-4467.808580
1584,19653.300000,-4887.576959,-5364.406274,-19095.769936,18838.116276,4407.660546,5837.847315,19206.543613,-3924.960160,-6307.601047
1585,19653.300000,-4587.971769,-5778.862724,-19244.959664,18593.699383,3378.974187,6946.947147,19457.231952,-2156.641336,-8087.615144
1586,19653.300000,-4287.234566,-6190.524567,-19371.168922,18318.273194,2340.652216,8031.302861,19606.377871,-370.434040,-9790.981331
1587,19653.300000,-3985.439552,-6599.192727,-19474.247003,18012.297048,1295.655554,9087.052122,19653.203015,1418.845857,-11401.556472
1588,19653.300000,-3682.661190,-7004.669576,-19554.070822,17676.281231,246.964152,10110.434489,19597.463014,3196.356999,-12904.076834
1589,19653.300000,-3378.974187,-7406.759029,-19610.545061,17310.786125,-802.431503,11097.804809,19439.448763,4947.355645,-14284.302735
1590,19653.300000,-3074.453472,-7805.266639,-19643.602283,16916.421279,-1849.538914,12045.646198,19179.984897,6657.317968,-15529.153505
1591,19653.300000,-2769.174182,-8199.999691,-19653.203015,16493.844388,-2891.372110,12950.582567,18820.425494,8312.060517,-16626.831450
1592,19653.300000,-2463.211639,-8590.767297,-19639.335793,16043.760196,-3924.960160,13809.390651,18362.647005,9897.857869,-17566.933661
1593,19653.300000,-2156.641336,-8977.380483,-19602.017175,15566.919323,-4947.355645,14619.011490,17809.038460,11401.556472,-18340.550607
1594,19653.300000,-1849.538914,-9359.652288,-19541.291724,15064.117011,-5955.643065,15376.561318,17162.489003,12810.683753,-18940.350567
1595,19653.300000,-1541.980146,-9737.397848,-19457.231952,14536.191799,-6946.947147,16079.341841,16426.372815,14113.551568,-19360.649120
1596,19653.300000,-1234.040917,-10110.434489,-19349.938236,13984.024125,-7918.441053,16724.849849,15604.531502,15299.353151,-19597.463014
1597,19653.300000,-925.797208,-10478.581814,-19219.538694,13408.534856,-8867.354433,17310.786125,14701.254047,16358.252757,-19648.547919
1598,19653.300000,-617.325071,-10841.661789,-19066.189039,12810.683753,-9790.981331,17835.063641,13721.254429,17281.467239,-19513.419692
1599,19653.300000,-308.700619,-11199.498833,-18890.072384,12191.467873,-10686.687896,18295.814988,12669.647021,18061.338904,-19193.358971
1600,19653.300000,0.000000,-11551.919899,-18691.399032,11551.919899,-11551.919899,18691.399032,11551.919899,18691.399032,-18691.399032
1601,19653.300000,308.700619,-11898.754559,-18470.406218,10893.106427,-12384.210011,19020.406752,10373.906200,19166.421526,-18012.297048
1602,19653.300000,617.325071,-12239.835086,-18227.357832,10216.126180,-13181.184841,19281.666266,9141.753683,19482.466266,-17162.489003
1603,19653.300000,925.797208,-12574.996538,-17962.544098,9522.108179,-13940.571708,19474.247003,7861.892643,19636.911788,-16150.028693
1604,19653.300000,1234.040917,-12904.076834,-17676.281231,8812.209861,-14660.205113,19597.463014,6541.002354,19628.477029,-14984.511402
1605,19653.300000,1541.980146,-13226.916832,-17368.911058,8087.615144,-15338.032925,19650.875421,5185.976213,19457.231952,-13676.982965
1606,19653.300000,1849.538914,-13543.360410,-17040.800611,7349.532458,-15972.122222,19634.293975,3803.885760,19124.596966,-12239.835086
1607,19653.300000,2156.641336,-13853.254540,-16692.341688,6599.192727,-16560.664812,19547.777737,2401.943781,18633.331144,-10686.687896
1608,19653.300000,2463.211639,-14156.449359,-16323.950386,5837.847315,-17101.982386,19391.634867,987.466658,17987.509338,-9032.260875
1609,19653.300000,2769.174182,-14452.798244,-15936.066600,5066.765943,-17594.531300,19166.421526,-432.163805,17192.488380,-7292.233350
1610,19653.300000,3074.453472,-14742.157885,-15529.153505,4287.234566,-18036.906985,18872.939893,-1849.538914,16254.862650,-5483.095904
1611,19653.300000,3378.974187,-15024.388349,-15103.696996,3500.553234,-18427.847945,18512.235312,-3257.261743,15182.409376,-3621.994086
1612,19653.300000,3682.661190,-15299.353151,-14660.205113,2708.033920,-18766.239357,18085.592566,-4647.985738,13984.024125,-1726.565921
1613,19653.300000,3985.439552,-15566.919323,-14199.207431,1910.998333,-19051.116253,17594.531300,-6014.453060,12669.647021,185.225247
1614,19653.300000,4287.234566,-15826.957470,-13721.254429,1110.775714,-19281.666266,17040.800611,-7349.532458,11250.180294,2095.260998
1615,19653.300000,4587.971769,-16079.341841,-13226.916832,308.700619,-19457.231952,16426.372815,-8646.256487,9737.397848,3985.439552
1616,19653.300000,4887.576959,-16323.950386,-12716.784930,-493.889305,-19577.312661,15753.436424,-9897.857869,8143.847606,5837.847315
1617,19653.300000,5185.976213,-16560.664812,-12191.467873,-1295.655554,-19641.565965,15024.388349,-11097.804809,6482.747425,7634.928658
1618,19653.300000,5483.095904,-16789.370648,-11651.592944,-2095.260998,-19649.808638,14241.825364,-12239.835086,4767.875463,9359.652288
1619,19653.300000,5778.862724,-17009.957294,-11097.804809,-2891.372110,-19602.017175,13408.534856,-13317.988730,3013.455892,10995.672663
1620,19653.300000,6073.203696,-17222.318075,-10530.764750,-3682.661190,-19498.327859,12527.484898,-14326.639125,1234.040917,12527.484898
1621,19653.300000,6366.046195,-17426.350296,-9951.149869,-4467.808580,-19339.036376,11601.813674,-15260.522380,-555.609930,13940.571708
1622,19653.300000,6657.317968,-17621.955288,-9359.652288,-5245.504867,-19124.596966,10634.818304,-16114.764790,-2340.652216,15221.540993
1623,19653.300000,6946.947147,-17809.038460,-8756.978315,-6014.453060,-18855.621133,9629.943101,-16884.908279,-4106.279735,16358.252757
1624,19653.300000,7234.862271,-17987.509338,-8143.847606,-6773.370762,-18532.875899,8590.767297,-17566.933661,-5837.847315,17339.934160
1625,19653.300000,7520.992301,-18157.281616,-7520.992301,-7520.992301,-18157.281616,7520.992301,-18157.281616,-7520.992301,18157.281616
1626,19653.300000,7805.266639,-18318.273194,-6889.156155,-8256.070846,-17729.909344,6424.428513,-18652.871266,-9141.753683,18802.548963
1627,19653.300000,8087.615144,-18470.406218,-6249.093645,-8977.380483,-17251.977792,5304.981750,-19051.116253,-10686.687896,19269.620875
1628,19653.300000,8367.968151,-18613.607118,-5601.569071,-9683.718262,-16724.849849,4166.639333,-19349.938236,-12142.980334,19554.070822
1629,19653.300000,8646.256487,-18747.806642,-4947.355645,-10373.906200,-16150.028693,3013.455892,-19547.777737,-13498.551636,19653.203015
1630,19653.300000,8922.411489,-18872.939893,-4287.234566,-11046.793250,-15529.153505,1849.538914,-19643.602283,-14742.157885,19566.077959
1631,19653.300000,9196.365019,-18988.946358,-3621.994086,-11701.257217,-14863.994796,679.034120,-19636.911788,-15863.483866,19293.521355
1632,19653.300000,9468.049483,-19095.769936,-2952.428571,-12336.206631,-14156.449359,-493.889305,-19527.741169,-16853.228632,18838.116276
1633,19653.300000,9737.397848,-19193.358971,-2279.337551,-12950.582567,-13408.534856,-1665.053560,-19316.660160,-17703.182649,18204.178685
1634,19653.300000,10004.343656,-19281.666266,-1603.524766,-13543.360410,-12622.384069,-2830.287113,-19004.770339,-18406.295889,17397.716531
1635,19653.300000,10268.821042,-19360.649120,-925.797208,-14113.551568,-11800.238814,-3985.439552,-18593.699383,-18956.736312,16426.372815
1636,19653.300000,10530.764750,-19430.269335,-246.964152,-14660.205113,-10944.443554,-5126.396376,-18085.592566,-19349.938236,15299.353151
1637,19653.300000,10790.110149,-19490.493244,432.163805,-15182.409376,-10057.438704,-6249.093645,-17483.101571,-19582.640208,14027.338525
1638,19653.300000,11046.793250,-19541.291724,1110.775714,-15679.293459,-9141.753683,-7349.532458,-16789.370648,-19652.912061,12622.384069
1639,19653.300000,11300.750720,-19582.640208,1788.061241,-16150.028693,-8199.999691,-8423.793196,-16008.020205,-19560.170916,11097.804809
1640,19653.300000,11551.919899,-19614.518702,2463.211639,-16593.830018,-7234.862271,-9468.049483,-15143.127914,-19305.186025,9468.049483
1641,19653.300000,11800.238814,-19636.911788,3135.420708,-17009.957294,-6249.093645,-10478.581814,-14199.207431,-18890.072384,7748.563600
1642,19653.300000,12045.646198,-19649.808638,3803.885760,-17397.716531,-5245.504867,-11451.790804,-13181.184841,-18318.273194,5955.643065
1643,19653.300000,12288.081498,-19653.203015,4467.808580,-17756.461051,-4226.957809,-12384.210011,-12094.372949,-17594.531300,4106.279735
1644,19653.300000,12527.484898,-19647.093277,5126.396376,-18085.592566,-3196.356999,-13272.518278,-10944.443554,-16724.849849,2218.000389
1645,19653.300000,12763.797328,-19631.482380,5778.862724,-18384.562171,-2156.641336,-14113.551568,-9737.397848,-15716.442499,308.700619
1646,19653.300000,12996.960483,-19606.377871,6424.428513,-18652.871266,-1110.775714,-14904.314230,-8479.535103,-14577.673582,-1603.524766
1647,19653.300000,13226.916832,-19571.791893,7062.322871,-18890.072384,-61.742561,-15641.989670,-7177.419787,-13317.988730,-3500.553234
1648,19653.300000,13453.609637,-19527.741169,7691.784086,-19095.769936,987.466658,-16323.950386,-5837.847315,-11947.836520,-5364.406274
1649,19653.300000,13676.982965,-19474.247003,8312.060517,-19269.620875,2033.859981,-16947.767321,-4467.808580,-10478.581814,-7177.419787
1650,19653.300000,13896.981703,-19411.335264,8922.411489,-19411.335264,3074.453472,-17511.218522,-3074.453472,-8922.411489,-8922.411489
1651,19653.300000,14113.551568,-19339.036376,9522.108179,-19520.676761,4106.279735,-18012.297048,-1665.053560,-7292.233350,-10582.843751
1652,19653.300000,14326.639125,-19257.385301,10110.434489,-19597.463014,5126.396376,-18449.218125,-246.964152,-5601.569071,-12142.980334
1653,19653.300000,14536.191799,-19166.421526,10686.687896,-19641.565965,6131.894391,-18820.425494,1172.414101,-3864.442030,-13588.035517
1654,19653.300000,14742.157885,-19066.189039,11250.180294,-19652.912061,7119.906464,-19124.596966,2585.673819,-2095.260998,-14904.314230
1655,19653.300000,14944.486564,-18956.736312,11800.238814,-19631.482380,8087.615144,-19360.649120,3985.439552,-308.700619,-16079.341841
1656,19653.300000,15143.127914,-18838.116276,12336.206631,-19577.312661,9032.260875,-19527.741169,5364.406274,1480.420307,-17101.982386
1657,19653.300000,15338.032925,-18710.386294,12857.443742,-19490.493244,9951.149869,-19625.277954,6715.377504,3257.261743,-17962.544098
1658,19653.300000,15529.153505,-18573.608135,13363.327738,-19371.168922,10841.661789,-19652.912061,8031.302861,5007.085503,-18652.871266
1659,19653.300000,15716.442499,-18427.847945,13853.254540,-19219.538694,11701.257217,-19610.545061,9305.314859,6715.377504,-19166.421526
1660,19653.300000,15899.853696,-18273.176210,14326.639125,-19035.855441,12527.484898,-19498.327859,10530.764750,8367.968151,-19498.327859
1661,19653.300000,16079.341841,-18109.667730,14782.916224,-18820.425494,13317.988730,-19316.660160,11701.257217,9951.149869,-19645.444726
1662,19653.300000,16254.862650,-17937.401575,15221.540993,-18573.608135,14070.514482,-19066.189039,12810.683753,11451.790804,-19606.377871
1663,19653.300000,16426.372815,-17756.461051,15641.989670,-18295.814988,14782.916224,-18747.806642,13853.254540,12857.443742,-19381.497538
1664,19653.300000,16593.830018,-17566.933661,16043.760196,-17987.509338,15453.162443,-18362.647005,14823.528661,14156.449359,-18972.934962
1665,19653.300000,16757.192942,-17368.911058,16426.372815,-17649.205355,16079.341841,-17912.082017,15716.442499,15338.032925,-18384.562171
1666,19653.300000,16916.421279,-17162.489003,16789.370648,-17281.467239,16659.668781,-17397.716531,16527.336159,16392.393679,-17621.955288
1667,19653.300000,17071.475743,-16947.767321,17132.320239,-16884.908279,17192.488380,-16821.382650,17251.977792,17310.786125,-16692.341688
1668,19653.300000,17222.318075,-16724.849849,17454.812069,-16460.189829,17676.281231,-16185.133201,17886.585674,18085.592566,-15604.531502
1669,19653.300000,17368.911058,-16493.844388,17756.461051,-16008.020205,18109.667730,-15491.234420,18427.847945,18710.386294,-14368.834118
1670,19653.300000,17511.218522,-16254.862650,18036.906985,-15529.153505,18491.412016,-14742.157885,18872.939893,19179.984897,-12996.960483
1671,19653.300000,17649.205355,-16008.020205,18295.814988,-15024.388349,18820.425494,-13940.571708,19219.538694,19490.493244,-11501.912111
1672,19653.300000,17782.837510,-15753.436424,18532.875899,-14494.566549,19095.769936,-13089.331034,19465.835538,19639.335793,-9897.857869
1673,19653.300000,17912.082017,-15491.234420,18747.806642,-13940.571708,19316.660160,-12191.467873,19610.545061,19625.277954,-8199.999691
1674,19653.300000,18036.906985,-15221.540993,18940.350567,-13363.327738,19482.466266,-11250.180294,19652.912061,19448.436332,-6424.428513
1675,19653.300000,18157.281616,-14944.486564,19110.277757,-12763.797328,19592.715435,-10268.821042,19592.715435,19110.277757,-4587.971769
1676,19653.300000,18273.176210,-14660.205113,19257.385301,-12142.980334,19647.093277,-9250.885590,19430.269335,18613.607118,-2708.033920
1677,19653.300000,18384.562171,-14368.834118,19381.497538,-11501.912111,19645.444726,-8199.999691,19166.421526,17962.544098,-802.431503
1678,19653.300000,18491.412016,-14070.514482,19482.466266,-10841.661789,19587.774483,-7119.906464,18802.548963,17162.489003,1110.775714
1679,19653.300000,18593.699383,-13765.390470,19560.170916,-10163.330488,19474.247003,-6014.453060,18340.550607,16220.077968,3013.455892
1680,19653.300000,18691.399032,-13453.609637,19614.518702,-9468.049483,19305.186025,-4887.576959,17782.837510,15143.127914,4887.576959
1681,19653.300000,18784.486858,-13135.322758,19645.444726,-8756.978315,19081.073649,-3743.291948,17132.320239,13940.571708,6715.377504
1682,19653.300000,18872.939893,-12810.683753,19652.912061,-8031.302861,18802.548963,-2585.673819,16392.393679,12622.384069,8479.535103
1683,19653.300000,18956.736312,-12479.849616,19636.911788,-7292.233350,18470.406218,-1418.845857,15566.919323,11199.498833,10163.330488
1684,19653.300000,19035.855441,-12142.980334,19597.463014,-6541.002354,18085.592566,-246.964152,14660.205113,9683.718262,11750.806004
1685,19653.300000,19110.277757,-11800.238814,19534.612846,-5778.862724,17649.205355,925.797208,13676.982965,8087.615144,13226.916832
1686,19653.300000,19179.984897,-11451.790804,19448.436332,-5007.085503,17162.489003,2095.260998,12622.384069,6424.428513,14577.673582
1687,19653.300000,19244.959664,-11097.804809,19339.036376,-4226.957809,16626.831450,3257.261743,11501.912111,4707.953833,15790.274869
1688,19653.300000,19305.186025,-10738.452015,19206.543613,-3439.780685,16043.760196,4407.660546,10321.414555,2952.428571,16853.228632
1689,19653.300000,19360.649120,-10373.906200,19051.116253,-2646.866931,15414.937950,5542.359838,9087.052122,1172.414101,17756.461051
1690,19653.300000,19411.335264,-10004.343656,18872.939893,-1849.538914,14742.157885,6657.317968,7805.266639,-617.325071,18491.412016
1691,19653.300000,19457.231952,-9629.943101,18672.227293,-1049.126363,14027.338525,7748.563600,6482.747425,-2401.943781,19051.116253
1692,19653.300000,19498.327859,-9250.885590,18449.218125,-246.964152,13272.518278,8812.209861,5126.396376,-4166.639333,19430.269335
1693,19653.300000,19534.612846,-8867.354433,18204.178685,555.609930,12479.849616,9844.468180,3743.291948,-5896.774289,19625.277954
1694,19653.300000,19566.077959,-8479.535103,17937.401575,1357.257403,11651.592944,10841.661789,2340.652216,-7577.997875,19634.293975
1695,19653.300000,19592.715435,-8087.615144,17649.205355,2156.641336,10790.110149,11800.238814,925.797208,-9196.365019,19457.231952
1696,19653.300000,19614.518702,-7691.784086,17339.934160,2952.428571,9897.857869,12716.784930,-493.889305,-10738.452015,19095.769936
1697,19653.300000,19631.482380,-7292.233350,17009.957294,3743.291948,8977.380483,13588.035517,-1910.998333,-12191.467873,18553.333574
1698,19653.300000,19643.602283,-6889.156155,16659.668781,4527.912519,8031.302861,14410.887296,-3318.134339,-13543.360410,17835.063641
1699,19653.300000,19650.875421,-6482.747425,16289.486903,5304.981750,7062.322871,15182.409376,-4707.953833,-14782.916224,16947.767321
1700,19653.300000,19653.300000,-6073.203696,15899.853696,6073.203696,6073.203696,15899.853696,-6073.203696,-15899.853696,15899.853696
1701,19653.300000,19650.875421,-5660.723019,15491.234420,6831.297170,5066.765943,16560.664812,-7406.759029,-16884.908279,14701.254047
1702,19653.300000,19643.602283,-5245.504867,15064.117011,7577.997875,4045.879609,17162.489003,-8701.660342,-17729.909344,13363.327738
1703,19653.300000,19631.482380,-4827.750035,14619.011490,8312.060517,3013.455892,17703.182649,-9951.149869,-18427.847945,11898.754559
1704,19653.300000,19614.518702,-4407.660546,14156.449359,9032.260875,1972.438890,18180.819869,-11148.706838,-18972.934962,10321.414555
1705,19653.300000,19592.715435,-3985.439552,13676.982965,9737.397848,925.797208,18593.699383,-12288.081498,-19360.649120,8646.256487
1706,19653.300000,19566.077959,-3561.291234,13181.184841,10426.295459,-123.484513,18940.350567,-13363.327738,-19587.774483,6889.156155
1707,19653.300000,19534.612846,-3135.420708,12669.647021,11097.804809,-1172.414101,19219.538694,-14368.834118,-19652.427140,5066.765943
1708,19653.300000,19498.327859,-2708.033920,12142.980334,11750.806004,-2218.000389,19430.269335,-15299.353151,-19554.070822,3196.356999
1709,19653.300000,19457.231952,-2279.337551,11601.813674,12384.210011,-3257.261743,19571.791893,-16150.028693,-19293.521355,1295.655554
1710,19653.300000,19411.335264,-1849.538914,11046.793250,12996.960483,-4287.234566,19643.602283,-16916.421279,-18872.939893,-617.325071
1711,19653.300000,19360.649120,-1418.845857,10478.581814,13588.035517,-5304.981750,19645.444726,-17594.531300,-18295.814988,-2524.455187
1712,19653.300000,19305.186025,-987.466658,9897.857869,14156.449359,-6307.601047,19577.312661,-18180.819869,-17566.933661,-4407.660546
1713,19653.300000,19244.959664,-555.609930,9305.314859,14701.254047,-7292.233350,19439.448763,-18672.227293,-16692.341688,-6249.093645
1714,19653.300000,19179.984897,-123.484513,8701.660342,15221.540993,-8256.070846,19232.344087,-19066.189039,-15679.293459,-8031.302861
1715,19653.300000,19110.277757,308.700619,8087.615144,15716.442499,-9196.365019,18956.736312,-19360.649120,-14536.191799,-9737.397848
1716,19653.300000,19035.855441,740.736467,7463.912498,16185.133201,-10110.434489,18613.607118,-19554.070822,-13272.518278,-11351.209612
1717,19653.300000,18956.736312,1172.414101,6831.297170,16626.831450,-10995.672663,18204.178685,-19645.444726,-11898.754559,-12857.443742
1718,19653.300000,18872.939893,1603.524766,6190.524567,17040.800611,-11849.555162,17729.909344,-19634.293975,-10426.295459,-14241.825364
1719,19653.300000,18784.486858,2033.859981,5542.359838,17426.350296,-12669.647021,17192.488380,-19520.676761,-8867.354433,-15491.234420
1720,19653.300000,18691.399032,2463.211639,4887.576959,17782.837510,-13453.609637,16593.830018,-19305.186025,-7234.862271,-16593.830018
1721,19653.300000,18593.699383,2891.372110,4226.957809,18109.667730,-14199.207431,15936.066600,-18988.946358,-5542.359838,-17539.162644
1722,19653.300000,18491.412016,3318.134339,3561.291234,18406.295889,-14904.314230,15221.540993,-18573.608135,-3803.885760,-18318.273194
1723,19653.300000,18384.562171,3743.291948,2891.372110,18672.227293,-15566.919323,14452.798244,-18061.338904,-2033.859981,-18923.777887
1724,19653.300000,18273.176210,4166.639333,2218.000389,18907.018438,-16185.133201,13632.576515,-17454.812069,-246.964152,-19349.938236
1725,19653.300000,18157.281616,4587.971769,1541.980146,19110.277757,-16757.192942,12763.797328,-16757.192942,1541.980146,-19592.715435
1726,19653.300000,18036.906985,5007.085503,864.118620,19281.666266,-17281.467239,11849.555162,-15972.122222,3318.134339,-19649.808638
1727,19653.300000,17912.082017,5423.777855,185.225247,19420.898138,-17756.461051,10893.106427,-15103.696996,5066.765943,-19520.676761
1728,19653.300000,17782.837510,5837.847315,-493.889305,19527.741169,-18180.819869,9897.857869,-14156.449359,6773.370762,-19206.543613
1729,19653.300000,17649.205355,6249.093645,-1172.414101,19602.017175,-18553.333574,8867.354433,-13135.322758,8423.793196,-18710.386294
1730,19653.300000,17511.218522,6657.317968,-1849.538914,19643.602283,-18872.939893,7805.266639,-12045.646198,10004.343656,-18036.906985
1731,19653.300000,17368.911058,7062.322871,-2524.455187,19652.427140,-19138.727423,6715.377504,-10893.106427,11501.912111,-17192.488380
1732,19653.300000,17222.318075,7463.912498,-3196.356999,19628.477029,-19349.938236,5601.569071,-9683.718262,12904.076834,-16185.133201
1733,19653.300000,17071.475743,7861.892643,-3864.442030,19571.791893,-19505.970034,4467.808580,-8423.793196,14199.207431,-15024.388349
1734,19653.300000,16916.421279,8256.070846,-4527.912519,19482.466266,-19606.377871,3318.134339,-7119.906464,15376.561318,-13721.254429
1735,19653.300000,16757.192942,8646.256487,-5185.976213,19360.649120,-19650.875421,2156.641336,-5778.862724,16426.372815,-12288.081498
1736,19653.300000,16593.830018,9032.260875,-5837.847315,19206.543613,-19639.335793,987.466658,-4407.660546,17339.934160,-10738.452015
1737,19653.300000,16426.372815,9413.897341,-6482.747425,19020.406752,-19571.791893,-185.225247,-3013.455892,18109.667730,-9087.052122
1738,19653.300000,16254.862650,9790.981331,-7119.906464,18802.548963,-19448.436332,-1357.257403,-1603.524766,18729.188893,-7349.532458
1739,19653.300000,16079.341841,10163.330488,-7748.563600,18553.333574,-19269.620875,-2524.455187,-185.225247,19193.358971,-5542.359838
1740,19653.300000,15899.853696,10530.764750,-8367.968151,18273.176210,-19035.855441,-3682.661190,1234.040917,19498.327859,-3682.661190
1741,19653.300000,15716.442499,10893.106427,-8977.380483,17962.544098,-18747.806642,-4827.750035,2646.866931,19641.565965,-1788.061241
1742,19653.300000,15529.153505,11250.180294,-9576.072896,17621.955288,-18406.295889,-5955.643065,4045.879609,19621.885185,123.484513
1743,19653.300000,15338.032925,11601.813674,-10163.330488,17251.977792,-18012.297048,-7062.322871,5423.777855,19439.448763,2033.859981
1744,19653.300000,15143.127914,11947.836520,-10738.452015,16853.228632,-17566.933661,-8143.847606,6773.370762,19095.769936,3924.960160
1745,19653.300000,14944.486564,12288.081498,-11300.750720,16426.372815,-17071.475743,-9196.365019,8087.615144,18593.699383,5778.862724
1746,19653.300000,14742.157885,12622.384069,-11849.555162,15972.122222,-16527.336159,-10216.126180,9359.652288,17937.401575,7577.997875
1747,19653.300000,14536.191799,12950.582567,-12384.210011,15491.234420,-15936.066600,-11199.498833,10582.843751,17132.320239,9305.314859
1748,19653.300000,14326.639125,13272.518278,-12904.076834,14984.511402,-15299.353151,-12142.980334,11750.806004,16185.133201,10944.443554
1749,19653.300000,14113.551568,13588.035517,-13408.534856,14452.798244,-14619.011490,-13043.210124,12857.443742,15103.696996,12479.849616
1750,19653.300000,13896.981703,13896.981703,-13896.981703,13896.981703,-13896.981703,-13896.981703,13896.981703,13896.981703,13896.981703
1751,19653.300000,13676.982965,14199.207431,-14368.834118,13317.988730,-13135.322758,-14701.254047,14863.994796,12574.996538,15182.409376
1752,19653.300000,13453.609637,14494.566549,-14823.528661,12716.784930,-12336.206631,-15453.162443,15753.436424,11148.706838,16323.950386
1753,19653.300000,13226.916832,14782.916224,-15260.522380,12094.372949,-11501.912111,-16150.028693,16560.664812,9629.943101,17310.786125
1754,19653.300000,12996.960483,15064.117011,-15679.293459,11451.790804,-10634.818304,-16789.370648,17281.467239,8031.302861,18133.564158
1755,19653.300000,12763.797328,15338.032925,-16079.341841,10790.110149,-9737.397848,-17368.911058,17912.082017,6366.046195,18784.486858
1756,19653.300000,12527.484898,15604.531502,-16460.189829,10110.434489,-8812.209861,-17886.585674,18449.218125,4647.985738,19257.385301
1757,19653.300000,12288.081498,15863.483866,-16821.382650,9413.897341,-7861.892643,-18340.550607,18890.072384,2891.372110,19547.777737
1758,19653.300000,12045.646198,16114.764790,-17162.489003,8701.660342,-6889.156155,-18729.188893,19232.344087,1110.775714,19652.912061
1759,19653.300000,11800.238814,16358.252757,-17483.101571,7974.911311,-5896.774289,-19051.116253,19474.247003,-679.034120,19571.791893
1760,19653.300000,11551.919899,16593.830018,-17782.837510,7234.862271,-4887.576959,-19305.186025,19614.518702,-2463.211639,19305.186025
1761,19653.300000,11300.750720,16821.382650,-18061.338904,6482.747425,-3864.442030,-19490.493244,19652.427140,-4226.957809,18855.621133
1762,19653.300000,11046.793250,17040.800611,-18318.273194,5719.821098,-2830.287113,-19606.377871,19587.774483,-5955.643065,18227.357832
1763,19653.300000,10790.110149,17251.977792,-18553.333574,4947.355645,-1788.061241,-19652.427140,19420.898138,-7634.928658,17426.350296
1764,19653.300000,10530.764750,17454.812069,-18766.239357,4166.639333,-740.736467,-19628.477029,19152.668989,-9250.885590,16460.189829
1765,19653.300000,10268.821042,17649.205355,-18956.736312,3378.974187,308.700619,-19534.612846,18784.486858,-10790.110149,15338.032925
1766,19653.300000,10004.343656,17835.063641,-19124.596966,2585.673819,1357.257403,-19371.168922,18318.273194,-12239.835086,14070.514482
1767,19653.300000,9737.397848,18012.297048,-19269.620875,1788.061241,2401.943781,-19138.727423,17756.461051,-13588.035517,12669.647021
1768,19653.300000,9468.049483,18180.819869,-19391.634867,987.466658,3439.780685,-18838.116276,17101.982386,-14823.528661,11148.706838
1769,19653.300000,9196.365019,18340.550607,-19490.493244,185.225247,4467.808580,-18470.406218,16358.252757,-15936.066600,9522.108179
1770,19653.300000,8922.411489,18491.412016,-19566.077959,-617.325071,5483.095904,-18036.906985,15529.153505,-16916.421279,7805.266639
1771,19653.300000,8646.256487,18633.331144,-19618.298756,-1418.845857,6482.747425,-17539.162644,14619.011490,-17756.461051,6014.453060
1772,19653.300000,8367.968151,18766.239357,-19647.093277,-2218.000389,7463.912498,-16978.946095,13632.576515,-18449.218125,4166.639333
1773,19653.300000,8087.615144,18890.072384,-19652.427140,-3013.455892,8423.793196,-16358.252757,12574.996538,-18988.946358,2279.337551
1774,19653.300000,7805.266639,19004.770339,-19634.293975,-3803.885760,9359.652288,-15679.293459,11451.790804,-19371.168922,370.434040
1775,19653.300000,7520.992301,19110.277757,-19592.715435,-4587.971769,10268.821042,-14944.486564,10268.821042,-19592.715435,-1541.980146
1776,19653.300000,7234.862271,19206.543613,-19527.741169,-5364.406274,11148.706838,-14156.449359,9032.260875,-19651.748258,-3439.780685
1777,19653.300000,6946.947147,19293.521355,-19439.448763,-6131.894391,11996.800560,-13317.988730,7748.563600,-19547.777737,-5304.981750
1778,19653.300000,6657.317968,19371.168922,-19327.943647,-6889.156155,12810.683753,-12432.091163,6424.428513,-19281.666266,-7119.906464
1779,19653.300000,6366.046195,19439.448763,-19193.358971,-7634.928658,13588.035517,-11501.912111,5066.765943,-18855.621133,-8867.354433
1780,19653.300000,6073.203696,19498.327859,-19035.855441,-8367.968151,14326.639125,-10530.764750,3682.661190,-18273.176210,-10530.764750
1781,19653.300000,5778.862724,19547.777737,-18855.621133,-9087.052122,15024.388349,-9522.108179,2279.337551,-17539.162644,-12094.372949
1782,19653.300000,5483.095904,19587.774483,-18652.871266,-9790.981331,15679.293459,-8479.535103,864.118620,-16659.668781,-13543.360410
1783,19653.300000,5185.976213,19618.298756,-18427.847945,-10478.581814,16289.486903,-7406.759029,-555.609930,-15641.989670,-14863.994796
1784,19653.300000,4887.576959,19639.335793,-18180.819869,-11148.706838,16853.228632,-6307.601047,-1972.438890,-14494.566549,-16043.760196
1785,19653.300000,4587.971769,19650.875421,-17912.082017,-11800.238814,17368.911058,-5185.976213,-3378.974187,-13226.916832,-17071.475743
1786,19653.300000,4287.234566,19652.912061,-17621.955288,-12432.091163,17835.063641,-4045.879609,-4767.875463,-11849.555162,-17937.401575
1787,19653.300000,3985.439552,19645.444726,-17310.786125,-13043.210124,18250.357083,-2891.372110,-6131.894391,-10373.906200,-18633.331144
1788,19653.300000,3682.661190,19628.477029,-16978.946095,-13632.576515,18613.607118,-1726.565921,-7463.912498,-8812.209861,-19152.668989
1789,19653.300000,3378.974187,19602.017175,-16626.831450,-14199.207431,18923.777887,-555.609930,-8756.978315,-7177.419787,-19490.493244
1790,19653.300000,3074.453472,19566.077959,-16254.862650,-14742.157885,19179.984897,617.325071,-10004.343656,-5483.095904,-19643.602283
1791,19653.300000,2769.174182,19520.676761,-15863.483866,-15260.522380,19381.497538,1788.061241,-11199.498833,-3743.291948,-19610.545061
1792,19653.300000,2463.211639,19465.835538,-15453.162443,-15753.436424,19527.741169,2952.428571,-12336.206631,-1972.438890,-19391.634867
1793,19653.300000,2156.641336,19401.580809,-15024.388349,-16220.077968,19618.298756,4106.279735,-13408.534856,-185.225247,-18988.946358
1794,19653.300000,1849.538914,19327.943647,-14577.673582,-16659.668781,19652.912061,5245.504867,-14410.887296,1603.524766,-18406.295889
1795,19653.300000,1541.980146,19244.959664,-14113.551568,-17071.475743,19631.482380,6366.046195,-15338.032925,3378.974187,-17649.205355
1796,19653.300000,1234.040917,19152.668989,-13632.576515,-17454.812069,19554.070822,7463.912498,-16185.133201,5126.396376,-16724.849849
1797,19653.300000,925.797208,19051.116253,-13135.322758,-17809.038460,19420.898138,8535.193319,-16947.767321,6831.297170,-15641.989670
1798,19653.300000,617.325071,18940.350567,-12622.384069,-18133.564158,19232.344087,9576.072896,-17621.955288,8479.535103,-14410.887296
1799,19653.300000,308.700619,18820.425494,-12094.372949,-18427.847945,18988.946358,10582.843751,-18204.178685,10057.438704,-13043.210124
1800,19653.300000,0.000000,18691.399032,-11551.919899,-18691.399032,18691.399032,11551.919899,-18691.399032,11551.919899,-11551.919899
1801,19653.300000,-308.700619,18553.333574,-10995.672663,-18923.777887,18340.550607,12479.849616,-19081.073649,12950.582567,-9951.149869
1802,19653.300000,-617.325071,18406.295889,-10426.295459,-19124.596966,17937.401575,13363.327738,-19371.168922,14241.825364,-8256.070846
1803,19653.300000,-925.797208,18250.357083,-9844.468180,-19293.521355,17483.101571,14199.207431,-19560.170916,15414.937950,-6482.747425
1804,19653.300000,-1234.040917,18085.592566,-9250.885590,-19430.269335,16978.946095,14984.511402,-19647.093277,16460.189829,-4647.985738
1805,19653.300000,-1541.980146,17912.082017,-8646.256487,-19534.612846,16426.372815,15716.442499,-19631.482380,17368.911058,-2769.174182
1806,19653.300000,-1849.538914,17729.909344,-8031.302861,-19606.377871,15826.957470,16392.393679,-19513.419692,18133.564158,-864.118620
1807,19653.300000,-2156.641336,17539.162644,-7406.759029,-19645.444726,15182.409376,17009.957294,-19293.521355,18747.806642,1049.126363
1808,19653.300000,-2463.211639,17339.934160,-6773.370762,-19651.748258,14494.566549,17566.933661,-18972.934962,19206.543613,2952.428571
1809,19653.300000,-2769.174182,17132.320239,-6131.894391,-19625.277954,13765.390470,18061.338904,-18553.333574,19505.970034,4827.750035
1810,19653.300000,-3074.453472,16916.421279,-5483.095904,-19566.077959,12996.960483,18491.412016,-18036.906985,19643.602283,6657.317968
1811,19653.300000,-3378.974187,16692.341688,-4827.750035,-19474.247003,12191.467873,18855.621133,-17426.350296,19618.298756,8423.793196
1812,19653.300000,-3682.661190,16460.189829,-4166.639333,-19349.938236,11351.209612,19152.668989,-16724.849849,19430.269335,10110.434489
1813,19653.300000,-3985.439552,16220.077968,-3500.553234,-19193.358971,10478.581814,19381.497538,-15936.066600,19081.073649,11701.257217
1814,19653.300000,-4287.234566,15972.122222,-2830.287113,-19004.770339,9576.072896,19541.291724,-15064.117011,18573.608135,13181.184841
1815,19653.300000,-4587.971769,15716.442499,-2156.641336,-18784.486858,8646.256487,19631.482380,-14113.551568,17912.082017,14536.191799
1816,19653.300000,-4887.576959,15453.162443,-1480.420307,-18532.875899,7691.784086,19651.748258,-13089.331034,17101.982386,15753.436424
1817,19653.300000,-5185.976213,15182.409376,-802.431503,-18250.357083,6715.377504,19602.017175,-11996.800560,16150.028693,16821.382650
1818,19653.300000,-5483.095904,14904.314230,-123.484513,-17937.401575,5719.821098,19482.466266,-10841.661789,15064.117011,17729.909344
1819,19653.300000,-5778.862724,14619.011490,555.609930,-17594.531300,4707.953833,19293.521355,-9629.943101,13853.254540,18470.406218
1820,19653.300000,-6073.203696,14326.639125,1234.040917,-17222.318075,3682.661190,19035.855441,-8367.968151,12527.484898,19035.855441
1821,19653.300000,-6366.046195,14027.338525,1910.998333,-16821.382650,2646.866931,18710.386294,-7062.322871,11097.804809,19420.898138
1822,19653.300000,-6657.317968,13721.254429,2585.673819,-16392.393679,1603.524766,18318.273194,-5719.821098,9576.072896,19621.885185
1823,19653.300000,-6946.947147,13408.534856,3257.261743,-15936.066600,555.609930,17860.912797,-4347.469010,7974.911311,19636.911788
1824,19653.300000,-7234.862271,13089.331034,3924.960160,-15453.162443,-493.889305,17339.934160,-2952.428571,6307.601047,19465.835538
1825,19653.300000,-7520.992301,12763.797328,4587.971769,-14944.486564,-1541.980146,16757.192942,-1541.980146,4587.971769,19110.277757
1826,19653.300000,-7805.266639,12432.091163,5245.504867,-14410.887296,-2585.673819,16114.764790,-123.484513,2830.287113,18573.608135
1827,19653.300000,-8087.615144,12094.372949,5896.774289,-13853.254540,-3621.994086,15414.937950,1295.655554,1049.126363,17860.912797
1828,19653.300000,-8367.968151,11750.806004,6541.002354,-13272.518278,-4647.985738,14660.205113,2708.033920,-740.736467,16978.946095
1829,19653.300000,-8646.256487,11401.556472,7177.419787,-12669.647021,-5660.723019,13853.254540,4106.279735,-2524.455187,15936.066600
1830,19653.300000,-8922.411489,11046.793250,7805.266639,-12045.646198,-6657.317968,12996.960483,5483.095904,-4287.234566,14742.157885
1831,19653.300000,-9196.365019,10686.687896,8423.793196,-11401.556472,-7634.928658,12094.372949,6831.297170,-6014.453060,13408.534856
1832,19653.300000,-9468.049483,10321.414555,9032.260875,-10738.452015,-8590.767297,11148.706838,8143.847606,-7691.784086,11947.836520
1833,19653.300000,-9737.397848,9951.149869,9629.943101,-10057.438704,-9522.108179,10163.330488,9413.897341,-9305.314859,10373.906200
1834,19653.300000,-10004.343656,9576.072896,10216.126180,-9359.652288,-10426.295459,9141.753683,10634.818304,-10841.661789,8701.660342
1835,19653.300000,-10268.821042,9196.365019,10790.110149,-8646.256487,-11300.750720,8087.615144,11800.238814,-12288.081498,6946.947147
1836,19653.300000,-10530.764750,8812.209861,11351.209612,-7918.441053,-12142.980334,7004.669576,12904.076834,-13632.576515,5126.396376
1837,19653.300000,-10790.110149,8423.793196,11898.754559,-7177.419787,-12950.582567,5896.774289,13940.571708,-14863.994796,3257.261743
1838,19653.300000,-11046.793250,8031.302861,12432.091163,-6424.428513,-13721.254429,4767.875463,14904.314230,-15972.122222,1357.257403
1839,19653.300000,-11300.750720,7634.928658,12950.582567,-5660.723019,-14452.798244,3621.994086,15790.274869,-16947.767321,-555.609930
1840,19653.300000,-11551.919899,7234.862271,13453.609637,-4887.576959,-15143.127914,2463.211639,16593.830018,-17782.837510,-2463.211639
1841,19653.300000,-11800.238814,6831.297170,13940.571708,-4106.279735,-15790.274869,1295.655554,17310.786125,-18470.406218,-4347.469010
1842,19653.300000,-12045.646198,6424.428513,14410.887296,-3318.134339,-16392.393679,123.484513,17937.401575,-19004.770339,-6190.524567
1843,19653.300000,-12288.081498,6014.453060,14863.994796,-2524.455187,-16947.767321,-1049.126363,18470.406218,-19381.497538,-7974.911311
1844,19653.300000,-12527.484898,5601.569071,15299.353151,-1726.565921,-17454.812069,-2218.000389,18907.018438,-19597.463014,-9683.718262
1845,19653.300000,-12763.797328,5185.976213,15716.442499,-925.797208,-17912.082017,-3378.974187,19244.959664,-19650.875421,-11300.750720
1846,19653.300000,-12996.960483,4767.875463,16114.764790,-123.484513,-18318.273194,-4527.912519,19482.466266,-19541.291724,-12810.683753
1847,19653.300000,-13226.916832,4347.469010,16493.844388,679.034120,-18672.227293,-5660.723019,19618.298756,-19269.620875,-14199.207431
1848,19653.300000,-13453.609637,3924.960160,16853.228632,1480.420307,-18972.934962,-6773.370762,19651.748258,-18838.116276,-15453.162443
1849,19653.300000,-13676.982965,3500.553234,17192.488380,2279.337551,-19219.538694,-7861.892643,19582.640208,-18250.357083,-16560.664812
1850,19653.300000,-13896.981703,3074.453472,17511.218522,3074.453472,-19411.335264,-8922.411489,19411.335264,-17511.218522,-17511.218522
1851,19653.300000,-14113.551568,2646.866931,17809.038460,3864.442030,-19547.777737,-9951.149869,19138.727423,-16626.831450,-18295.814988
1852,19653.300000,-14326.639125,2218.000389,18085.592566,4647.985738,-19628.477029,-10944.443554,18766.239357,-15604.531502,-18907.018438
1853,19653.300000,-14536.191799,1788.061241,18340.550607,5423.777855,-19653.203015,-11898.754559,18295.814988,-14452.798244,-19339.036376
1854,19653.300000,-14742.157885,1357.257403,18573.608135,6190.524567,-19621.885185,-12810.683753,17729.909344,-13181.184841,-19587.774483
1855,19653.300000,-14944.486564,925.797208,18784.486858,6946.947147,-19534.612846,-13676.982965,17071.475743,-11800.238814,-19650.875421
1856,19653.300000,-15143.127914,493.889305,18972.934962,7691.784086,-19391.634867,-14494.566549,16323.950386,-10321.414555,-19527.741169
1857,19653.300000,-15338.032925,61.742561,19138.727423,8423.793196,-19193.358971,-15260.522380,15491.234420,-8756.978315,-19219.538694
1858,19653.300000,-15529.153505,-370.434040,19281.666266,9141.753683,-18940.350567,-15972.122222,14577.673582,-7119.906464,-18729.188893
1859,19653.300000,-15716.442499,-802.431503,19401.580809,9844.468180,-18633.331144,-16626.831450,13588.035517,-5423.777855,-18061.338904
1860,19653.300000,-15899.853696,-1234.040917,19498.327859,10530.764750,-18273.176210,-17222.318075,12527.484898,-3682.661190,-17222.318075
1861,19653.300000,-16079.341841,-1665.053560,19571.791893,11199.498833,-17860.912797,-17756.461051,11401.556473,-1910.998333,-16220.077968
1862,19653.300000,-16254.862650,-2095.260998,19621.885185,11849.555162,-17397.716531,-18227.357832,10216.126180,-123.484513,-15064.117011
1863,19653.300000,-16426.372815,-2524.455187,19648.547919,12479.849616,-16884.908279,-18633.331144,8977.380483,1665.053560,-13765.390470
1864,19653.300000,-16593.830018,-2952.428571,19651.748258,13089.331034,-16323.950386,-18972.934962,7691.784086,3439.780685,-12336.206631
1865,19653.300000,-16757.192942,-3378.974187,19631.482380,13676.982965,-15716.442499,-19244.959664,6366.046195,5185.976213,-10790.110149
1866,19653.300000,-16916.421279,-3803.885760,19587.774483,14241.825364,-15064.117011,-19448.436332,5007.085503,6889.156155,-9141.753683
1867,19653.300000,-17071.475743,-4226.957809,19520.676761,14782.916224,-14368.834118,-19582.640208,3621.994086,8535.193319,-7406.759029
1868,19653.300000,-17222.318075,-4647.985738,19430.269335,15299.353151,-13632.576515,-19647.093277,2218.000389,10110.434489,-5601.569071
1869,19653.300000,-17368.911058,-5066.765943,19316.660160,15790.274869,-12857.443742,-19641.565965,802.431503,11601.813674,-3743.291948
1870,19653.300000,-17511.218522,-5483.095904,19179.984897,16254.862650,-12045.646198,-19566.077959,-617.325071,12996.960483,-1849.538914
1871,19653.300000,-17649.205355,-5896.774289,19020.406752,16692.341688,-11199.498833,-19420.898138,-2033.859981,14284.302735,61.742561
1872,19653.300000,-17782.837510,-6307.601047,18838.116276,17101.982386,-10321.414555,-19206.543613,-3439.780685,15453.162443,1972.438890
1873,19653.300000,-17912.082017,-6715.377504,18633.331144,17483.101571,-9413.897341,-18923.777887,-4827.750035,16493.844388,3864.442030
1874,19653.300000,-18036.906985,-7119.906464,18406.295889,17835.063641,-8479.535103,-18573.608135,-6190.524567,17397.716531,5719.821098
1875,19653.300000,-18157.281616,-7520.992301,18157.281616,18157.281616,-7520.992301,-18157.281616,-7520.992301,18157.281616,7520.992301
1876,19653.300000,-18273.176210,-7918.441053,17886.585674,18449.218125,-6541.002354,-17676.281231,-8812.209861,18766.239357,9250.885590
1877,19653.300000,-18384.562171,-8312.060517,17594.531300,18710.386294,-5542.359838,-17132.320239,-10057.438704,19219.538694,10893.106427
1878,19653.300000,-18491.412016,-8701.660342,17281.467239,18940.350567,-4527.912519,-16527.336159,-11250.180294,19513.419692,12432.091163
1879,19653.300000,-18593.699383,-9087.052122,16947.767321,19138.727423,-3500.553234,-15863.483866,-12384.210011,19645.444726,13853.254540
1880,19653.300000,-18691.399032,-9468.049483,16593.830018,19305.186025,-2463.211639,-15143.127914,-13453.609637,19614.518702,15143.127914
1881,19653.300000,-18784.486858,-9844.468180,16220.077968,19439.448763,-1418.845857,-14368.834118,-14452.798244,19420.898138,16289.486903
1882,19653.300000,-18872.939893,-10216.126180,15826.957470,19541.291724,-370.434040,-13543.360410,-15376.561318,19066.189039,17281.467239
1883,19653.300000,-18956.736312,-10582.843751,15414.937950,19610.545061,679.034120,-12669.647021,-16220.077968,18553.333574,18109.667730
1884,19653.300000,-19035.855441,-10944.443554,14984.511402,19647.093277,1726.565921,-11750.806004,-16978.946095,17886.585674,18766.239357
1885,19653.300000,-19110.277757,-11300.750720,14536.191799,19650.875421,2769.174182,-10790.110149,-17649.205355,17071.475743,19244.959664
1886,19653.300000,-19179.984897,-11651.592944,14070.514482,19621.885185,3803.885760,-9790.981331,-18227.357832,16114.764790,19541.291724
1887,19653.300000,-19244.959664,-11996.800560,13588.035517,19560.170916,4827.750035,-8756.978315,-18710.386294,15024.388349,19652.427140
1888,19653.300000,-19305.186025,-12336.206631,13089.331034,19465.835538,5837.847315,-7691.784086,-19095.769936,13809.390651,19577.312661
1889,19653.300000,-19360.649120,-12669.647021,12574.996538,19339.036376,6831.297170,-6599.192727,-19381.497538,12479.849616,19316.660160
1890,19653.300000,-19411.335264,-12996.960483,12045.646198,19179.984897,7805.266639,-5483.095904,-19566.077959,11046.793250,18872.939893
1891,19653.300000,-19457.231952,-13317.988730,11501.912111,18988.946358,8756.978315,-4347.469010,-19648.547919,9522.108179,18250.357083
1892,19653.300000,-19498.327859,-13632.576515,10944.443554,18766.239357,9683.718262,-3196.356999,-19628.477029,7918.441053,17454.812069
1893,19653.300000,-19534.612846,-13940.571708,10373.906200,18512.235312,10582.843751,-2033.859981,-19505.970034,6249.093645,16493.844388
1894,19653.300000,-19566.077959,-14241.825364,9790.981331,18227.357832,11451.790804,-864.118620,-19281.666266,4527.912519,15376.561318
1895,19653.300000,-19592.715435,-14536.191799,9196.365019,17912.082017,12288.081498,308.700619,-18956.736312,2769.174182,14113.551568
1896,19653.300000,-19614.518702,-14823.528661,8590.767297,17566.933661,13089.331034,1480.420307,-18532.875899,987.466658,12716.784930
1897,19653.300000,-19631.482380,-15103.696996,7974.911311,17192.488380,13853.254540,2646.866931,-18012.297048,-802.431503,11199.498833
1898,19653.300000,-19643.602283,-15376.561318,7349.532458,16789.370648,14577.673582,3803.885760,-17397.716531,-2585.673819,9576.072896
1899,19653.300000,-19650.875421,-15641.989670,6715.377504,16358.252757,15260.522380,4947.355645,-16692.341688,-4347.469010,7861.892643
1900,19653.300000,-19653.300000,-15899.853696,6073.203696,15899.853696,15899.853696,6073.203696,-15899.853696,-6073.203696,6073.203696
1901,19653.300000,-19650.875421,-16150.028693,5423.777855,15414.937950,16493.844388,7177.419787,-15024.388349,-7748.563600,4226.957809
1902,19653.300000,-19643.602283,-16392.393679,4767.875463,14904.314230,17040.800611,8256.070846,-14070.514482,-9359.652288,2340.652216
1903,19653.300000,-19631.482380,-16626.831450,4106.279735,14368.834118,17539.162644,9305.314859,-13043.210124,-10893.106427,432.163805
1904,19653.300000,-19614.518702,-16853.228632,3439.780685,13809.390651,17987.509338,10321.414555,-11947.836520,-12336.206631,-1480.420307
1905,19653.300000,-19592.715435,-17071.475743,2769.174182,13226.916832,18384.562171,11300.750720,-10790.110149,-13676.982965,-3378.974187
1906,19653.300000,-19566.077959,-17281.467239,2095.260998,12622.384069,18729.188893,12239.835086,-9576.072896,-14904.314230,-5245.504867
1907,19653.300000,-19534.612846,-17483.101571,1418.845857,11996.800560,19020.406752,13135.322758,-8312.060517,-16008.020205,-7062.322871
1908,19653.300000,-19498.327859,-17676.281231,740.736467,11351.209612,19257.385301,13984.024125,-7004.669576,-16978.946095,-8812.209861
1909,19653.300000,-19457.231952,-17860.912797,61.742561,10686.687896,19439.448763,14782.916224,-5660.723019,-17809.038460,-10478.581814
1910,19653.300000,-19411.335264,-18036.906985,-617.325071,10004.343656,19566.077959,15529.153505,-4287.234566,-18491.412016,-12045.646198
1911,19653.300000,-19360.649120,-18204.178685,-1295.655554,9305.314859,19636.911788,16220.077968,-2891.372110,-19020.406752,-13498.551636
1912,19653.300000,-19305.186025,-18362.647005,-1972.438890,8590.767297,19651.748258,16853.228632,-1480.420307,-19391.634867,-14823.528661
1913,19653.300000,-19244.959664,-18512.235312,-2646.866931,7861.892643,19610.545061,17426.350296,-61.742561,-19602.017175,-16008.020205
1914,19653.300000,-19179.984897,-18652.871266,-3318.134339,7119.906464,19513.419692,17937.401575,1357.257403,-19649.808638,-17040.800611
1915,19653.300000,-19110.277757,-18784.486858,-3985.439552,6366.046195,19360.649120,18384.562171,2769.174182,-19534.612846,-17912.082017
1916,19653.300000,-19035.855441,-18907.018438,-4647.985738,5601.569071,19152.668989,18766.239357,4166.639333,-19257.385301,-18613.607118
1917,19653.300000,-18956.736312,-19020.406752,-5304.981750,4827.750035,18890.072384,19081.073649,5542.359838,-18820.425494,-19138.727423
1918,19653.300000,-18872.939893,-19124.596966,-5955.643065,4045.879609,18573.608135,19327.943647,6889.156155,-18227.357832,-19482.466266
1919,19653.300000,-18784.486858,-19219.538694,-6599.192727,3257.261743,18204.178685,19505.970034,8199.999691,-17483.101571,-19641.565965
1920,19653.300000,-18691.399032,-19305.186025,-7234.862271,2463.211639,17782.837510,19614.518702,9468.049483,-16593.830018,-19614.518702
1921,19653.300000,-18593.699383,-19381.497538,-7861.892643,1665.053560,17310.786125,19653.203015,10686.687896,-15566.919323,-19401.580809
1922,19653.300000,-18491.412016,-19448.436332,-8479.535103,864.118620,16789.370648,19621.885185,11849.555162,-14410.887296,-19004.770339
1923,19653.300000,-18384.562171,-19505.970034,-9087.052122,61.742561,16220.077968,19520.676761,12950.582567,-13135.322758,-18427.847945
1924,19653.300000,-18273.176210,-19554.070822,-9683.718262,-740.736467,15604.531502,19349.938236,13984.024125,-11750.806004,-17676.281231
1925,19653.300000,-18157.281616,-19592.715435,-10268.821042,-1541.980146,14944.486564,19110.277757,14944.486564,-10268.821042,-16757.192942
1926,19653.300000,-18036.906985,-19621.885185,-10841.661789,-2340.652216,14241.825364,18802.548963,15826.957470,-8701.660342,-15679.293459
1927,19653.300000,-17912.082017,-19641.565965,-11401.556472,-3135.420708,13498.551636,18427.847945,16626.831450,-7062.322871,-14452.798244
1928,19653.300000,-17782.837510,-19651.748258,-11947.836520,-3924.960160,12716.784930,17987.509338,17339.934160,-5364.406274,-13089.331034
1929,19653.300000,-17649.205355,-19652.427140,-12479.849616,-4707.953833,11898.754559,17483.101571,17962.544098,-3621.994086,-11601.813674
1930,19653.300000,-17511.218522,-19643.602283,-12996.960483,-5483.095904,11046.793250,16916.421279,18491.412016,-1849.538914,-10004.343656
1931,19653.300000,-17368.911058,-19625.277954,-13498.551636,-6249.093645,10163.330488,16289.486903,18923.777887,-61.742561,-8312.060517
1932,19653.300000,-17222.318075,-19597.463014,-13984.024125,-7004.669576,9250.885590,15604.531502,19257.385301,1726.565921,-6541.002354
1933,19653.300000,-17071.475743,-19560.170916,-14452.798244,-7748.563600,8312.060517,14863.994796,19490.493244,3500.553234,-4707.953833
1934,19653.300000,-16916.421279,-19513.419692,-14904.314230,-8479.535103,7349.532458,14070.514482,19621.885185,5245.504867,-2830.287113
1935,19653.300000,-16757.192942,-19457.231952,-15338.032925,-9196.365019,6366.046195,13226.916832,19650.875421,6946.947147,-925.797208
1936,19653.300000,-16593.830018,-19391.634867,-15753.436424,-9897.857869,5364.406274,12336.206631,19577.312661,8590.767297,987.466658
1937,19653.300000,-16426.372815,-19316.660160,-16150.028693,-10582.843751,4347.469010,11401.556473,19401.580809,10163.330488,2891.372110
1938,19653.300000,-16254.862650,-19232.344087,-16527.336159,-11250.180294,3318.134339,10426.295459,19124.596966,11651.592944,4767.875463
1939,19653.300000,-16079.341841,-19138.727423,-16884.908279,-11898.754559,2279.337551,9413.897341,18747.806642,13043.210124,6599.192727
1940,19653.300000,-15899.853696,-19035.855441,-17222.318075,-12527.484898,1234.040917,8367.968151,18273.176210,14326.639125,8367.968151
1941,19653.300000,-15716.442499,-18923.777887,-17539.162644,-13135.322758,185.225247,7292.233350,17703.182649,15491.234420,10057.438704
1942,19653.300000,-15529.153505,-18802.548963,-17835.063641,-13721.254429,-864.118620,6190.524567,17040.800611,16527.336159,11651.592944
1943,19653.300000,-15338.032925,-18672.227293,-18109.667730,-14284.302735,-1910.998333,5066.765943,16289.486903,17426.350296,13135.322758
1944,19653.300000,-15143.127914,-18532.875899,-18362.647005,-14823.528661,-2952.428571,3924.960160,15453.162443,18180.819869,14494.566549
1945,19653.300000,-14944.486564,-18384.562171,-18593.699383,-15338.032925,-3985.439552,2769.174182,14536.191799,18784.486858,15716.442499
1946,19653.300000,-14742.157885,-18227.357832,-18802.548963,-15826.957470,-5007.085503,1603.524766,13543.360410,19232.344087,16789.370648
1947,19653.300000,-14536.191799,-18061.338904,-18988.946358,-16289.486903,-6014.453060,432.163805,12479.849616,19520.676761,17703.182649
1948,19653.300000,-14326.639125,-17886.585674,-19152.668989,-16724.849849,-7004.669576,-740.736467,11351.209612,19647.093277,18449.218125
1949,19653.300000,-14113.551568,-17703.182649,-19293.521355,-17132.320239,-7974.911311,-1910.998333,10163.330488,19610.545061,19020.406752
1950,19653.300000,-13896.981703,-17511.218522,-19411.335264,-17511.218522,-8922.411489,-3074.453472,8922.411489,19411.335264,19411.335264
1951,19653.300000,-13676.982965,-17310.786125,-19505.970034,-17860.912797,-9844.468180,-4226.957809,7634.928658,19051.116253,19618.298756
1952,19653.300000,-13453.609637,-17101.982386,-19577.312661,-18180.819869,-10738.452015,-5364.406274,6307.601047,18532.875899,19639.335793
1953,19653.300000,-13226.916832,-16884.908279,-19625.277954,-18470.406218,-11601.813674,-6482.747425,4947.355645,17860.912797,19474.247003
1954,19653.300000,-12996.960483,-16659.668781,-19649.808638,-18729.188893,-12432.091163,-7577.997875,3561.291234,17040.800611,19124.596966
1955,19653.300000,-12763.797328,-16426.372815,-19650.875421,-18956.736312,-13226.916832,-8646.256487,2156.641336,16079.341841,18593.699383
1956,19653.300000,-12527.484898,-16185.133201,-19628.477029,-19152.668989,-13984.024125,-9683.718262,740.736467,14984.511402,17886.585674
1957,19653.300000,-12288.081498,-15936.066600,-19582.640208,-19316.660160,-14701.254047,-10686.687896,-679.034120,13765.390470,17009.957294
1958,19653.300000,-12045.646198,-15679.293459,-19513.419692,-19448.436332,-15376.561318,-11651.592944,-2095.260998,12432.091163,15972.122222
1959,19653.300000,-11800.238814,-15414.937950,-19420.898138,-19547.777737,-16008.020205,-12574.996538,-3500.553234,10995.672663,14782.916224
1960,19653.300000,-11551.919899,-15143.127914,-19305.186025,-19614.518702,-16593.830018,-13453.609637,-4887.576959,9468.049483,13453.609637
1961,19653.300000,-11300.750720,-14863.994796,-19166.421526,-19648.547919,-17132.320239,-14284.302735,-6249.093645,7861.892643,11996.800560
1962,19653.300000,-11046.793250,-14577.673582,-19004.770339,-19649.808638,-17621.955288,-15064.117011,-7577.997875,6190.524567,10426.295459
1963,19653.300000,-10790.110149,-14284.302735,-18820.425494,-19618.298756,-18061.338904,-15790.274869,-8867.354433,4467.808580,8756.978315
1964,19653.300000,-10530.764750,-13984.024125,-18613.607118,-19554.070822,-18449.218125,-16460.189829,-10110.434489,2708.033920,7004.669576
1965,19653.300000,-10268.821042,-13676.982965,-18384.562171,-19457.231952,-18784.486858,-17071.475743,-11300.750720,925.797208,5185.976213
1966,19653.300000,-10004.343656,-13363.327738,-18133.564158,-19327.943647,-19066.189039,-17621.955288,-12432.091163,-864.118620,3318.134339
1967,19653.300000,-9737.397848,-13043.210124,-17860.912797,-19166.421526,-19293.521355,-18109.667730,-13498.551636,-2646.866931,1418.845857
1968,19653.300000,-9468.049483,-12716.784930,-17566.933661,-18972.934962,-19465.835538,-18532.875899,-14494.566549,-4407.660546,-493.889305
1969,19653.300000,-9196.365019,-12384.210011,-17251.977792,-18747.806642,-19582.640208,-18890.072384,-15414.937950,-6131.894391,-2401.943781
1970,19653.300000,-8922.411489,-12045.646198,-16916.421279,-18491.412016,-19643.602283,-19179.984897,-16254.862650,-7805.266639,-4287.234566
1971,19653.300000,-8646.256487,-11701.257217,-16560.664812,-18204.178685,-19648.547919,-19401.580809,-17009.957294,-9413.897341,-6131.894391
1972,19653.300000,-8367.968151,-11351.209612,-16185.133201,-17886.585674,-19597.463014,-19554.070822,-17676.281231,-10944.443554,-7918.441053
1973,19653.300000,-8087.615144,-10995.672663,-15790.274869,-17539.162644,-19490.493244,-19636.911788,-18250.357083,-12384.210011,-9629.943101
1974,19653.300000,-7805.266639,-10634.818304,-15376.561318,-17162.489003,-19327.943647,-19649.808638,-18729.188893,-13721.254429,-11250.180294
1975,19653.300000,-7520.992301,-10268.821042,-14944.486564,-16757.192942,-19110.277757,-19592.715435,-19110.277757,-14944.486564,-12763.797328
1976,19653.300000,-7234.862271,-9897.857869,-14494.566549,-16323.950386,-18838.116276,-19465.835538,-19391.634867,-16043.760196,-14156.449359
1977,19653.300000,-6946.947147,-9522.108179,-14027.338525,-15863.483866,-18512.235312,-19269.620875,-19571.791893,-17009.957294,-15414.937950
1978,19653.300000,-6657.317968,-9141.753683,-13543.360410,-15376.561318,-18133.564158,-19004.770339,-19649.808638,-17835.063641,-16527.336159
1979,19653.300000,-6366.046195,-8756.978315,-13043.210124,-14863.994796,-17703.182649,-18672.227293,-19625.277954,-18512.235312,-17483.101571
1980,19653.300000,-6073.203696,-8367.968151,-12527.484898,-14326.639125,-17222.318075,-18273.176210,-19498.327859,-19035.855441,-18273.176210
1981,19653.300000,-5778.862724,-7974.911311,-11996.800560,-13765.390470,-16692.341688,-17809.038460,-19269.620875,-19401.580809,-18890.072384
1982,19653.300000,-5483.095904,-7577.997875,-11451.790804,-13181.184841,-16114.764790,-17281.467239,-18940.350567,-19606.377871,-19327.943647
1983,19653.300000,-5185.976213,-7177.419787,-10893.106427,-12574.996538,-15491.234420,-16692.341688,-18512.235312,-19648.547919,-19582.640208
1984,19653.300000,-4887.576959,-6773.370762,-10321.414555,-11947.836520,-14823.528661,-16043.760196,-17987.509338,-19527.741169,-19651.748258
1985,19653.300000,-4587.971769,-6366.046195,-9737.397848,-11300.750720,-14113.551568,-15338.032925,-17368.911058,-19244.959664,-19534.612846
1986,19653.300000,-4287.234566,-5955.643065,-9141.753683,-10634.818304,-13363.327738,-14577.673582,-16659.668781,-18802.548963,-19232.344087
1987,19653.300000,-3985.439552,-5542.359838,-8535.193319,-9951.149869,-12574.996538,-13765.390470,-15863.483866,-18204.178685,-18747.806642
1988,19653.300000,-3682.661190,-5126.396376,-7918.441053,-9250.885590,-11750.806004,-12904.076834,-14984.511402,-17454.812069,-18085.592566
1989,19653.300000,-3378.974187,-4707.953833,-7292.233350,-8535.193319,-10893.106427,-11996.800560,-14027.338525,-16560.664812,-17251.977792
1990,19653.300000,-3074.453472,-4287.234566,-6657.317968,-7805.266639,-10004.343656,-11046.793250,-12996.960483,-15529.153505,-16254.862650
1991,19653.300000,-2769.174182,-3864.442030,-6014.453060,-7062.322871,-9087.052122,-10057.438704,-11898.754559,-14368.834118,-15103.696996
1992,19653.300000,-2463.211639,-3439.780685,-5364.406274,-6307.601047,-8143.847606,-9032.260875,-10738.452015,-13089.331034,-13809.390651
1993,19653.300000,-2156.641336,-3013.455892,-4707.953833,-5542.359838,-7177.419787,-7974.911311,-9522.108179,-11701.257217,-12384.210011
1994,19653.300000,-1849.538914,-2585.673819,-4045.879609,-4767.875463,-6190.524567,-6889.156155,-8256.070846,-10216.126180,-10841.661789
1995,19653.300000,-1541.980146,-2156.641336,-3378.974187,-3985.439552,-5185.976213,-5778.862724,-6946.947147,-8646.256487,-9196.365019
1996,19653.300000,-1234.040917,-1726.565921,-2708.033920,-3196.356999,-4166.639333,-4647.985738,-5601.569071,-7004.669576,-7463.912498
1997,19653.300000,-925.797208,-1295.655554,-2033.859981,-2401.943781,-3135.420708,-3500.553234,-4226.957809,-5304.981750,-5660.723019
1998,19653.300000,-617.325071,-864.118620,-1357.257403,-1603.524766,-2095.260998,-2340.652216,-2830.287113,-3561.291234,-3803.885760
1999,19653.300000,-308.700619,-432.163805,-679.034120,-802.431503,-1049.126363,-1172.414101,-1418.845857,-1788.061241,-1910.998333
