iteration,original,freq5,freq7,freq11,freq13,freq17,freq19,freq23,freq29,freq31
0,966589682.600000,0.000000,0.000000,0.000000,0.000000,0.000000,0.000000,0.000000,0.000000,0.000000
1,1175263144.100000,18460231.129267,25843303.283275,40606095.412434,47985232.577829,62737532.543252,70110112.947736,84846679.327489,106925680.490569,114277292.305355
2,1233989357.550000,38760542.414977,54256190.075744,85219336.763706,100681946.351102,131557029.771792,146964628.071498,177707773.041926,223605983.842608,238837983.734225
3,1254678946.950000,59103471.970927,82715459.814684,129842891.489872,153341591.169232,200167216.297314,223477504.824393,269851626.574600,338673348.245705,361384093.065929
4,1263153434.500000,79314060.397492,110969540.648006,174050278.919054,205435693.793261,267797509.036462,298734520.346323,360023060.287607,450202888.693240,479719268.859667
5,1266939266.450000,99402909.187766,139026707.598085,217823728.189404,256919187.224359,334311128.359054,372531233.956535,447831159.286220,557376209.139875,592838655.629376
6,1268710137.050000,119396171.087877,166917036.054865,261179978.585907,307788103.350666,399626590.520784,444726445.410581,532967022.066092,659497531.997287,699878708.128062
7,1269558102.900000,139314083.811786,194662338.917266,304123019.392116,358023733.505093,463644856.002822,515160979.337923,615106348.331324,755874378.037457,799991562.075130
8,1269968914.850000,159169310.624301,222273844.280559,346640473.355145,407588407.874904,526244106.934379,583652136.880385,693903835.602294,845814368.562699,892343619.664830
9,1270169092.700000,178968389.930472,249754230.976639,388706852.619688,456429415.610724,587285226.833476,650000142.150813,769002166.658850,928640431.616853,976133733.777829
10,1270266911.800000,198713524.805739,277100141.578828,430287571.859541,504483824.564527,646618467.163524,713995916.558338,840042580.901373,1003707767.413759,1050613086.893518
11,1270314778.700000,218404076.973528,304304281.304013,471342308.657806,551682527.225633,704089088.332896,775427691.482030,906673964.915198,1070418568.697256,1115102417.965475
12,1270338218.200000,238037645.294803,331356934.332912,511827443.645807,597953194.486642,759541550.830190,834085979.058711,968559860.918216,1128233673.904274,1169005685.313654
13,1270349699.850000,257610779.789539,358246969.050456,551697693.063745,643222270.544659,812822430.737209,889767095.169802,1025383623.500063,1176681418.788406,1211820434.227204
14,1270355324.800000,277119428.277230,384962468.380198,590907148.872160,687416264.001820,863782395.275776,942275610.625249,1076852179.821160,1215364248.998092,1243145462.557463
15,1270358081.000000,296559204.446335,411491109.784676,629409923.244608,730462568.550621,912277545.542079,991426074.620369,1122698809.893229,1243963610.572893,1262686331.960968
16,1270359431.400000,315925543.653675,437820387.920013,667160544.303337,772289987.310152,958170355.164582,1037044266.370584,1162685255.644578,1262243499.464807,1270259129.159654
17,1270360093.200000,335213792.346979,463937744.273402,704114204.505303,812829080.833645,1001330361.910803,1078968150.037032,1196603368.197255,1270052925.766032,1265792749.320381
18,1270360417.450000,354419257.932832,489830641.391551,740226920.995913,852012408.986882,1041634703.891690,1117048634.884269,1224276414.258946,1267327440.034387,1249329861.157068
19,1270360576.450000,373537237.061655,515486606.860575,775455647.421891,889774713.261724,1078968560.480781,1151150207.012771,1245560118.824380,1254089815.965295,1221026659.287493
20,1270360654.200000,392563031.133076,540893259.377418,809758356.619920,926053062.422340,1113225527.340353,1181151464.872776,1260343481.003298,1230449938.218472,1181151464.872776
21,1270360692.350000,411491955.646426,566038326.163127,843094108.558698,960786978.287752,1144307946.577987,1206945581.213450,1268549388.089815,1196603932.560786,1130082226.213844
22,1270360711.000000,430319345.205470,590909654.268897,875423107.582870,993918546.403941,1172127197.841717,1228440697.531945,1270135034.444177,1152832558.781479,1068302957.479900
23,1270360720.100000,449040557.080652,615495219.808629,906706755.111762,1025392518.675839,1196603958.699630,1245560259.669990,1265092154.616550,1099498893.147733,996399163.218276
24,1270360724.700000,467650973.528371,639783135.405740,936907698.242886,1055156408.435241,1217668434.536854,1258243294.535393,1253447071.135211,1037045322.142137,915052294.864552
25,1270360726.900000,486146003.311902,663761656.476760,965989875.198752,1083160578.973000,1235260558.892088,1266444628.740427,1235260558.892088,965989875.198752,825033294.760519
26,1270360727.950000,504521083.450607,687419187.761113,993918559.665465,1109358327.783734,1249330166.516804,1270135051.391166,1210627530.011126,886921929.902065,727195291.772311
27,1270360728.250000,522771680.282918,710744288.845623,1020660402.152642,1133705964.344213,1259837136.339276,1269301418.066127,1179676538.528029,800497323.494038,622465516.238828
28,1270360728.450000,540893290.991531,733725680.252348,1046183470.625570,1156162883.886086,1266751506.915474,1263946698.704433,1142569110.551611,707432913.817978,511836513.170402
29,1270360728.500000,558881444.313846,756352248.349033,1070457287.855667,1176691634.249181,1270053560.912419,1254089966.067841,1099498900.417944,608500632.698062,396356735.275496
30,1270360728.600000,576731702.026609,778613051.242675,1093452868.561371,1195257979.174418,1269733882.266691,1239766328.749460,1050690680.946339,504521083.708753,277120607.079677
31,1270360728.600000,594439659.777725,800497323.714584,1115142753.514942,1211830954.845752,1265793382.435918,1221026805.528812,996399169.885195,396356735.306697,155258152.658070
32,1270360728.600000,612000948.437582,821994482.784333,1135501042.837661,1226382922.085300,1258243298.398192,1197938144.239764,936907701.119187,284904767.283332,31924286.357186
33,1270360728.600000,629411235.020979,843094132.616560,1154503426.629267,1238889612.121603,1247105160.258254,1170582583.679453,872526745.723296,171089628.863986,-91712132.649492
34,1270360728.600000,646666223.800217,863786069.607844,1172127214.080757,1249330167.156043,1232410729.951409,1139057560.783152,803592291.778577,55855370.821453,-214479377.837316
35,1270360728.600000,663761657.365007,884060287.321076,1188351360.569551,1257687175.148043,1214201910.669997,1103475363.566622,730464090.934526,-59842185.045262,-335213960.011915
36,1270360728.600000,680693317.672921,903906981.324482,1203156492.788948,1263946698.853675,1192530627.370664,1063962731.170865,653523780.955319,-175043374.068143,-452771653.923860
37,1270360728.600000,697457027.090132,923316553.932961,1216524931.881856,1268098299.069240,1167458678.703195,1020660402.433847,573172894.047909,-288792648.742398,-566038342.315145
38,1270360728.600000,714048649.422182,942279618.849440,1228440714.551171,1270135052.041051,1139057560.783151,973722614.597131,489830761.366010,-400146504.608492,-673940574.626351
39,1270360728.600000,730464090.934526,960787005.704003,1238889612.121603,1270053561.012395,1107408263.310849,923316553.932962,403932324.625831,-508181306.241961,-775455740.297550
40,1270360728.600000,746699301.362601,978829764.488600,1247859147.530188,1267853961.888413,1072601038.618067,869621760.248590,315925866.254197,-612000948.437582,-869621760.248590
41,1270360728.600000,762750274.911166,996399169.885195,1255338610.225182,1263539923.009445,1034735144.301094,812829487.388921,226270669.914843,-710744289.041442,-955546204.690709
42,1270360728.600000,778613051.242675,1013486725.485248,1261319068.955574,1257118639.033223,993918560.174019,753142022.015282,135434623.622006,-803592291.778577,-1032414750.858193
43,1270360728.600000,794283716.454426,1030084167.898504,1265793382.435918,1248600818.936117,950267680.349413,690771963.086755,43891777.950072,-889774819.829281,-1099498900.504495
44,1270360728.600000,809758404.044264,1046183470.749100,1268756207.873767,1238000668.153435,903906981.324482,625941464.610429,-47880127.917645,-968577023.804116,-1156162884.022601
45,1270360728.600000,825033295.864580,1061776848.557039,1270204007.349517,1225335864.888583,854968667.019193,558881444.357840,-139402159.390040,-1039345271.131937,-1201869685.757953
46,1270360728.600000,840104623.064379,1076856760.503191,1270135052.041050,1210627530.630563,803592291.778577,489830761.366010,-230196685.907889,-1101492567.679035,-1236186133.410829
47,1270360728.600000,854968667.019193,1091415914.075955,1268549424.288129,1193900194.929004,749924362.414292,419035365.152747,-319789873.578118,-1154503426.629268,-1258787003.294960
48,1270360728.600000,869621760.248590,1105447268.597862,1265449017.494068,1175181754.485475,694117920.420267,346747419.676570,-407714157.994201,-1197938144.239764,-1269458102.546009
49,1270360728.600000,884060287.321076,1118944038.630379,1260837533.864822,1154503426.629267,636332105.553798,273224405.161606,-493510684.337695,-1231436447.006525,-1268098299.069240
50,1270360728.600000,898280685.746143,1131899697.255288,1254720479.988164,1131899697.255289,576731702.026609,198728200.986660,-576731702.026609,-1254720479.988164,-1254720479.988164
51,1270360728.600000,912279446.853265,1144307979.231047,1247105160.258254,1107408263.310849,515486668.599966,123524152.905040,-656942901.413548,-1267597111.500836,-1229451429.510745
52,1270360728.600000,926053116.657606,1156162884.022601,1238000668.153436,1081069969.927284,452771653.923860,47880127.917645,-733725680.338984,-1269959535.067833,-1192530627.370664
53,1270360728.600000,939598296.712242,1167458678.703195,1227417875.377686,1052928742.301252,388765498.502324,-27934439.834334,-806679328.711073,-1261788155.336330,-1144307979.231047
54,1270360728.600000,952911644.946676,1178189900.726759,1215369418.878677,1023031512.439306,323650724.705093,-103649508.758645,-875423119.711272,-1243150750.612954,-1085240500.560053
55,1270360728.600000,965989876.491442,1188351360.569551,1201869685.757953,991428140.887915,257613016.279922,-178995391.664865,-939598296.712242,-1214201910.669997,-1015887985.405903
56,1270360728.600000,978829764.488600,1197938144.239764,1186934796.091249,958171333.579473,190840688.849809,-253703716.354973,-998869945.538827,-1175181754.485475,-936907701.119187
57,1270360728.600000,991428140.887915,1206945615.653887,1170582583.679453,923316553.932962,123524152.905040,-327508381.530076,-1052928742.301253,-1126413938.552822,-849048159.301639
58,1270360728.600000,1003781897.228524,1215369418.878676,1152832574.753205,886921930.355872,55855370.821453,-400146504.608491,-1101492567.679034,-1068302972.280525,-753142022.015282
59,1270360728.600000,1015887985.405903,1223205480.237646,1133705964.656563,849048159.301639,-11972690.546721,-471359358.079187,-1144307979.231047,-1001330862.749356,-650098210.481210
60,1270360728.600000,1027743418.423940,1230450010.281059,1113225592.537570,809758404.044264,-79766610.138432,-540893291.055398,-1181151534.048146,-926053116.657606,-540893291.055398
61,1270360728.600000,1039345271.131937,1237099505.618474,1091415914.075955,769118189.338945,-147333064.252606,-608500632.745962,-1211830954.845751,-843094132.616559,-426562220.118351
62,1270360728.600000,1050690680.946339,1243150750.612953,1068302972.280525,727195292.144391,-214479377.837317,-673940574.626351,-1236186133.410829,-753142022.015282,-308188535.591053
63,1270360728.600000,1061776848.557039,1248600818.936117,1043914366.391120,684059628.589066,-281014073.929235,-736980028.167193,-1254089966.166560,-656942901.413548,-186894088.034171
64,1270360728.600000,1072601038.618067,1253447074.983286,1018279218.922272,639783137.369870,-346747419.676570,-797394455.065181,-1265449017.494068,-555294703.805226,-63828408.650863
65,1270360728.600000,1083160580.422488,1257687175.148043,991428140.887915,594439659.777724,-411491967.388433,-854968667.019193,-1270204007.349517,-449040560.085189,59842185.045261
66,1270360728.600000,1093452868.561371,1261319068.955574,963393195.248672,548104816.550138,-475063089.067750,-909497592.202935,-1268330120.631807,-339061805.617822,182945642.649334
67,1270360728.600000,1103475363.566622,1264341000.054264,934207858.625367,500855881.756132,-537279502.903434,-960787005.704003,-1259837136.686376,-226270669.914843,304315288.616160
68,1270360728.600000,1113225592.537570,1266751507.065048,903906981.324482,452771653.923860,-597963790.220438,-1008654221.327668,-1244769378.269243,-111602710.058584,422800879.072542
69,1270360728.600000,1122701149.751111,1268549424.288129,872526745.723296,403932324.625831,-656942901.413549,-1052928742.301252,-1223205480.237646,3990949.367522,537279502.903434
70,1270360728.600000,1131899697.255288,1269733882.266690,840104623.064380,354419344.740915,-714048649.422182,-1093452868.561371,-1195257979.174418,119551505.474625,646666223.800217
71,1270360728.600000,1140818965.446147,1270304308.207366,806679328.711073,304315288.616162,-769118189.338945,-1130082258.460969,-1161072726.087748,234120429.952581,749924362.414292
72,1270360728.600000,1149456753.627723,1270260426.257233,772290775.917334,253703716.354974,-821994482.784333,-1162686442.895428,-1120828125.251295,346747419.676570,846075321.170022
73,1270360728.600000,1157810930.555032,1269602257.637212,736980028.167193,202669034.461309,-872526745.723296,-1191149290.016476,-1074734203.156977,456498279.089099,934207858.625367
74,1270360728.600000,1165879434.959923,1268330120.631807,700789250.140714,151296355.072310,-920570878.446688,-1215369418.878676,-1023031512.439306,562462668.976227,1013486725.485247
75,1270360728.600000,1173660276.059666,1266444630.435186,663761657.365008,99671354.014122,-965989876.491442,-1235260560.545116,-965989876.491442,663761657.365008,1083160580.422488
76,1270360728.600000,1181151534.048147,1263946698.853676,625941464.610429,47880127.917645,-1008654221.327669,-1250751865.366095,-903906981.324482,759555009.910521,1142569110.686521
77,1270360728.600000,1188351360.569551,1260837533.864822,587373833.093578,-3990949.367522,-1048442249.698585,-1261788155.336330,-837106822.018734,849048159.301639,1191149290.016476
78,1270360728.600000,1195257979.174418,1257118639.033223,548104816.550138,-55855370.821455,-1085240500.560053,-1268330120.631807,-765938011.874534,931498795.877137,1228440714.551171
79,1270360728.600000,1201869685.757953,1252791812.783419,508181306.241961,-107626640.524360,-1118944038.630379,-1270354459.626237,-690771963.086754,1006223024.785609,1254089966.166560
80,1270360728.600000,1208184848.980489,1247859147.530188,467650974.964057,-159218417.908544,-1149456753.627723,-1267853961.888413,-612000948.437583,1072601038.618067,1267853961.888413
81,1270360728.600000,1214201910.669997,1242323028.666673,426562220.118351,-210544661.751270,-1176691634.341808,-1260837533.864822,-530036054.123115,1130082258.460969,1269602257.637212
82,1270360728.600000,1219919386.206541,1236186133.410830,384964105.922189,-261519773.668403,-1200571016.758373,-1249330167.156043,-445305034.397473,1178189900.726759,1259318284.472198
83,1270360728.600000,1225335864.888583,1229451429.510745,342906304.820592,-312058740.869521,-1221026805.528813,-1233372849.499933,-358250079.230481,1216524931.881856,1237099505.618474
84,1270360728.600000,1230450010.281059,1222122173.809462,300439038.172228,-362077277.936394,-1238000668.153436,-1213022418.778653,-269325506.628962,1244769378.269243,1203156492.788948
85,1270360728.600000,1235260560.545116,1214201910.669997,257613016.279923,-411491967.388433,-1251444201.324634,-1188351360.569551,-178995391.664866,1262688963.571995,1157810930.555032
86,1270360728.600000,1239766328.749460,1205694470.261322,214479377.837316,-460220398.800619,-1261319068.955574,-1159447549.961005,-87731144.583687,1270135052.041051,1101492567.679034
87,1270360728.600000,1243966203.163206,1196603966.706122,171089628.863987,-508181306.241961,-1267597111.500836,-1126413938.552822,3990949.367522,1267045881.368944,1034735144.301094
88,1270360728.600000,1247859147.530188,1186934796.091249,127495581.201935,-555294703.805227,-1270260426.257233,-1089368187.756090,95692215.553575,1253447074.983286,958171333.579473
89,1270360728.600000,1251444201.324634,1176691634.341808,83749290.646904,-601482019.001948,-1269301418.415835,-1048442249.698586,186894088.034170,1229451429.510745,872526745.723294
90,1270360728.600000,1254720479.988164,1165879434.959922,39902994.788371,-646666223.800218,-1264722822.719616,-1003781897.228525,277120607.079677,1195257979.174418,778613051.242674
91,1270360728.600000,1257687175.148043,1154503426.629268,-3990949.367523,-690771963.086755,-1256537695.664956,-955546204.690710,365900903.085750,1151150344.885046,677320288.588538
92,1270360728.600000,1260343554.816631,1142569110.686522,-47880127.917645,-733725680.338984,-1244769378.269243,-903906981.324482,452771653.923859,1097494381.719692,569608429.084144
93,1270360728.600000,1262688963.571994,1130082258.460969,-91712132.649492,-775455740.297550,-1229451429.510745,-849048159.301639,537279502.903434,1034735144.301094,456498279.089099
94,1270360728.600000,1264722822.719616,1117048908.483538,-135434623.622006,-815892548.434690,-1210627530.630562,-791165138.584055,618983424.726874,963393195.248672,339061805.617821
95,1270360728.600000,1266444630.435186,1103475363.566622,-178995391.664865,-854968667.019193,-1188351360.569551,-730464090.934526,697457027.090131,884060287.321076,218411977.098493
96,1270360728.600000,1267853961.888413,1089368187.756089,-222342420.721632,-892618927.584434,-1162686442.895427,-667161225.559867,772290775.917334,797394455.065181,95692215.553576
97,1270360728.600000,1268950469.347851,1074734203.156977,-265423949.962298,-928780539.611853,-1133705964.656562,-601482019.001948,843094132.616559,704114556.684318,-27934439.834335
98,1270360728.600000,1269733882.266690,1059580486.634375,-308188535.591053,-963393195.248673,-1101492567.679034,-533660412.019684,909497592.202935,604994311.398758,-151296355.072310
99,1270360728.600000,1270204007.349517,1043914366.391120,-350585112.275502,-996399169.885196,-1066138112.902073,-463937976.322602,971154611.652596,500855881.756132,-273224405.161605
100,1270360728.600000,1270360728.600000,1027743418.423940,-392563054.123940,-1027743418.423940,-1027743418.423939,-392563054.123941,1027743418.423940,392563054.123940,-392563054.123940
101,1270360728.600000,1270204007.349517,1011075462.859773,-434072235.137894,-1057373667.080077,-986417972.005229,-319789873.578119,1078968689.707922,281014073.929236,-508181306.241960
102,1270360728.600000,1269733882.266691,993918560.174019,-475063089.067749,-1085240500.560053,-942279618.849441,-245877643.253234,1124563093.643831,167134195.074263,-618983424.726874
103,1270360728.600000,1268950469.347851,976281007.292566,-515486668.599965,-1111297444.473027,-895454225.551137,-171089628.863986,1164288684.457311,51868005.327685,-723919316.230303
104,1270360728.600000,1267853961.888413,958171333.579473,-555294703.805227,-1135501042.837661,-846075321.170022,-95692215.553575,1197938144.239764,-63828408.650863,-821994482.784332
105,1270360728.600000,1266444630.435186,939598296.712243,-594439659.777724,-1157810930.555032,-794283716.454426,-19953959.064596,1225335864.888583,-178995391.664865,-912279446.853265
106,1270360728.600000,1264722822.719616,920570878.446687,-632874793.396743,-1178189900.726759,-740227102.300055,55855370.821454,1246338864.561865,-292677679.934611,-993918560.174018
107,1270360728.600000,1262688963.571994,901098280.273432,-670554209.142774,-1196603966.706122,-684059628.589065,131465751.168915,1260837533.864822,-403932324.625833,-1066138112.902072
108,1270360728.600000,1260343554.816632,881189918.968153,-707432913.901508,-1213022418.778653,-625941464.610429,206607867.674410,1268756207.873767,-511836513.230836,-1128253666.210991
109,1270360728.600000,1257687175.148043,860855422.037713,-743466870.690260,-1227417875.377686,-566038342.315145,281014073.929234,1270053561.012395,-615495223.926916,-1179676538.853044
110,1270360728.600000,1254720479.988164,840104623.064380,-778613051.242674,-1239766328.749460,-504521083.708752,354419344.740914,1264722822.719616,-714048649.422182,-1219919386.206540
111,1270360728.600000,1251444201.324634,818947556.950393,-812829487.388920,-1250047184.991595,-441565113.728845,426562220.118349,1252791812.783419,-806679328.711074,-1248600818.936117
112,1270360728.600000,1247859147.530188,797394455.065181,-846075321.170022,-1258243298.398192,-377349959.996697,497185736.558161,1234322796.156366,-892618927.584433,-1265449017.494068
113,1270360728.600000,1243966203.163206,775455740.297550,-878310853.626481,-1264341000.054263,-312058740.869518,566038342.315145,1209412158.010396,-971154611.652597,-1270304308.207366
114,1270360728.600000,1239766328.749460,753142022.015282,-909497592.202935,-1268330120.631807,-245877643.253234,632874793.396743,1178189900.726758,-1041634959.019789,-1263120676.536288
115,1270360728.600000,1235260560.545116,730464090.934526,-939598296.712242,-1270204007.349517,-178995391.664865,697457027.090131,1140818965.446148,-1103475363.566622,-1243966203.163206
116,1270360728.600000,1230450010.281059,707432913.901509,-968577023.804116,-1269959535.067833,-111602710.058584,759555009.910520,1097494381.719693,-1156162884.022601,-1213022418.778652
117,1270360728.600000,1225335864.888584,684059628.589066,-996399169.885195,-1267597111.500836,-43891777.950071,818947556.950393,1048442249.698585,-1199260498.607549,-1170582583.679453
118,1270360728.600000,1219919386.206541,660355538.110560,-1023031512.439306,-1263120676.536288,23944317.609840,875423119.711272,993918560.174018,-1232410729.951409,-1117048908.483539
119,1270360728.600000,1214201910.669997,636332105.553798,-1048442249.698585,-1256537695.664956,91712132.649494,928780539.611852,934207858.625367,-1255338610.225182,-1052928742.301253
120,1270360728.600000,1208184848.980489,612000948.437582,-1072601038.618066,-1247859147.530188,159218417.908544,978829764.488600,869621760.248591,-1267853961.888413,-978829764.488600
121,1270360728.600000,1201869685.757953,587373833.093577,-1095479031.108418,-1237099505.618474,226270669.914843,1025392525.536752,800497323.714585,-1269852975.135364,-895454225.551138
122,1270360728.600000,1195257979.174418,562462668.976226,-1117048908.483538,-1224276714.121568,292677679.934611,1068302972.280524,727195292.144392,-1261319068.955574,-803592291.778577
123,1270360728.600000,1188351360.569551,537279502.903434,-1137284914.081887,-1209412158.010395,358250079.230481,1107408263.310849,650098210.481210,-1242323028.666673,-704114556.684318
124,1270360728.600000,1181151534.048146,511836513.230838,-1156162884.022601,-1192530627.370664,422800879.072543,1142569110.686521,569608429.084144,-1213022418.778652,-597963790.220436
125,1270360728.600000,1173660276.059665,486146003.962464,-1173660276.059665,-1173660276.059665,486146003.962465,1173660276.059665,486146003.962465,-1173660276.059665,-486146003.962465
126,1270360728.600000,1165879434.959922,460220398.800619,-1189756196.499681,-1152832574.753205,548104816.550138,1200571016.758373,400146504.608493,-1124563093.643830,-369720916.940916
127,1270360728.600000,1157810930.555031,434072235.137895,-1204431425.151093,-1130082258.460969,608500632.745962,1223205480.237646,312058740.869521,-1066138112.902074,-249791912.476769
128,1270360728.600000,1149456753.627723,407714157.994201,-1217668438.275089,-1105447268.597862,667161225.559867,1241483045.493645,222342420.721632,-998869945.538826,-127495581.201936
129,1270360728.600000,1140818965.446147,381158913.901743,-1229451429.510745,-1078968689.707922,723919316.230304,1255338610.225182,131465751.168916,-923316553.932961,-3990949.367525
130,1270360728.600000,1131899697.255289,354419344.740915,-1239766328.749460,-1050690680.946338,778613051.242675,1264722822.719616,39902994.788370,-840104623.064381,119551505.474624
131,1270360728.600000,1122701149.751110,327508381.530076,-1248600818.936117,-1020660402.433846,831086463.876930,1269602257.637212,-51868005.327685,-749924362.414292,241960947.316622
132,1270360728.600000,1113225592.537570,300439038.172228,-1255944350.776917,-988927936.606316,881189918.968154,1269959535.067833,-143368319.315036,-653523780.955319,362077277.936391
133,1270360728.600000,1103475363.566622,273224405.161606,-1261788155.336330,-955546204.690710,928780539.611853,1265793382.435918,-234120429.952580,-551702482.718067,478762131.375412
134,1270360728.600000,1093452868.561371,245877643.253234,-1266125254.508106,-920570878.446687,973722614.597131,1257118639.033224,-323650724.705093,-445305034.397474,590909662.455554
135,1270360728.600000,1083160580.422489,218411977.098493,-1268950469.347851,-884060287.321075,1015887985.405903,1243966203.163206,-411491967.388433,-335213960.011915,697457027.090133
136,1270360728.600000,1072601038.618067,190840688.849809,-1270260426.257233,-846075321.170022,1055156411.674566,1226382922.085300,-497185736.558162,-222342420.721632,797394455.065180
137,1270360728.600000,1061776848.557039,163177111.737512,-1270053561.012395,-806679328.711072,1091415914.075955,1204431425.151094,-580284817.896244,-107626640.524358,889774819.829280
138,1270360728.600000,1050690680.946339,135434623.622006,-1268330120.631807,-765938011.874533,1124563093.643831,1178189900.726759,-660355538.110560,7981859.345986,973722614.597131
139,1270360728.600000,1039345271.131937,107626640.524360,-1265092163.081298,-723919316.230303,1154503426.629267,1147751817.696295,-736980028.167192,123524152.905041,1048442249.698585
140,1270360728.600000,1027743418.423940,79766610.138432,-1260343554.816631,-680693317.672921,1181151534.048147,1113225592.537569,-809758404.044264,238041863.323148,1113225592.537569
141,1270360728.600000,1015887985.405902,51868005.327686,-1254089966.166560,-636332105.553798,1204431425.151094,1074734203.156978,-878310853.626482,350585112.275506,1167458678.703195
142,1270360728.600000,1003781897.228524,23944317.609839,-1246338864.561865,-590909662.455555,1224276714.121569,1032414750.858193,-942279618.849438,460220398.800619,1210627530.630562
143,1270360728.600000,991428140.887915,-3990949.367522,-1237099505.618474,-544501740.808946,1240630809.384165,986417972.005231,-1001330862.749355,566038342.315145,1242323028.666673
144,1270360728.600000,978829764.488600,-31924286.357186,-1226382922.085300,-497185736.558162,1253447074.983286,936907701.119187,-1055156411.674564,667161225.559868,1262244788.377399
145,1270360728.600000,965989876.491442,-59842185.045262,-1214201910.669998,-449040560.085187,1262688963.571995,884060287.321078,-1103475363.566622,762750274.911165,1270204007.349517
146,1270360728.600000,952911644.946675,-87731144.583687,-1200571016.758373,-400146504.608491,1268330120.631807,828063966.199277,-1146035553.917792,852012617.670699,1266125254.508106
147,1270360728.600000,939598296.712243,-115577678.119115,-1185506517.045695,-350585112.275502,1270354459.626237,769118189.338945,-1182614871.754457,934207858.625367,1250047184.991595
148,1270360728.600000,926053116.657606,-143368319.315039,-1169026400.100631,-300439038.172227,1268756207.873767,707432913.901509,-1213022418.778652,1008654221.327670,1222122173.809462
149,1270360728.600000,912279446.853265,-171089628.863986,-1151150344.885047,-249791912.476768,1263539923.009445,643227854.784667,-1237099505.618474,1074734203.156977,1182614871.754457
150,1270360728.600000,898280685.746143,-198728200.986659,-1131899697.255289,-198728200.986659,1254720479.988164,576731702.026610,-1254720479.988164,1131899697.255289,1131899697.255289
151,1270360728.600000,884060287.321076,-226270669.914843,-1111297444.473026,-147333064.252605,1242323028.666672,508181306.241960,-1265793382.435918,1179676538.853045,1070457287.939932
152,1270360728.600000,869621760.248590,-253703716.354974,-1089368187.756090,-95692215.553574,1226382922.085299,437820834.990815,-1270260426.257233,1217668438.275090,998869945.538827
153,1270360728.600000,854968667.019193,-281014073.929235,-1066138112.902074,-43891777.950071,1206945615.653886,365900903.085750,-1268098299.069240,1245560268.004050,917816117.297493
154,1270360728.600000,840104623.064380,-308188535.591054,-1041634959.019789,7981859.345987,1184066537.529425,292677679.934611,-1259318284.472198,1263120676.536288,828063966.199277
155,1270360728.600000,825033295.864581,-335213960.011916,-1015887985.405903,59842185.045262,1157810930.555031,218411977.098493,-1243966203.163206,1270204007.349517,730464090.934527
156,1270360728.600000,809758404.044265,-362077277.936394,-988927936.606317,111602710.058585,1128253666.210991,143368319.315041,-1222122173.809462,1266751507.065048,625941464.610431
157,1270360728.600000,794283716.454426,-388765498.502324,-960787005.704003,163177111.737512,1095479031.108418,67814002.295839,-1193900194.929005,1252791812.783419,515486668.599966
158,1270360728.600000,778613051.242674,-415265715.523071,-931498795.877137,214479377.837317,1059580486.634375,-7981859.345984,-1159447549.961004,1228440714.551171,400146504.608493
159,1270360728.600000,762750274.911167,-441565113.728845,-901098280.273432,265423949.962299,1020660402.433847,-83749290.646903,-1118944038.630379,1193900194.929004,281014073.929238
160,1270360728.600000,746699301.362601,-467650974.964057,-869621760.248590,315925866.254197,978829764.488600,-159218417.908545,-1072601038.618067,1149456753.627722,159218417.908543
161,1270360728.600000,730464090.934526,-493510684.337695,-837106822.018734,365900903.085751,934207858.625367,-234120429.952580,-1020660402.433847,1095479031.108418,35913817.800219
162,1270360728.600000,714048649.422182,-519131736.323785,-803592291.778578,415265715.523072,886921930.355872,-308188535.591054,-963393195.248672,1032414750.858193,-87731144.583687
163,1270360728.600000,697457027.090132,-544501740.808947,-769118189.338946,463937976.322602,837106822.018733,-381158913.901742,-901098280.273432,960787005.704001,-210544661.751270
164,1270360728.600000,680693317.672921,-569608429.084145,-733725680.338984,511836513.230838,784904588.257950,-452771653.923861,-834100759.066707,881189918.968154,-331362805.979555
165,1270360728.600000,663761657.365007,-594439659.777725,-697457027.090132,558881444.357840,730464090.934525,-522771680.426946,-762750274.911167,794283716.454425,-449040560.085189
166,1270360728.600000,646666223.800218,-618983424.726875,-660355538.110561,604994311.398760,673940574.626351,-590909662.455556,-687419188.112844,700789250.140713,-562462668.976226
167,1270360728.600000,629411235.020979,-643227854.784666,-622465516.410326,650098210.481210,615495223.926914,-656942901.413547,-608500632.745963,601482019.001947,-670554209.142774
168,1270360728.600000,612000948.437582,-667161225.559867,-583832206.589000,694117920.420267,555294703.805225,-720636195.524823,-526406464.984677,497185736.558162,-772290775.917332
169,1270360728.600000,594439659.777725,-690771963.086754,-544501740.808947,736980028.167194,493510684.337695,-781762677.591320,-441565113.728845,388765498.502324,-866708191.958194
170,1270360728.600000,576731702.026609,-714048649.422182,-504521083.708753,778613051.242675,430319351.167257,-840104623.064379,-354419344.740917,277120607.079676,-952911644.946673
171,1270360728.600000,558881444.357840,-736980028.167193,-463937976.322602,818947556.950394,365900903.085750,-895454225.551138,-265423949.962299,163177111.737510,-1030084167.898504
172,1270360728.600000,540893291.055398,-759555009.910520,-422800879.072542,857916278.172109,300439038.172228,-947614336.993782,-175043374.068143,47880127.917645,-1097494381.719694
173,1270360728.600000,522771680.426948,-781762677.591322,-381158913.901744,895454225.551138,234120429.952580,-996399169.885196,-83749290.646905,-67814002.295839,-1154503426.629267
174,1270360728.600000,504521083.708753,-803592291.778577,-339061805.617823,931498795.877137,167134195.074263,-1041634959.019787,7981859.345986,-182945642.649337,-1200571016.758373
175,1270360728.600000,486146003.962464,-825033295.864581,-296559822.516281,965989876.491442,99671354.014121,-1083160580.422489,99671354.014123,-296559822.516282,-1235260560.545117
176,1270360728.600000,467650974.964056,-846075321.170023,-253703716.354975,998869945.538828,31924286.357184,-1120828125.251294,190840688.849809,-407714157.994202,-1258243298.398192
177,1270360728.600000,449040560.085188,-866708191.958193,-210544661.751270,1030084167.898505,-35913817.800222,-1154503426.629268,281014073.929233,-515486668.599966,-1269301418.415835
178,1270360728.600000,430319351.167257,-886921930.355872,-167134195.074265,1059580486.634375,-103649508.758647,-1184066537.529425,369720916.940914,-618983424.726875,-1268330120.631807
179,1270360728.600000,411491967.388432,-906706761.178549,-123524152.905041,1087309709.812007,-171089628.863987,-1209412158.010395,456498279.089099,-717345962.431025,-1255338610.225182
180,1270360728.600000,392563054.123940,-926053116.657606,-79766610.138432,1113225592.537570,-238041863.323148,-1230450010.281058,540893291.055397,-809758404.044264,-1230450010.281059
181,1270360728.600000,373537281.799891,-944951641.067214,-35913817.800220,1137284914.081887,-304315288.616161,-1247105160.258254,622465516.410324,-895454225.551136,-1193900194.929005
182,1270360728.600000,354419344.740915,-963393195.248672,7981859.345986,1159447549.961005,-369720916.940914,-1259318284.472198,700789250.140713,-973722614.597132,-1146035553.917794
183,1270360728.600000,335213960.011916,-981368861.030029,51868005.327685,1179676538.853045,-434072235.137894,-1267045881.368944,775455740.297550,-1043914366.391121,-1087309709.812008
184,1270360728.600000,315925866.254197,-998869945.538827,95692215.553575,1197938144.239764,-497185736.558162,-1270260426.257233,846075321.170022,-1105447268.597863,-1018279218.922271
185,1270360728.600000,296559822.516280,-1015887985.405902,139402159.390039,1214201910.669998,-558881444.357840,-1268950469.347851,912279446.853265,-1157810930.555030,-939598296.712245
186,1270360728.600000,277120607.079677,-1032414750.858193,182945642.649334,1228440714.551171,-618983424.726875,-1263120676.536288,973722614.597131,-1200571016.758373,-852012617.670699
187,1270360728.600000,257613016.279922,-1048442249.698585,226270669.914842,1240630809.384166,-677320288.588538,-1252791812.783420,1030084167.898503,-1233372849.499934,-756352248.408572
188,1270360728.600000,238041863.323147,-1063962731.170865,269325506.628961,1250751865.366096,-733725680.338985,-1238000668.153435,1081069969.927283,-1255944350.776917,-653523780.955317
189,1270360728.600000,218411977.098493,-1078968689.707922,312058740.869519,1258787003.294960,-788038752.233175,-1218799926.772429,1126413938.552822,-1268098299.069240,-544501740.808949
190,1270360728.600000,198728200.986659,-1093452868.561371,354419344.740914,1264722822.719616,-840104623.064381,-1195257979.174418,1165879434.959922,-1269733882.266690,-430319351.167257
191,1270360728.600000,178995391.664865,-1107408263.310849,396356735.306695,1268549424.288128,-889774819.829282,-1167458678.703196,1199260498.607548,-1260837533.864821,-312058740.869520
192,1270360728.600000,159218417.908544,-1120828125.251295,437820834.990812,1270260426.257233,-936907701.119189,-1135501042.837662,1226382922.085300,-1241483045.493645,-190840688.849811
193,1270360728.600000,139402159.390040,-1133705964.656562,478762131.375412,1269852975.135364,-981368861.030029,-1099498900.504495,1247105160.258254,-1211830954.845752,-67814002.295841
194,1270360728.600000,119551505.474625,-1146035553.917793,519131736.323784,1267327750.441518,-1023031512.439306,-1059580486.634375,1261319068.955574,-1172127214.080758,55855370.821455
195,1270360728.600000,99671354.014122,-1157810930.555031,558881444.357839,1262688963.571994,-1061776848.557040,-1015887985.405902,1268950469.347851,-1122701149.751110,178995391.664861
196,1270360728.600000,79766610.138432,-1169026400.100631,597963790.220436,1255944350.776917,-1097494381.719693,-968577023.804117,1269959535.067833,-1063962731.170864,300439038.172227
197,1270360728.600000,59842185.045262,-1179676538.853045,636332105.553798,1247105160.258254,-1130082258.460969,-917816117.297492,1264341000.054263,-996399169.885194,419035365.152750
198,1270360728.600000,39902994.788370,-1189756196.499681,673940574.626350,1236186133.410829,-1159447549.961005,-863786069.607846,1252124186.034133,-920570878.446687,533660412.019681
199,1270360728.600000,19953959.064596,-1199260498.607549,710744289.041442,1223205480.237646,-1185506517.045695,-806679328.711073,1233372849.499934,-837106822.018729,643227854.784667
200,1270360728.600000,0.000000,-1208184848.980489,746699301.362600,1208184848.980489,-1208184848.980490,-746699301.362603,1208184848.980489,-746699301.362601,746699301.362601
201,1270360728.600000,-19953959.064596,-1216524931.881856,781762677.591321,1191149290.016475,-1227417875.377687,-684059628.589066,1176691634.341808,-650098210.481210,843094132.616559
202,1270360728.600000,-39902994.788370,-1224276714.121568,815892548.434688,1172127214.080757,-1243150750.612954,-618983424.726877,1139057560.783152,-548104816.550139,931498795.877135
203,1270360728.600000,-59842185.045262,-1231436447.006525,849048159.301638,1151150344.885046,-1255338610.225182,-551702482.718069,1095479031.108418,-441565113.728847,1011075462.859774
204,1270360728.600000,-79766610.138432,-1238000668.153436,881189918.968153,1128253666.210991,-1263946698.853676,-482456448.494125,1046183470.749101,-331362805.979552,1081069969.927282
205,1270360728.600000,-99671354.014122,-1243966203.163206,912279446.853264,1103475363.566622,-1268950469.347851,-411491967.388433,991428140.887916,-218411977.098491,1140818965.446147
206,1270360728.600000,-119551505.474625,-1249330167.156044,942279618.849440,1076856760.503190,-1270335652.766820,-339061805.617823,931498795.877137,-103649508.758642,1189756196.499681
207,1270360728.600000,-139402159.390040,-1254089966.166560,971154611.652596,1048442249.698583,-1268098299.069240,-265423949.962299,866708191.958194,11972690.546722,1227417875.377687
208,1270360728.600000,-159218417.908544,-1258243298.398192,998869945.538827,1018279218.922271,-1262244788.377399,-190840688.849809,797394455.065181,127495581.201936,1253447074.983286
209,1270360728.600000,-178995391.664865,-1261788155.336330,1025392525.536752,986417972.005230,-1252791812.783419,-115577678.119117,723919316.230305,241960947.316624,1267597111.500836
210,1270360728.600000,-198728200.986659,-1264722822.719616,1050690680.946338,952911644.946675,-1239766328.749460,-39902994.788370,646666223.800218,354419344.740915,1269733882.266691
211,1270360728.600000,-218411977.098493,-1267045881.368944,1074734203.156977,917816117.297492,-1223205480.237646,35913817.800217,566038342.315147,463937976.322601,1259837136.686376
212,1270360728.600000,-238041863.323147,-1268756207.873767,1097494381.719692,881189918.968152,-1203156492.788948,111602710.058584,482456448.494125,569608429.084148,1238000668.153436
213,1270360728.600000,-257613016.279922,-1269852975.135364,1118944038.630379,843094132.616559,-1179676538.853044,186894088.034168,396356735.306697,670554209.142777,1204431425.151093
214,1270360728.600000,-277120607.079677,-1270335652.766820,1139057560.783151,803592291.778577,-1152832574.753204,261519773.668403,308188535.591054,765938011.874536,1159447549.961006
215,1270360728.600000,-296559822.516280,-1270204007.349517,1157810930.555031,762750274.911165,-1122701149.751110,335213960.011915,218411977.098496,854968667.019192,1103475363.566622
216,1270360728.600000,-315925866.254197,-1269458102.546009,1175181754.485475,720636195.524823,-1089368187.756089,407714157.994200,127495581.201936,936907701.119185,1037045325.325861
217,1270360728.600000,-335213960.011916,-1268098299.069240,1191149290.016475,677320288.588537,-1052928742.301253,478762131.375412,35913817.800219,1011075462.859774,960787005.704004
218,1270360728.600000,-354419344.740915,-1266125254.508105,1205694470.261322,632874793.396741,-1013486725.485247,548104816.550137,-55855370.821452,1076856760.503191,875423119.711275
219,1270360728.600000,-373537281.799890,-1263539923.009446,1218799926.772428,587373833.093578,-971154611.652596,615495223.926916,-147333064.252605,1133705964.656563,781762677.591321
220,1270360728.600000,-392563054.123940,-1260343554.816631,1230450010.281059,540893291.055397,-926053116.657605,680693317.672920,-238041863.323146,1181151534.048147,680693317.672925
221,1270360728.600000,-411491967.388432,-1256537695.664956,1240630809.384165,493510684.337692,-878310853.626480,743466870.690261,-327508381.530073,1218799926.772430,573172894.047910
222,1270360728.600000,-430319351.167257,-1252124186.034133,1249330167.156043,445305034.397472,-828063966.199275,803592291.778575,-415265715.523072,1246338864.561866,460220398.800617
223,1270360728.600000,-449040560.085188,-1247105160.258254,1256537695.664956,396356735.306697,-775455740.297549,860855422.037713,-500855881.756130,1263539923.009445,342906304.820595
224,1270360728.600000,-467650974.964057,-1241483045.493645,1262244788.377398,346747419.676568,-720636195.524821,915052297.673755,-583832206.588998,1270260426.257233,222342420.721632
225,1270360728.600000,-486146003.962464,-1235260560.545116,1266444630.435186,296559822.516280,-663761657.365005,965989876.491441,-663761657.365006,1266444630.435186,99671354.014123
226,1270360728.600000,-504521083.708753,-1228440714.551171,1269132206.793099,245877643.253231,-604994311.398756,1013486725.485247,-740227102.300053,1252124186.034132,-23944317.609838
227,1270360728.600000,-522771680.426948,-1221026805.528812,1270304308.207366,194785406.144894,-544501740.808947,1057373667.080077,-812829487.388919,1227417875.377686,-147333064.252603
228,1270360728.600000,-540893291.055398,-1213022418.778653,1269959535.067833,143368319.315039,-482456448.494125,1097494381.719692,-881189918.968155,1192530627.370664,-269325506.628963
229,1270360728.600000,-558881444.357840,-1204431425.151094,1268098299.069240,91712132.649492,-419035365.152748,1133705964.656562,-944951641.067214,1147751817.696295,-388765498.502324
230,1270360728.600000,-576731702.026609,-1195257979.174418,1264722822.719616,39902994.788370,-354419344.740915,1165879434.959922,-1003781897.228521,1093452868.561370,-504521083.708752
231,1270360728.600000,-594439659.777725,-1185506517.045695,1259837136.686376,-11972690.546722,-288792648.742397,1193900194.929004,-1057373667.080078,1030084167.898504,-615495223.926914
232,1270360728.600000,-612000948.437582,-1175181754.485475,1253447074.983286,-63828408.650865,-222342420.721632,1217668438.275089,-1105447268.597861,958171333.579473,-720636195.524824
233,1270360728.600000,-629411235.020979,-1164288684.457312,1245560268.004050,-115577678.119115,-155258152.658069,1237099505.618474,-1147751817.696295,878310853.626482,-818947556.950390
234,1270360728.600000,-646666223.800218,-1152832574.753205,1236186133.410829,-167134195.074265,-87731144.583686,1252124186.034133,-1184066537.529425,791165138.584053,-909497592.202935
235,1270360728.600000,-663761657.365007,-1140818965.446148,1225335864.888584,-218411977.098496,-19953959.064595,1262688963.571994,-1214201910.669997,697457027.090129,-991428140.887915
236,1270360728.600000,-680693317.672922,-1128253666.210991,1213022418.778653,-269325506.628963,47880127.917647,1268756207.873767,-1238000668.153436,597963790.220435,-1063962731.170864
237,1270360728.600000,-697457027.090132,-1115142753.514942,1199260498.607549,-319789873.578120,115577678.119117,1270304308.207366,-1255338610.225182,493510684.337692,-1126413938.552821
238,1270360728.600000,-714048649.422182,-1101492567.679034,1184066537.529425,-369720916.940914,182945642.649337,1267327750.441518,-1266125254.508106,384964105.922191,-1178189900.726759
239,1270360728.600000,-730464090.934526,-1087309709.812007,1167458678.703195,-419035365.152748,249791912.476769,1259837136.686376,-1270304308.207366,273224405.161605,-1218799926.772427
240,1270360728.600000,-746699301.362601,-1072601038.618066,1149456753.627724,-467650974.964059,315925866.254197,1247859147.530188,-1267853961.888413,159218417.908543,-1247859147.530188
241,1270360728.600000,-762750274.911167,-1057373667.080077,1130082258.460969,-515486668.599966,381158913.901744,1231436447.006525,-1258787003.294960,43891777.950071,-1265092163.081297
242,1270360728.600000,-778613051.242675,-1041634959.019788,1109358328.351356,-562462668.976228,445305034.397474,1210627530.630563,-1243150750.612954,-71798926.643989,-1270335652.766820
243,1270360728.600000,-794283716.454426,-1025392525.536753,1087309709.812007,-608500632.745963,508181306.241962,1185506517.045695,-1221026805.528812,-186894088.034175,-1263539923.009446
244,1270360728.600000,-809758404.044265,-1008654221.327668,1063962731.170865,-653523780.955319,569608429.084146,1156162884.022602,-1192530627.370665,-300439038.172232,-1244769378.269243
245,1270360728.600000,-825033295.864581,-991428140.887916,1039345271.131938,-697457027.090133,629411235.020981,1122701149.751110,-1157810930.555032,-411491967.388431,-1214201910.669999
246,1270360728.600000,-840104623.064380,-973722614.597131,1013486725.485249,-740227102.300058,687419188.112844,1085240500.560053,-1117048908.483539,-519131736.323783,-1172127214.080758
247,1270360728.600000,-854968667.019193,-955546204.690710,986417972.005231,-781762677.591321,743466870.690262,1043914366.391120,-1070457287.939933,-622465516.410328,-1118944038.630378
248,1270360728.600000,-869621760.248590,-936907701.119187,958171333.579473,-821994482.784333,797394455.065182,998869945.538827,-1018279218.922271,-720636195.524824,-1055156411.674564
249,1270360728.600000,-884060287.321076,-917816117.297492,928780539.611853,-860855422.037715,849048159.301642,950267680.349413,-960787005.704004,-812829487.388922,-981368861.030029
250,1270360728.600000,-898280685.746143,-898280685.746143,898280685.746144,-898280685.746144,898280685.746144,898280685.746144,-898280685.746144,-898280685.746144,-898280685.746144
251,1270360728.600000,-912279446.853265,-878310853.626481,866708191.958194,-934207858.625368,944951641.067213,843094132.616561,-831086463.876930,-976281007.292567,-806679328.711071
252,1270360728.600000,-926053116.657606,-857916278.172109,834100759.066709,-968577023.804116,988927936.606316,784904588.257952,-759555009.910523,-1046183470.749102,-707432913.901511
253,1270360728.600000,-939598296.712243,-837106822.018733,800497323.714585,-1001330862.749357,1030084167.898504,723919316.230305,-684059628.589064,-1107408263.310849,-601482019.001947
254,1270360728.600000,-952911644.946676,-815892548.434689,765938011.874534,-1032414750.858195,1068302972.280525,660355538.110562,-604994311.398760,-1159447549.961004,-489830761.366010
255,1270360728.600000,-965989876.491442,-794283716.454426,730464090.934527,-1061776848.557040,1103475363.566622,594439659.777727,-522771680.426948,-1201869685.757953,-373537281.799892
256,1270360728.600000,-978829764.488600,-772290775.917334,694117920.420268,-1089368187.756091,1135501042.837662,526406464.984677,-437820834.990812,-1234322796.156367,-253703716.354976
257,1270360728.600000,-991428140.887915,-749924362.414292,656942901.413551,-1115142753.514943,1164288684.457312,456498279.089099,-350585112.275506,-1256537695.664957,-131465751.168914
258,1270360728.600000,-1003781897.228524,-727195292.144391,618983424.726875,-1139057560.783152,1189756196.499681,384964105.922189,-261519773.668405,-1268330120.631807,-7981859.345990
259,1270360728.600000,-1015887985.405902,-704114556.684318,580284817.896246,-1161072726.087748,1211830954.845752,312058740.869521,-171089628.863986,-1269602257.637212,115577678.119115
260,1270360728.600000,-1027743418.423940,-680693317.672921,540893291.055399,-1181151534.048147,1230450010.281059,238041863.323148,-79766610.138431,-1260343554.816632,238041863.323146
261,1270360728.600000,-1039345271.131937,-656942901.413549,500855881.756134,-1199260498.607549,1245560268.004050,163177111.737513,11972690.546717,-1240630809.384165,358250079.230477
262,1270360728.600000,-1050690680.946339,-632874793.396743,460220398.800621,-1215369418.878677,1257118639.033223,87731144.583688,103649508.758642,-1210627530.630562,475063089.067746
263,1270360728.600000,-1061776848.557039,-608500632.745962,419035365.152748,-1229451429.510745,1265092163.081298,11972690.546722,194785406.144893,-1170582583.679453,587373833.093578
264,1270360728.600000,-1072601038.618066,-583832206.588999,377349959.996700,-1241483045.493645,1269458102.546009,-63828408.650861,284904767.283328,-1120828125.251295,694117920.420263
265,1270360728.600000,-1083160580.422489,-558881444.357840,335213960.011917,-1251444201.324634,1270204007.349517,-139402159.390038,373537281.799892,-1061776848.557037,794283716.454425
266,1270360728.600000,-1093452868.561371,-533660412.019683,292677679.934611,-1259318284.472198,1267327750.441518,-214479377.837314,460220398.800617,-993918560.174017,886921930.355870
267,1270360728.600000,-1103475363.566622,-508181306.241961,249791912.476769,-1265092163.081298,1260837533.864822,-288792648.742395,544501740.808945,-917816117.297490,971154611.652597
268,1270360728.600000,-1113225592.537570,-482456448.494125,206607867.674412,-1268756207.873767,1250751865.366095,-362077277.936393,625941464.610429,-834100759.066709,1046183470.749097
269,1270360728.600000,-1122701149.751110,-456498279.089099,163177111.737513,-1270304308.207366,1237099505.618474,-434072235.137892,704114556.684314,-743466870.690259,1111297444.473026
270,1270360728.600000,-1131899697.255289,-430319351.167258,119551505.474627,-1269733882.266690,1219919386.206540,-504521083.708752,778613051.242676,-646666223.800216,1165879434.959924
271,1270360728.600000,-1140818965.446147,-403932324.625831,75783142.365723,-1267045881.368944,1199260498.607548,-573172894.047907,849048159.301638,-544501740.808945,1209412158.010395
272,1270360728.600000,-1149456753.627723,-377349959.996698,31924286.357186,-1262244788.377399,1175181754.485474,-639783137.369869,915052297.673757,-437820834.990812,1241483045.493645
273,1270360728.600000,-1157810930.555031,-350585112.275502,-11972690.546719,-1255338610.225182,1147751817.696294,-704114556.684314,976281007.292567,-327508381.530076,1261788155.336331
274,1270360728.600000,-1165879434.959923,-323650724.705092,-55855370.821452,-1246338864.561864,1117048908.483539,-765938011.874532,1032414750.858192,-214479377.837312,1270135052.041050
275,1270360728.600000,-1173660276.059665,-296559822.516280,-99671354.014121,-1235260560.545116,1083160580.422489,-825033295.864581,1083160580.422487,-99671354.014123,1266444630.435186
276,1270360728.600000,-1181151534.048147,-269325506.628962,-143368319.315036,-1222122173.809461,1046183470.749100,-881189918.968152,1128253666.210991,15963403.581831,1250751865.366095
277,1270360728.600000,-1188351360.569551,-241960947.316623,-186894088.034170,-1206945615.653887,1006223024.785609,-934207858.625363,1167458678.703195,131465751.168914,1223205480.237647
278,1270360728.600000,-1195257979.174418,-214479377.837317,-230196685.907889,-1189756196.499681,963393195.248672,-983898271.856992,1200571016.758373,245877643.253236,1184066537.529425
279,1270360728.600000,-1201869685.757953,-186894088.034170,-273224405.161605,-1170582583.679452,917816117.297492,-1030084167.898504,1227417875.377686,358250079.230482,1133705964.656563
280,1270360728.600000,-1208184848.980489,-159218417.908544,-315925866.254195,-1149456753.627722,869621760.248590,-1072601038.618068,1247859147.530188,467650974.964058,1072601038.618068
281,1270360728.600000,-1214201910.669998,-131465751.168916,-358250079.230478,-1126413938.552822,818947556.950392,-1111297444.473026,1261788155.336330,573172894.047910,1001330862.749358
282,1270360728.600000,-1219919386.206541,-103649508.758645,-400146504.608491,-1101492567.679034,765938011.874532,-1146035553.917791,1269132206.793099,673940574.626356,920570878.446687
283,1270360728.600000,-1225335864.888583,-75783142.365721,-441565113.728846,-1074734203.156977,710744289.041440,-1176691634.341807,1269852975.135364,769118189.338946,831086463.876933
284,1270360728.600000,-1230450010.281059,-47880127.917644,-482456448.494123,-1046183470.749099,653523780.955317,-1203156492.788948,1263946698.853676,857916278.172109,733725680.338985
285,1270360728.600000,-1235260560.545116,-19953959.064596,-522771680.426946,-1015887985.405900,594439659.777722,-1225335864.888583,1251444201.324634,939598296.712242,629411235.020981
286,1270360728.600000,-1239766328.749460,7981859.345987,-562462668.976224,-983898271.856993,533660412.019683,-1243150750.612953,1232410729.951410,1013486725.485247,519131736.323783
287,1270360728.600000,-1243966203.163206,35913817.800219,-601482019.001947,-950267680.349411,471359358.079187,-1256537695.664956,1206945615.653886,1078968689.707924,403932324.625835
288,1270360728.600000,-1247859147.530188,63828408.650863,-639783137.369869,-915052297.673757,407714157.994200,-1265449017.494068,1175181754.485475,1135501042.837662,284904767.283333
289,1270360728.600000,-1251444201.324634,91712132.649493,-677320288.588537,-878310853.626480,342906304.820591,-1269852975.135364,1137284914.081887,1182614871.754458,163177111.737513
290,1270360728.600000,-1254720479.988164,119551505.474625,-714048649.422180,-840104623.064377,277120607.079676,-1269733882.266691,1093452868.561370,1219919386.206540,39902994.788372
291,1270360728.600000,-1257687175.148043,147333064.252605,-749924362.414292,-800497323.714584,210544661.751267,-1265092163.081298,1043914366.391121,1247105160.258254,-83749290.646901
292,1270360728.600000,-1260343554.816632,175043374.068142,-784904588.257950,-759555009.910519,143368319.315036,-1255944350.776917,988927936.606318,1263946698.853675,-206607867.674412
293,1270360728.600000,-1262688963.571994,202669034.461309,-818947556.950392,-717345962.431023,75783142.365718,-1242323028.666672,928780539.611853,1270304308.207366,-327508381.530071
294,1270360728.600000,-1264722822.719616,230196685.907889,-852012617.670697,-673940574.626350,7981859.345984,-1224276714.121569,863786069.607844,1266125254.508106,-445305034.397472
295,1270360728.600000,-1266444630.435186,257613016.279922,-884060287.321074,-629411235.020979,-59842185.045264,-1201869685.757954,794283716.454428,1251444201.324633,-558881444.357842
296,1270360728.600000,-1267853961.888413,284904767.283332,-915052297.673757,-583832206.588998,-127495581.201938,-1175181754.485476,720636195.524824,1226382922.085299,-667161225.559864
297,1270360728.600000,-1268950469.347851,312058740.869520,-944951641.067214,-537279502.903433,-194785406.144894,-1144307979.231046,643227854.784667,1191149290.016474,-769118189.338945
298,1270360728.600000,-1269733882.266691,339061805.617822,-973722614.597130,-489830761.366008,-261519773.668403,-1109358328.351355,562462668.976230,1146035553.917793,-863786069.607844
299,1270360728.600000,-1270204007.349517,365900903.085751,-1001330862.749355,-441565113.728843,-327508381.530076,-1070457287.939933,478762131.375412,1091415914.075956,-950267680.349412
300,1270360728.600000,-1270360728.600000,392563054.123940,-1027743418.423939,-392563054.123940,-392563054.123943,-1027743418.423941,392563054.123943,1027743418.423939,-1027743418.423939
301,1270360728.600000,-1270204007.349517,419035365.152748,-1052928742.301252,-342906304.820590,-456498279.089099,-981368861.030029,304315288.616167,955546204.690708,-1095479031.108419
302,1270360728.600000,-1269733882.266690,445305034.397473,-1076856760.503190,-292677679.934610,-519131736.323787,-931498795.877135,214479377.837316,875423119.711272,-1152832574.753203
303,1270360728.600000,-1268950469.347851,471359358.079187,-1099498900.504494,-241960947.316622,-580284817.896246,-878310853.626485,123524152.905044,788038752.233173,-1199260498.607549
304,1270360728.600000,-1267853961.888413,497185736.558162,-1120828125.251294,-190840688.849806,-639783137.369873,-821994482.784335,31924286.357184,694117920.420263,-1234322796.156365
305,1270360728.600000,-1266444630.435186,522771680.426947,-1140818965.446146,-139402159.390040,-697457027.090133,-762750274.911167,-59842185.045260,594439659.777725,-1257687175.148043
306,1270360728.600000,-1264722822.719616,548104816.550138,-1159447549.961004,-87731144.583686,-753142022.015285,-700789250.140713,-151296355.072310,489830761.366011,-1269132206.793098
307,1270360728.600000,-1262688963.571995,573172894.047908,-1176691634.341807,-35913817.800217,-806679328.711074,-636332105.553800,-241960947.316624,381158913.901744,-1268549424.288129
308,1270360728.600000,-1260343554.816631,597963790.220437,-1192530627.370664,15963403.581834,-857916278.172112,-569608429.084148,-331362805.979552,269325506.628963,-1255944350.776917
309,1270360728.600000,-1257687175.148043,622465516.410326,-1206945615.653886,67814002.295841,-906706761.178551,-500855881.756134,-419035365.152746,155258152.658067,-1231436447.006525
310,1270360728.600000,-1254720479.988164,646666223.800218,-1219919386.206540,119551505.474626,-952911644.946676,-430319351.167257,-504521083.708752,39902994.788368,-1195257979.174419
311,1270360728.600000,-1251444201.324634,670554209.142775,-1231436447.006524,171089628.863986,-996399169.885197,-358250079.230477,-587373833.093578,-75783142.365723,-1147751817.696295
312,1270360728.600000,-1247859147.530188,694117920.420267,-1241483045.493644,222342420.721634,-1037045325.325861,-284904767.283337,-667161225.559864,-190840688.849811,-1089368187.756092
313,1270360728.600000,-1243966203.163206,717345962.431025,-1250047184.991595,273224405.161610,-1074734203.156979,-210544661.751272,-743466870.690259,-304315288.616163,-1020660402.433847
314,1270360728.600000,-1239766328.749460,740227102.300056,-1257118639.033223,323650724.705092,-1109358328.351356,-135434623.622007,-815892548.434688,-415265715.523072,-942279618.849441
315,1270360728.600000,-1235260560.545116,762750274.911166,-1262688963.571995,373537281.799892,-1140818965.446147,-59842185.045260,-884060287.321073,-522771680.426948,-854968667.019195
316,1270360728.600000,-1230450010.281059,784904588.257951,-1266751507.065048,422800879.072542,-1169026400.100631,15963403.581827,-947614336.993783,-625941464.610429,-759555009.910523
317,1270360728.600000,-1225335864.888583,806679328.711073,-1269301418.415835,471359358.079189,-1193900194.929005,91712132.649490,-1006223024.785608,-723919316.230307,-656942901.413549
318,1270360728.600000,-1219919386.206541,828063966.199276,-1270335652.766820,519131736.323787,-1215369418.878676,167134195.074263,-1059580486.634374,-815892548.434691,-548104816.550143
319,1270360728.600000,-1214201910.669997,849048159.301639,-1269852975.135364,566038342.315145,-1233372849.499934,241960947.316624,-1107408263.310849,-901098280.273434,-434072235.137896
320,1270360728.600000,-1208184848.980489,869621760.248590,-1267853961.888413,612000948.437583,-1247859147.530188,315925866.254199,-1149456753.627722,-978829764.488602,-315925866.254195
321,1270360728.600000,-1201869685.757953,889774819.829281,-1264341000.054263,656942901.413551,-1258787003.294960,388765498.502320,-1185506517.045695,-1048442249.698583,-194785406.144898
322,1270360728.600000,-1195257979.174418,909497592.202935,-1259318284.472198,700789250.140715,-1266125254.508106,460220398.800617,-1215369418.878676,-1109358328.351356,-71798926.643989
323,1270360728.600000,-1188351360.569551,928780539.611853,-1252791812.783420,743466870.690262,-1269852975.135364,530036054.123115,-1238889612.121603,-1161072726.087748,51868005.327685
324,1270360728.600000,-1181151534.048147,947614336.993783,-1244769378.269243,784904588.257952,-1269959535.067833,597963790.220438,-1255944350.776917,-1203156492.788948,175043374.068141
325,1270360728.600000,-1173660276.059665,965989876.491442,-1235260560.545116,825033295.864580,-1266444630.435185,663761657.365003,-1266444630.435185,-1235260560.545117,296559822.516277
326,1270360728.600000,-1165879434.959923,983898271.856993,-1224276714.121569,863786069.607846,-1259318284.472198,727195292.144389,-1270335652.766820,-1257118639.033224,415265715.523072
327,1270360728.600000,-1157810930.555031,1001330862.749356,-1211830954.845752,901098280.273432,-1248600818.936116,788038752.233173,-1267597111.500836,-1268549424.288129,530036054.123115
328,1270360728.600000,-1149456753.627723,1018279218.922272,-1197938144.239765,936907701.119188,-1234322796.156365,846075321.170023,-1258243298.398193,-1269458102.546009,639783137.369869
329,1270360728.600000,-1140818965.446148,1034735144.301094,-1182614871.754458,971154611.652597,-1216524931.881855,901098280.273431,-1242323028.666673,-1259837136.686376,743466870.690262
330,1270360728.600000,-1131899697.255288,1050690680.946339,-1165879434.959923,1003781897.228524,-1195257979.174417,952911644.946673,-1219919386.206541,-1239766328.749459,840104623.064381
331,1270360728.600000,-1122701149.751111,1066138112.902073,-1147751817.696296,1034735144.301095,-1170582583.679451,1001330862.749355,-1191149290.016476,-1209412158.010395,928780539.611853
332,1270360728.600000,-1113225592.537570,1081069969.927284,-1128253666.210992,1063962731.170867,-1142569110.686520,1046183470.749100,-1156162884.022603,-1169026400.100630,1008654221.327668
333,1270360728.600000,-1103475363.566622,1095479031.108419,-1107408263.310850,1091415914.075956,-1111297444.473023,1087309709.812008,-1115142753.514941,-1118944038.630378,1078968689.707922
334,1270360728.600000,-1093452868.561371,1109358328.351355,-1085240500.560055,1117048908.483539,-1076856760.503189,1124563093.643829,-1068302972.280526,-1059580486.634374,1139057560.783150
335,1270360728.600000,-1083160580.422488,1122701149.751111,-1061776848.557039,1140818965.446148,-1039345271.131936,1157810930.555030,-1015887985.405903,-991428140.887912,1188351360.569550
336,1270360728.600000,-1072601038.618066,1135501042.837662,-1037045325.325861,1162686442.895427,-998869945.538825,1186934796.091249,-958171333.579473,-915052297.673757,1226382922.085299
337,1270360728.600000,-1061776848.557039,1147751817.696295,-1011075462.859774,1182614871.754458,-955546204.690709,1211830954.845752,-895454225.551139,-831086463.876930,1252791812.783420
338,1270360728.600000,-1050690680.946339,1159447549.961004,-983898271.856995,1200571016.758374,-909497592.202935,1232410729.951407,-828063966.199275,-740227102.300056,1267327750.441518
339,1270360728.600000,-1039345271.131937,1170582583.679453,-955546204.690710,1216524931.881856,-860855422.037715,1248600818.936116,-756352248.408572,-643227854.784663,1269852975.135364
340,1270360728.600000,-1027743418.423940,1181151534.048146,-926053116.657607,1230450010.281059,-809758404.044264,1260343554.816631,-680693317.672925,-540893291.055395,1260343554.816632
341,1270360728.600000,-1015887985.405902,1191149290.016476,-895454225.551138,1242323028.666673,-756352248.408572,1267597111.500836,-601482019.001947,-434072235.137892,1238889612.121603
342,1270360728.600000,-1003781897.228524,1200571016.758373,-863786069.607846,1252124186.034133,-700789250.140713,1270335652.766820,-519131736.323787,-323650724.705090,1205694470.261322
343,1270360728.600000,-991428140.887916,1209412158.010396,-831086463.876931,1259837136.686376,-643227854.784667,1268549424.288129,-434072235.137896,-210544661.751272,1161072726.087748
344,1270360728.600000,-978829764.488600,1217668438.275089,-797394455.065180,1265449017.494068,-583832206.588998,1262244788.377399,-346747419.676570,-95692215.553574,1105447268.597859
345,1270360728.600000,-965989876.491442,1225335864.888583,-762750274.911167,1268950469.347851,-522771680.426948,1251444201.324634,-257613016.279922,19953959.064597,1039345271.131939
346,1270360728.600000,-952911644.946676,1232410729.951409,-727195292.144392,1270335652.766820,-460220398.800617,1236186133.410829,-167134195.074267,135434623.622007,963393195.248675
347,1270360728.600000,-939598296.712242,1238889612.121604,-690771963.086756,1269602257.637212,-396356735.306696,1216524931.881858,-75783142.365722,249791912.476769,878310853.626485
348,1270360728.600000,-926053116.657606,1244769378.269243,-653523780.955321,1266751507.065048,-331362805.979552,1192530627.370665,15963403.581831,362077277.936398,784904588.257949
349,1270360728.600000,-912279446.853265,1250047184.991595,-615495223.926916,1261788155.336330,-265423949.962297,1164288684.457312,107626640.524355,471359358.079191,684059628.589064
350,1270360728.600000,-898280685.746143,1254720479.988164,-576731702.026610,1254720479.988164,-198728200.986656,1131899697.255288,198728200.986660,576731702.026612,576731702.026608
351,1270360728.600000,-884060287.321076,1258787003.294960,-537279502.903435,1245560268.004049,-131465751.168914,1095479031.108422,288792648.742395,677320288.588537,463937976.322610
352,1270360728.600000,-869621760.248590,1262244788.377399,-497185736.558164,1234322796.156365,-63828408.650858,1055156411.674567,377349959.996697,772290775.917336,346747419.676571
353,1270360728.600000,-854968667.019193,1265092163.081298,-456498279.089101,1221026805.528812,3990949.367525,1011075462.859774,463937976.322601,860855422.037712,226270669.914844
354,1270360728.600000,-840104623.064380,1267327750.441518,-415265715.523072,1205694470.261321,71798926.643993,963393195.248672,548104816.550135,942279618.849441,103649508.758647
355,1270360728.600000,-825033295.864580,1268950469.347851,-373537281.799892,1188351360.569551,139402159.390042,912279446.853263,629411235.020981,1015887985.405906,-19953959.064593
356,1270360728.600000,-809758404.044265,1269959535.067833,-331362805.979557,1169026400.100631,206607867.674416,857916278.172112,707432913.901507,1081069969.927284,-143368319.315043
357,1270360728.600000,-794283716.454426,1270354459.626237,-288792648.742400,1147751817.696294,273224405.161610,800497323.714586,781762677.591318,1137284914.081889,-265423949.962301
358,1270360728.600000,-778613051.242674,1270135052.041050,-245877643.253236,1124563093.643831,339061805.617823,740227102.300056,852012617.670699,1184066537.529426,-384964105.922182
359,1270360728.600000,-762750274.911166,1269301418.415835,-202669034.461310,1099498900.504494,403932324.625835,677320288.588537,917816117.297490,1221026805.528813,-500855881.756126
360,1270360728.600000,-746699301.362601,1267853961.888413,-159218417.908545,1072601038.618065,467650974.964058,612000948.437587,978829764.488599,1247859147.530188,-612000948.437583
361,1270360728.600000,-730464090.934526,1265793382.435918,-115577678.119117,1043914366.391119,530036054.123115,544501740.808949,1034735144.301094,1264341000.054264,-717345962.431025
362,1270360728.600000,-714048649.422182,1263120676.536287,-71798926.643991,1013486725.485247,590909662.455554,475063089.067751,1085240500.560051,1270335652.766820,-815892548.434688
363,1270360728.600000,-697457027.090131,1259837136.686376,-27934439.834335,981368861.030027,650098210.481210,403932324.625830,1130082258.460968,1265793382.435918,-906706761.178547
364,1270360728.600000,-680693317.672921,1255944350.776917,15963403.581831,947614336.993782,707432913.901507,331362805.979557,1169026400.100630,1250751865.366094,-988927936.606315
365,1270360728.600000,-663761657.365008,1251444201.324634,59842185.045260,912279446.853263,762750274.911167,257613016.279927,1201869685.757952,1225335864.888583,-1061776848.557038
366,1270360728.600000,-646666223.800218,1246338864.561865,103649508.758642,875423119.711272,815892548.434688,182945642.649337,1228440714.551171,1189756196.499679,-1124563093.643829
367,1270360728.600000,-629411235.020980,1240630809.384165,147333064.252603,837106822.018733,866708191.958193,107626640.524360,1248600818.936117,1144307979.231047,-1176691634.341805
368,1270360728.600000,-612000948.437582,1234322796.156366,190840688.849809,797394455.065179,915052297.673757,31924286.357184,1262244788.377398,1089368187.756088,-1217668438.275090
369,1270360728.600000,-594439659.777725,1227417875.377686,234120429.952580,756352248.408571,960787005.704004,-43891777.950067,1269301418.415835,1025392525.536753,-1247105160.258254
370,1270360728.600000,-576731702.026609,1219919386.206541,277120607.079676,714048649.422180,1003781897.228524,-119551505.474622,1269733882.266691,952911644.946679,-1264722822.719615
371,1270360728.600000,-558881444.357840,1211830954.845751,319789873.578116,670554209.142772,1043914366.391121,-194785406.144894,1263539923.009446,872526745.723296,-1270354459.626237
372,1270360728.600000,-540893291.055398,1203156492.788948,362077277.936391,625941464.610429,1081069969.927284,-269325506.628963,1250751865.366095,784904588.257949,-1263946698.853675
373,1270360728.600000,-522771680.426948,1193900194.929005,403932324.625830,580284817.896244,1115142753.514944,-342906304.820586,1231436447.006525,690771963.086748,-1245560268.004050
374,1270360728.600000,-504521083.708752,1184066537.529425,445305034.397472,533660412.019681,1146035553.917794,-415265715.523067,1205694470.261323,590909662.455553,-1215369418.878677
375,1270360728.600000,-486146003.962464,1173660276.059665,486146003.962463,486146003.962463,1173660276.059667,-486146003.962463,1173660276.059665,486146003.962459,-1173660276.059664
376,1270360728.600000,-467650974.964056,1162686442.895427,526406464.984675,437820834.990811,1197938144.239765,-555294703.805227,1135501042.837662,377349959.996697,-1120828125.251293
377,1270360728.600000,-449040560.085189,1151150344.885046,566038342.315143,388765498.502322,1218799926.772430,-622465516.410328,1091415914.075956,265423949.962301,-1057373667.080081
378,1270360728.600000,-430319351.167258,1139057560.783152,604994311.398758,339061805.617821,1236186133.410830,-687419188.112839,1041634959.019789,151296355.072310,-983898271.856997
379,1270360728.600000,-411491967.388432,1126413938.552822,643227854.784665,288792648.742395,1250047184.991596,-749924362.414290,986417972.005233,35913817.800224,-901098280.273431
380,1270360728.600000,-392563054.123940,1113225592.537569,680693317.672920,238041863.323146,1260343554.816632,-809758404.044264,926053116.657608,-79766610.138431,-809758404.044264
381,1270360728.600000,-373537281.799891,1099498900.504494,717345962.431023,186894088.034168,1267045881.368944,-866708191.958194,860855422.037715,-194785406.144898,-710744289.041443
382,1270360728.600000,-354419344.740915,1085240500.560053,753142022.015280,135434623.622004,1270135052.041051,-920570878.446684,791165138.584056,-308188535.591061,-604994311.398760
383,1270360728.600000,-335213960.011916,1070457287.939931,788038752.233173,83749290.646903,1269602257.637212,-971154611.652594,717345962.431025,-419035365.152751,-493510684.337696
384,1270360728.600000,-315925866.254197,1055156411.674564,821994482.784332,31924286.357184,1265449017.494068,-1018279218.922271,639783137.369869,-526406464.984675,-377349959.996701
385,1270360728.600000,-296559822.516280,1039345271.131938,854968667.019192,-19953959.064599,1257687175.148043,-1061776848.557040,558881444.357842,-629411235.020981,-257613016.279927
386,1270360728.600000,-277120607.079677,1023031512.439306,886921930.355870,-71798926.643989,1246338864.561865,-1101492567.679034,475063089.067751,-727195292.144389,-135434623.622011
387,1270360728.600000,-257613016.279922,1006223024.785609,917816117.297490,-123524152.905042,1231436447.006525,-1137284914.081885,388765498.502324,-818947556.950394,-11972690.546717
388,1270360728.600000,-238041863.323147,988927936.606316,947614336.993782,-175043374.068146,1213022418.778652,-1169026400.100631,300439038.172232,-903906981.324479,111602710.058586
389,1270360728.600000,-218411977.098494,971154611.652597,976281007.292565,-226270669.914844,1191149290.016476,-1196603966.706122,210544661.751267,-981368861.030034,234120429.952573
390,1270360728.600000,-198728200.986659,952911644.946676,1003781897.228523,-277120607.079681,1165879434.959922,-1219919386.206541,119551505.474627,-1050690680.946341,354419344.740907
391,1270360728.600000,-178995391.664865,934207858.625367,1030084167.898503,-327508381.530076,1137284914.081887,-1238889612.121603,27934439.834339,-1111297444.473030,471359358.079187
392,1270360728.600000,-159218417.908544,915052297.673757,1055156411.674564,-377349959.996702,1105447268.597861,-1253447074.983286,-63828408.650863,-1162686442.895429,583832206.588998
393,1270360728.600000,-139402159.390040,895454225.551138,1078968689.707922,-426562220.118353,1070457287.939931,-1263539923.009445,-155258152.658067,-1204431425.151093,690771963.086752
394,1270360728.600000,-119551505.474625,875423119.711273,1101492567.679034,-475063089.067751,1032414750.858192,-1269132206.793099,-245877643.253231,-1236186133.410830,791165138.584060
395,1270360728.600000,-99671354.014122,854968667.019193,1122701149.751110,-522771680.426948,991428140.887915,-1270204007.349517,-335213960.011915,-1257687175.148043,884060287.321079
396,1270360728.600000,-79766610.138431,834100759.066709,1142569110.686520,-569608429.084148,947614336.993781,-1266751507.065048,-422800879.072538,-1268756207.873767,968577023.804113
397,1270360728.600000,-59842185.045261,812829487.388922,1161072726.087747,-615495223.926918,901098280.273431,-1258787003.294960,-508181306.241958,-1269301418.415835,1043914366.391116
398,1270360728.600000,-39902994.788370,791165138.584055,1178189900.726758,-660355538.110562,852012617.670696,-1246338864.561865,-590909662.455553,-1259318284.472197,1109358328.351355
399,1270360728.600000,-19953959.064596,769118189.338944,1193900194.929004,-704114556.684318,800497323.714583,-1229451429.510745,-670554209.142774,-1238889612.121603,1164288684.457312
400,1270360728.600000,0.000000,746699301.362601,1208184848.980488,-746699301.362601,746699301.362598,-1208184848.980490,-746699301.362601,-1208184848.980489,1208184848.980489
401,1270360728.600000,19953959.064596,723919316.230303,1221026805.528811,-788038752.233176,690771963.086752,-1182614871.754458,-818947556.950390,-1167458678.703193,1240630809.384165
402,1270360728.600000,39902994.788370,700789250.140713,1232410729.951409,-828063966.199278,632874793.396739,-1152832574.753205,-886921930.355870,-1117048908.483539,1261319068.955574
403,1270360728.600000,59842185.045261,677320288.588537,1242323028.666672,-866708191.958194,573172894.047907,-1118944038.630378,-950267680.349412,-1057373667.080076,1270053561.012395
404,1270360728.600000,79766610.138431,653523780.955319,1250751865.366095,-903906981.324483,511836513.230832,-1081069969.927287,-1008654221.327668,-988927936.606318,1266751507.065048
405,1270360728.600000,99671354.014122,629411235.020979,1257687175.148043,-939598296.712245,449040560.085185,-1039345271.131939,-1061776848.557038,-912279446.853263,1251444201.324635
406,1270360728.600000,119551505.474625,604994311.398758,1263120676.536287,-973722614.597132,384964105.922187,-993918560.174020,-1109358328.351356,-828063966.199279,1224276714.121568
407,1270360728.600000,139402159.390040,580284817.896244,1267045881.368944,-1006223024.785610,319789873.578114,-944951641.067213,-1151150344.885046,-736980028.167192,1185506517.045694
408,1270360728.600000,159218417.908544,555294703.805227,1269458102.546009,-1037045325.325861,253703716.354976,-892618927.584435,-1186934796.091247,-639783137.369865,1135501042.837665
409,1270360728.600000,178995391.664865,530036054.123115,1270354459.626237,-1066138112.902074,186894088.034170,-837106822.018736,-1216524931.881856,-537279502.903433,1074734203.156981
410,1270360728.600000,198728200.986659,504521083.708752,1269733882.266690,-1093452868.561370,119551505.474627,-778613051.242676,-1239766328.749459,-430319351.167253,1003781897.228524
411,1270360728.600000,218411977.098493,478762131.375414,1267597111.500836,-1118944038.630381,51868005.327685,-717345962.431025,-1256537695.664956,-319789873.578118,923316553.932963
412,1270360728.600000,238041863.323148,452771653.923861,1263946698.853676,-1142569110.686523,-15963403.581831,-653523780.955321,-1266751507.065048,-206607867.674407,834100759.066709
413,1270360728.600000,257613016.279922,426562220.118350,1258787003.294960,-1164288684.457312,-83749290.646905,-587373833.093582,-1270354459.626237,-91712132.649494,736980028.167195
414,1270360728.600000,277120607.079677,400146504.608491,1252124186.034133,-1184066537.529428,-151296355.072310,-519131736.323787,-1267327750.441518,23944317.609842,632874793.396739
415,1270360728.600000,296559822.516280,373537281.799892,1243966203.163207,-1201869685.757954,-218411977.098496,-449040560.085189,-1257687175.148043,139402159.390037,522771680.426952
416,1270360728.600000,315925866.254196,346747419.676571,1234322796.156366,-1217668438.275090,-284904767.283333,-377349959.996697,-1241483045.493645,253703716.354976,407714157.994206
417,1270360728.600000,335213960.011916,319789873.578119,1223205480.237647,-1231436447.006526,-350585112.275506,-304315288.616163,-1218799926.772429,365900903.085757,288792648.742395
418,1270360728.600000,354419344.740915,292677679.934610,1210627530.630563,-1243150750.612954,-415265715.523072,-230196685.907893,-1189756196.499682,475063089.067751,167134195.074263
419,1270360728.600000,373537281.799891,265423949.962299,1196603966.706123,-1252791812.783419,-478762131.375416,-155258152.658071,-1154503426.629268,580284817.896250,43891777.950071
420,1270360728.600000,392563054.123940,238041863.323148,1181151534.048147,-1260343554.816632,-540893291.055399,-79766610.138431,-1113225592.537570,680693317.672922,-79766610.138431
421,1270360728.600000,411491967.388432,210544661.751270,1164288684.457312,-1265793382.435919,-601482019.001951,-3990949.367525,-1066138112.902074,775455740.297554,-202669034.461309
422,1270360728.600000,430319351.167257,182945642.649337,1146035553.917793,-1269132206.793099,-660355538.110562,71798926.643984,-1013486725.485250,863786069.607844,-323650724.705091
423,1270360728.600000,449040560.085189,155258152.658069,1126413938.552823,-1270354459.626237,-717345962.431029,147333064.252603,-955546204.690712,944951641.067210,-441565113.728844
424,1270360728.600000,467650974.964057,127495581.201934,1105447268.597863,-1269458102.546008,-772290775.917336,222342420.721632,-892618927.584435,1018279218.922277,-555294703.805223
425,1270360728.600000,486146003.962464,99671354.014121,1083160580.422490,-1266444630.435185,-825033295.864584,296559822.516277,-825033295.864584,1083160580.422489,-663761657.365010
426,1270360728.600000,504521083.708752,71798926.643989,1059580486.634375,-1261319068.955574,-875423119.711275,369720916.940910,-753142022.015282,1139057560.783154,-765938011.874536
427,1270360728.600000,522771680.426947,43891777.950071,1034735144.301095,-1254089966.166560,-923316553.932965,441565113.728843,-677320288.588540,1185506517.045695,-860855422.037708
428,1270360728.600000,540893291.055398,15963403.581831,1008654221.327670,-1244769378.269243,-968577023.804119,511836513.230836,-597963790.220438,1222122173.809463,-947614336.993778
429,1270360728.600000,558881444.357840,-11972690.546722,981368861.030030,-1233372849.499933,-1011075462.859774,580284817.896246,-515486668.599966,1248600818.936117,-1025392525.536753
430,1270360728.600000,576731702.026609,-39902994.788370,952911644.946678,-1219919386.206540,-1050690680.946341,646666223.800216,-430319351.167261,1264722822.719616,-1093452868.561370
431,1270360728.600000,594439659.777725,-67814002.295839,923316553.932963,-1204431425.151093,-1087309709.812006,710744289.041439,-342906304.820590,1270354459.626237,-1151150344.885046
432,1270360728.600000,612000948.437582,-95692215.553576,892618927.584435,-1186934796.091249,-1120828125.251295,772290775.917332,-253703716.354976,1265449017.494068,-1197938144.239763
433,1270360728.600000,629411235.020979,-123524152.905039,860855422.037715,-1167458678.703193,-1151150344.885046,831086463.876930,-163177111.737513,1250047184.991594,-1233372849.499933
434,1270360728.600000,646666223.800218,-151296355.072310,828063966.199278,-1146035553.917791,-1178189900.726759,886921930.355870,-71798926.643989,1224276714.121568,-1257118639.033223
435,1270360728.600000,663761657.365008,-178995391.664865,794283716.454428,-1122701149.751110,-1201869685.757953,939598296.712239,19953959.064592,1188351360.569548,-1268950469.347851
436,1270360728.600000,680693317.672922,-206607867.674412,759555009.910522,-1097494381.719689,-1222122173.809462,988927936.606315,111602710.058581,1142569110.686520,-1268756207.873767
437,1270360728.600000,697457027.090131,-234120429.952580,723919316.230305,-1070457287.939931,-1238889612.121603,1034735144.301094,202669034.461308,1087309709.812009,-1256537695.664956
438,1270360728.600000,714048649.422181,-261519773.668403,687419188.112844,-1041634959.019789,-1252124186.034133,1076856760.503191,292677679.934610,1023031512.439305,-1232410729.951409
439,1270360728.600000,730464090.934526,-288792648.742398,650098210.481212,-1011075462.859772,-1261788155.336330,1115142753.514941,381158913.901740,950267680.349415,-1196603966.706122
440,1270360728.600000,746699301.362601,-315925866.254197,612000948.437583,-978829764.488599,-1267853961.888413,1149456753.627721,467650974.964054,869621760.248590,-1149456753.627727
441,1270360728.600000,762750274.911166,-342906304.820591,573172894.047910,-944951641.067213,-1270304308.207366,1179676538.853044,551702482.718067,781762677.591325,-1091415914.075956
442,1270360728.600000,778613051.242674,-369720916.940914,533660412.019686,-909497592.202932,-1269132206.793098,1205694470.261322,632874793.396739,687419188.112835,-1023031512.439308
443,1270360728.600000,794283716.454426,-396356735.306697,493510684.337697,-872526745.723292,-1264341000.054263,1227417875.377686,710744289.041443,587373833.093574,-944951641.067216
444,1270360728.600000,809758404.044265,-422800879.072539,452771653.923863,-834100759.066706,-1255944350.776917,1244769378.269242,784904588.257952,482456448.494117,-857916278.172105
445,1270360728.600000,825033295.864580,-449040560.085187,411491967.388433,-794283716.454421,-1243966203.163205,1257687175.148043,854968667.019195,373537281.799887,-762750274.911163
446,1270360728.600000,840104623.064380,-475063089.067751,369720916.940917,-753142022.015282,-1228440714.551170,1266125254.508105,920570878.446683,261519773.668405,-660355538.110566
447,1270360728.600000,854968667.019193,-500855881.756134,327508381.530078,-710744289.041443,-1209412158.010395,1270053561.012395,981368861.030026,147333064.252603,-551702482.718075
448,1270360728.600000,869621760.248590,-526406464.984677,284904767.283334,-667161225.559864,-1186934796.091247,1269458102.546009,1037045325.325858,31924286.357188,-437820834.990812
449,1270360728.600000,884060287.321075,-551702482.718070,241960947.316627,-622465516.410324,-1161072726.087746,1264341000.054264,1087309709.812006,-83749290.646905,-319789873.578118
450,1270360728.600000,898280685.746143,-576731702.026610,198728200.986660,-576731702.026608,-1131899697.255286,1254720479.988164,1131899697.255288,-198728200.986656,-198728200.986660
451,1270360728.600000,912279446.853265,-601482019.001949,155258152.658071,-530036054.123115,-1099498900.504493,1240630809.384165,1170582583.679453,-312058740.869528,-75783142.365722
452,1270360728.600000,926053116.657606,-625941464.610429,111602710.058587,-482456448.494121,-1063962731.170862,1222122173.809462,1203156492.788946,-422800879.072546,47880127.917642
453,1270360728.600000,939598296.712242,-650098210.481210,67814002.295841,-434072235.137892,-1025392525.536750,1199260498.607550,1229451429.510745,-530036054.123115,171089628.863982
454,1270360728.600000,952911644.946676,-673940574.626352,23944317.609843,-384964105.922186,-983898271.856995,1172127214.080758,1249330167.156042,-632874793.396747,292677679.934605
455,1270360728.600000,965989876.491442,-697457027.090132,-19953959.064594,-335213960.011910,-939598296.712242,1140818965.446147,1262688963.571994,-730464090.934525,411491967.388427
456,1270360728.600000,978829764.488600,-720636195.524823,-63828408.650861,-284904767.283332,-892618927.584435,1105447268.597863,1269458102.546009,-821994482.784335,526406464.984679
457,1270360728.600000,991428140.887916,-743466870.690261,-107626640.524358,-234120429.952582,-843094132.616559,1066138112.902076,1269602257.637212,-906706761.178547,636332105.553800
458,1270360728.600000,1003781897.228524,-765938011.874534,-151296355.072307,-182945642.649333,-791165138.584056,1023031512.439308,1263120676.536288,-983898271.856995,740227102.300056
459,1270360728.600000,1015887985.405903,-788038752.233173,-194785406.144891,-131465751.168914,-736980028.167192,976281007.292567,1250047184.991595,-1052928742.301256,837106822.018726
460,1270360728.600000,1027743418.423940,-809758404.044264,-238041863.323146,-79766610.138431,-680693317.672922,926053116.657608,1230450010.281061,-1113225592.537570,926053116.657605
461,1270360728.600000,1039345271.131937,-831086463.876929,-281014073.929233,-27934439.834330,-622465516.410324,872526745.723296,1204431425.151093,-1164288684.457314,1006223024.785608
462,1270360728.600000,1050690680.946339,-852012617.670699,-323650724.705091,23944317.609842,-562462668.976226,815892548.434691,1172127214.080756,-1205694470.261322,1076856760.503189
463,1270360728.600000,1061776848.557039,-872526745.723294,-365900903.085748,75783142.365722,-500855881.756130,756352248.408573,1133705964.656565,-1237099505.618475,1137284914.081885
464,1270360728.600000,1072601038.618066,-892618927.584433,-407714157.994198,127495581.201940,-437820834.990812,694117920.420267,1089368187.756092,-1258243298.398192,1186934796.091251
465,1270360728.600000,1083160580.422488,-912279446.853265,-449040560.085185,178995391.664865,-373537281.799887,629411235.020981,1039345271.131939,-1268950469.347852,1225335864.888582
466,1270360728.600000,1093452868.561371,-931498795.877135,-489830761.366007,230196685.907889,-308188535.591052,562462668.976230,983898271.856995,-1269132206.793099,1252124186.034132
467,1270360728.600000,1103475363.566622,-950267680.349412,-530036054.123115,281014073.929237,-241960947.316619,493510684.337697,923316553.932963,-1258787003.294961,1267045881.368944
468,1270360728.600000,1113225592.537570,-968577023.804116,-569608429.084144,331362805.979557,-175043374.068141,422800879.072542,857916278.172108,-1238000668.153434,1269959535.067833
469,1270360728.600000,1122701149.751111,-986417972.005230,-608500632.745961,381158913.901744,-107626640.524355,350585112.275506,788038752.233180,-1206945615.653886,1260837533.864822
470,1270360728.600000,1131899697.255288,-1003781897.228523,-646666223.800216,430319351.167261,-39902994.788368,277120607.079678,714048649.422188,-1165879434.959920,1239766328.749460
471,1270360728.600000,1140818965.446147,-1020660402.433847,-684059628.589064,478762131.375416,27934439.834339,202669034.461313,636332105.553796,-1115142753.514941,1206945615.653888
472,1270360728.600000,1149456753.627723,-1037045325.325861,-720636195.524821,526406464.984679,95692215.553578,127495581.201936,555294703.805223,-1055156411.674562,1162686442.895429
473,1270360728.600000,1157810930.555031,-1052928742.301253,-756352248.408569,573172894.047914,163177111.737517,51868005.327690,471359358.079191,-986417972.005230,1107408263.310851
474,1270360728.600000,1165879434.959923,-1068302972.280525,-791165138.584053,618983424.726879,230196685.907893,-23944317.609838,384964105.922191,-909497592.202932,1041634959.019792
475,1270360728.600000,1173660276.059665,-1083160580.422489,-825033295.864577,663761657.365006,296559822.516286,-99671354.014118,296559822.516282,-825033295.864580,965989876.491440
476,1270360728.600000,1181151534.048146,-1097494381.719693,-857916278.172108,707432913.901507,362077277.936398,-175043374.068141,206607867.674412,-733725680.338988,881189918.968152
477,1270360728.600000,1188351360.569551,-1111297444.473027,-889774819.829281,749924362.414293,426562220.118353,-249791912.476769,115577678.119115,-636332105.553792,788038752.233173
478,1270360728.600000,1195257979.174418,-1124563093.643831,-920570878.446687,791165138.584056,489830761.366010,-323650724.705091,23944317.609838,-533660412.019681,687419188.112850
479,1270360728.600000,1201869685.757953,-1137284914.081887,-950267680.349409,831086463.876930,551702482.718067,-396356735.306692,-67814002.295831,-426562220.118344,580284817.896246
480,1270360728.600000,1208184848.980489,-1149456753.627724,-978829764.488599,869621760.248593,612000948.437583,-467650974.964054,-159218417.908538,-315925866.254195,467650974.964059
481,1270360728.600000,1214201910.669997,-1161072726.087747,-1006223024.785610,906706761.178550,670554209.142774,-537279502.903433,-249791912.476774,-202669034.461304,350585112.275506
482,1270360728.600000,1219919386.206541,-1172127214.080757,-1032414750.858192,942279618.849441,727195292.144392,-604994311.398756,-339061805.617819,-87731144.583686,230196685.907893
483,1270360728.600000,1225335864.888583,-1182614871.754457,-1057373667.080076,976281007.292569,781762677.591321,-670554209.142774,-426562220.118348,27934439.834330,107626640.524355
484,1270360728.600000,1230450010.281059,-1192530627.370665,-1081069969.927282,1008654221.327671,834100759.066709,-733725680.338981,-511836513.230836,143368319.315038,-15963403.581827
485,1270360728.600000,1235260560.545116,-1201869685.757953,-1103475363.566622,1039345271.131936,884060287.321076,-794283716.454425,-594439659.777717,257613016.279918,-139402159.390033
486,1270360728.600000,1239766328.749460,-1210627530.630562,-1124563093.643831,1068302972.280526,931498795.877139,-852012617.670696,-673940574.626352,369720916.940922,-261519773.668396
487,1270360728.600000,1243966203.163206,-1218799926.772429,-1144307979.231045,1095479031.108419,976281007.292567,-906706761.178547,-749924362.414294,478762131.375416,-381158913.901744
488,1270360728.600000,1247859147.530188,-1226382922.085300,-1162686442.895427,1120828125.251295,1018279218.922274,-958171333.579470,-821994482.784328,583832206.589006,-497185736.558162
489,1270360728.600000,1251444201.324634,-1233372849.499933,-1179676538.853044,1144307979.231048,1057373667.080078,-1006223024.785608,-889774819.829278,684059628.589068,-608500632.745961
490,1270360728.600000,1254720479.988164,-1239766328.749460,-1195257979.174417,1165879434.959924,1093452868.561373,-1050690680.946339,-952911644.946673,778613051.242672,-714048649.422173
491,1270360728.600000,1257687175.148043,-1245560268.004050,-1209412158.010395,1185506517.045695,1126413938.552823,-1091415914.075954,-1011075462.859772,866708191.958193,-812829487.388919
492,1270360728.600000,1260343554.816631,-1250751865.366095,-1222122173.809461,1203156492.788950,1156162884.022603,-1128253666.210991,-1063962731.170864,947614336.993780,-903906981.324479
493,1270360728.600000,1262688963.571995,-1255338610.225182,-1233372849.499934,1218799926.772430,1182614871.754458,-1161072726.087745,-1111297444.473026,1020660402.433847,-986417972.005227
494,1270360728.600000,1264722822.719616,-1259318284.472198,-1243150750.612953,1232410729.951409,1205694470.261323,-1189756196.499681,-1152832574.753201,1085240500.560056,-1059580486.634376
495,1270360728.600000,1266444630.435186,-1262688963.571995,-1251444201.324633,1243966203.163207,1225335864.888584,-1214201910.669997,-1188351360.569552,1140818965.446151,-1122701149.751112
496,1270360728.600000,1267853961.888413,-1265449017.494068,-1258243298.398192,1253447074.983286,1241483045.493646,-1234322796.156365,-1217668438.275090,1186934796.091251,-1175181754.485475
497,1270360728.600000,1268950469.347851,-1267597111.500836,-1263539923.009445,1260837533.864822,1254089966.166560,-1250047184.991594,-1240630809.384164,1223205480.237646,-1216524931.881854
498,1270360728.600000,1269733882.266690,-1269132206.793099,-1267327750.441518,1266125254.508106,1263120676.536288,-1261319068.955573,-1257118639.033223,1249330167.156044,-1246338864.561865
499,1270360728.600000,1270204007.349517,-1270053561.012395,-1269602257.637211,1269301418.415835,1268549424.288129,-1268098299.069240,-1267045881.368944,1265092163.081297,-1264341000.054263
500,1270360728.600000,1270360728.600000,-1270360728.600000,-1270360728.600000,1270360728.600000,1270360728.600000,-1270360728.600000,-1270360728.600000,1270360728.600000,-1270360728.600000
501,1270360728.600000,1270204007.349517,-1270053561.012395,-1269602257.637212,1269301418.415835,1268549424.288129,-1268098299.069240,-1267045881.368944,1265092163.081298,-1264341000.054264
502,1270360728.600000,1269733882.266691,-1269132206.793099,-1267327750.441518,1266125254.508105,1263120676.536288,-1261319068.955574,-1257118639.033223,1249330167.156043,-1246338864.561864
503,1270360728.600000,1268950469.347851,-1267597111.500836,-1263539923.009446,1260837533.864821,1254089966.166560,-1250047184.991595,-1240630809.384167,1223205480.237645,-1216524931.881858
504,1270360728.600000,1267853961.888413,-1265449017.494068,-1258243298.398193,1253447074.983286,1241483045.493645,-1234322796.156367,-1217668438.275091,1186934796.091246,-1175181754.485477
505,1270360728.600000,1266444630.435186,-1262688963.571994,-1251444201.324634,1243966203.163206,1225335864.888583,-1214201910.669998,-1188351360.569550,1140818965.446145,-1122701149.751114
506,1270360728.600000,1264722822.719616,-1259318284.472198,-1243150750.612954,1232410729.951409,1205694470.261322,-1189756196.499682,-1152832574.753203,1085240500.560053,-1059580486.634374
507,1270360728.600000,1262688963.571995,-1255338610.225182,-1233372849.499934,1218799926.772429,1182614871.754457,-1161072726.087748,-1111297444.473028,1020660402.433844,-986417972.005230
508,1270360728.600000,1260343554.816632,-1250751865.366095,-1222122173.809462,1203156492.788947,1156162884.022601,-1128253666.210993,-1063962731.170867,947614336.993783,-903906981.324482
509,1270360728.600000,1257687175.148043,-1245560268.004050,-1209412158.010396,1185506517.045694,1126413938.552821,-1091415914.075956,-1011075462.859774,866708191.958190,-812829487.388929
510,1270360728.600000,1254720479.988164,-1239766328.749460,-1195257979.174419,1165879434.959922,1093452868.561370,-1050690680.946341,-952911644.946676,778613051.242676,-714048649.422184
511,1270360728.600000,1251444201.324634,-1233372849.499933,-1179676538.853046,1144307979.231045,1057373667.080076,-1006223024.785611,-889774819.829280,684059628.589064,-608500632.745965
512,1270360728.600000,1247859147.530188,-1226382922.085300,-1162686442.895428,1120828125.251293,1018279218.922271,-958171333.579473,-821994482.784332,583832206.588994,-497185736.558166
513,1270360728.600000,1243966203.163206,-1218799926.772429,-1144307979.231046,1095479031.108419,976281007.292563,-906706761.178550,-749924362.414297,478762131.375412,-381158913.901748
514,1270360728.600000,1239766328.749460,-1210627530.630563,-1124563093.643833,1068302972.280524,931498795.877135,-852012617.670699,-673940574.626356,369720916.940910,-261519773.668400
515,1270360728.600000,1235260560.545117,-1201869685.757953,-1103475363.566624,1039345271.131936,884060287.321073,-794283716.454428,-594439659.777721,257613016.279922,-139402159.390037
516,1270360728.600000,1230450010.281059,-1192530627.370664,-1081069969.927284,1008654221.327668,834100759.066705,-733725680.338984,-511836513.230841,143368319.315034,-15963403.581841
517,1270360728.600000,1225335864.888584,-1182614871.754457,-1057373667.080078,976281007.292563,781762677.591318,-670554209.142777,-426562220.118353,27934439.834335,107626640.524360
518,1270360728.600000,1219919386.206541,-1172127214.080758,-1032414750.858194,942279618.849438,727195292.144389,-604994311.398760,-339061805.617823,-87731144.583691,230196685.907889
519,1270360728.600000,1214201910.669998,-1161072726.087747,-1006223024.785613,906706761.178547,670554209.142770,-537279502.903437,-249791912.476778,-202669034.461309,350585112.275501
520,1270360728.600000,1208184848.980489,-1149456753.627722,-978829764.488602,869621760.248586,612000948.437579,-467650974.964058,-159218417.908543,-315925866.254190,467650974.964054
521,1270360728.600000,1201869685.757953,-1137284914.081886,-950267680.349411,831086463.876926,551702482.718063,-396356735.306701,-67814002.295836,-426562220.118357,580284817.896250
522,1270360728.600000,1195257979.174418,-1124563093.643831,-920570878.446690,791165138.584053,489830761.366007,-323650724.705094,23944317.609833,-533660412.019686,687419188.112838
523,1270360728.600000,1188351360.569551,-1111297444.473026,-889774819.829284,749924362.414290,426562220.118344,-249791912.476769,115577678.119111,-636332105.553803,788038752.233169
524,1270360728.600000,1181151534.048147,-1097494381.719692,-857916278.172112,707432913.901507,362077277.936393,-175043374.068145,206607867.674407,-733725680.338985,881189918.968149
525,1270360728.600000,1173660276.059665,-1083160580.422489,-825033295.864580,663761657.365006,296559822.516282,-99671354.014123,296559822.516277,-825033295.864584,965989876.491443
526,1270360728.600000,1165879434.959923,-1068302972.280525,-791165138.584056,618983424.726875,230196685.907889,-23944317.609842,384964105.922186,-909497592.202935,1041634959.019789
527,1270360728.600000,1157810930.555032,-1052928742.301253,-756352248.408576,573172894.047907,163177111.737513,51868005.327685,471359358.079187,-986417972.005233,1107408263.310849
528,1270360728.600000,1149456753.627724,-1037045325.325859,-720636195.524824,526406464.984675,95692215.553574,127495581.201931,555294703.805219,-1055156411.674564,1162686442.895423
529,1270360728.600000,1140818965.446147,-1020660402.433847,-684059628.589064,478762131.375412,27934439.834335,202669034.461308,636332105.553792,-1115142753.514944,1206945615.653886
530,1270360728.600000,1131899697.255288,-1003781897.228524,-646666223.800220,430319351.167253,-39902994.788372,277120607.079674,714048649.422184,-1165879434.959926,1239766328.749459
531,1270360728.600000,1122701149.751110,-986417972.005230,-608500632.745965,381158913.901740,-107626640.524360,350585112.275501,788038752.233169,-1206945615.653888,1260837533.864821
532,1270360728.600000,1113225592.537569,-968577023.804116,-569608429.084148,331362805.979557,-175043374.068146,422800879.072537,857916278.172105,-1238000668.153437,1269959535.067833
533,1270360728.600000,1103475363.566622,-950267680.349413,-530036054.123115,281014073.929233,-241960947.316624,493510684.337692,923316553.932959,-1258787003.294960,1267045881.368944
534,1270360728.600000,1093452868.561370,-931498795.877137,-489830761.366010,230196685.907889,-308188535.591056,562462668.976222,983898271.856992,-1269132206.793099,1252124186.034132
535,1270360728.600000,1083160580.422489,-912279446.853265,-449040560.085193,178995391.664865,-373537281.799892,629411235.020977,1039345271.131936,-1268950469.347851,1225335864.888586
536,1270360728.600000,1072601038.618066,-892618927.584435,-407714157.994202,127495581.201932,-437820834.990817,694117920.420267,1089368187.756089,-1258243298.398193,1186934796.091252
537,1270360728.600000,1061776848.557040,-872526745.723296,-365900903.085752,75783142.365718,-500855881.756134,756352248.408565,1133705964.656563,-1237099505.618474,1137284914.081887
538,1270360728.600000,1050690680.946339,-852012617.670699,-323650724.705094,23944317.609838,-562462668.976230,815892548.434684,1172127214.080755,-1205694470.261321,1076856760.503191
539,1270360728.600000,1039345271.131938,-831086463.876930,-281014073.929237,-27934439.834339,-622465516.410328,872526745.723292,1204431425.151095,-1164288684.457308,1006223024.785610
540,1270360728.600000,1027743418.423940,-809758404.044266,-238041863.323150,-79766610.138435,-680693317.672925,926053116.657605,1230450010.281060,-1113225592.537568,926053116.657602
541,1270360728.600000,1015887985.405902,-788038752.233174,-194785406.144893,-131465751.168918,-736980028.167195,976281007.292561,1250047184.991594,-1052928742.301249,837106822.018736
542,1270360728.600000,1003781897.228524,-765938011.874534,-151296355.072314,-182945642.649337,-791165138.584060,1023031512.439303,1263120676.536287,-983898271.856992,740227102.300060
543,1270360728.600000,991428140.887915,-743466870.690259,-107626640.524364,-234120429.952582,-843094132.616562,1066138112.902071,1269602257.637212,-906706761.178550,636332105.553803
544,1270360728.600000,978829764.488600,-720636195.524823,-63828408.650863,-284904767.283333,-892618927.584438,1105447268.597861,1269458102.546009,-821994482.784332,526406464.984675
545,1270360728.600000,965989876.491441,-697457027.090131,-19953959.064597,-335213960.011919,-939598296.712245,1140818965.446147,1262688963.571995,-730464090.934529,411491967.388431
546,1270360728.600000,952911644.946676,-673940574.626350,23944317.609838,-384964105.922191,-983898271.856997,1172127214.080755,1249330167.156043,-632874793.396743,292677679.934610
547,1270360728.600000,939598296.712242,-650098210.481210,67814002.295832,-434072235.137896,-1025392525.536753,1199260498.607547,1229451429.510746,-530036054.123111,171089628.863996
548,1270360728.600000,926053116.657607,-625941464.610429,111602710.058581,-482456448.494130,-1063962731.170864,1222122173.809461,1203156492.788950,-422800879.072533,47880127.917647
549,1270360728.600000,912279446.853265,-601482019.001947,155258152.658071,-530036054.123119,-1099498900.504495,1240630809.384165,1170582583.679451,-312058740.869516,-75783142.365718
550,1270360728.600000,898280685.746144,-576731702.026608,198728200.986656,-576731702.026612,-1131899697.255288,1254720479.988164,1131899697.255290,-198728200.986660,-198728200.986656
551,1270360728.600000,884060287.321076,-551702482.718069,241960947.316619,-622465516.410328,-1161072726.087748,1264341000.054263,1087309709.812009,-83749290.646900,-319789873.578114
552,1270360728.600000,869621760.248590,-526406464.984677,284904767.283328,-667161225.559868,-1186934796.091249,1269458102.546008,1037045325.325861,31924286.357184,-437820834.990817
553,1270360728.600000,854968667.019193,-500855881.756132,327508381.530076,-710744289.041443,-1209412158.010396,1270053561.012395,981368861.030034,147333064.252608,-551702482.718072
554,1270360728.600000,840104623.064379,-475063089.067749,369720916.940914,-753142022.015282,-1228440714.551171,1266125254.508106,920570878.446687,261519773.668400,-660355538.110554
555,1270360728.600000,825033295.864581,-449040560.085189,411491967.388427,-794283716.454428,-1243966203.163207,1257687175.148043,854968667.019192,373537281.799900,-762750274.911160
556,1270360728.600000,809758404.044264,-422800879.072542,452771653.923858,-834100759.066709,-1255944350.776917,1244769378.269244,784904588.257956,482456448.494129,-857916278.172108
557,1270360728.600000,794283716.454426,-396356735.306696,493510684.337692,-872526745.723296,-1264341000.054264,1227417875.377687,710744289.041446,587373833.093586,-944951641.067214
558,1270360728.600000,778613051.242674,-369720916.940914,533660412.019681,-909497592.202938,-1269132206.793099,1205694470.261322,632874793.396747,687419188.112846,-1023031512.439305
559,1270360728.600000,762750274.911167,-342906304.820592,573172894.047906,-944951641.067216,-1270304308.207366,1179676538.853048,551702482.718072,781762677.591321,-1091415914.075954
560,1270360728.600000,746699301.362601,-315925866.254197,612000948.437579,-978829764.488602,-1267853961.888413,1149456753.627722,467650974.964059,869621760.248593,-1149456753.627722
561,1270360728.600000,730464090.934527,-288792648.742397,650098210.481210,-1011075462.859774,-1261788155.336330,1115142753.514944,381158913.901744,950267680.349411,-1196603966.706121
562,1270360728.600000,714048649.422180,-261519773.668405,687419188.112838,-1041634959.019789,-1252124186.034132,1076856760.503191,292677679.934618,1023031512.439308,-1232410729.951407
563,1270360728.600000,697457027.090132,-234120429.952582,723919316.230299,-1070457287.939931,-1238889612.121603,1034735144.301094,202669034.461317,1087309709.812006,-1256537695.664955
564,1270360728.600000,680693317.672922,-206607867.674411,759555009.910519,-1097494381.719694,-1222122173.809461,988927936.606320,111602710.058582,1142569110.686526,-1268756207.873767
565,1270360728.600000,663761657.365006,-178995391.664865,794283716.454425,-1122701149.751112,-1201869685.757951,939598296.712245,19953959.064602,1188351360.569553,-1268950469.347851
566,1270360728.600000,646666223.800218,-151296355.072311,828063966.199275,-1146035553.917793,-1178189900.726758,886921930.355874,-71798926.643985,1224276714.121569,-1257118639.033225
567,1270360728.600000,629411235.020979,-123524152.905039,860855422.037708,-1167458678.703197,-1151150344.885044,831086463.876936,-163177111.737508,1250047184.991596,-1233372849.499933
568,1270360728.600000,612000948.437583,-95692215.553574,892618927.584432,-1186934796.091251,-1120828125.251293,772290775.917332,-253703716.354963,1265449017.494068,-1197938144.239765
569,1270360728.600000,594439659.777725,-67814002.295836,923316553.932962,-1204431425.151094,-1087309709.812004,710744289.041446,-342906304.820591,1270354459.626237,-1151150344.885048
570,1270360728.600000,576731702.026610,-39902994.788370,952911644.946673,-1219919386.206542,-1050690680.946336,646666223.800220,-430319351.167257,1264722822.719616,-1093452868.561373
571,1270360728.600000,558881444.357840,-11972690.546720,981368861.030026,-1233372849.499934,-1011075462.859774,580284817.896246,-515486668.599966,1248600818.936116,-1025392525.536750
572,1270360728.600000,540893291.055397,15963403.581834,1008654221.327666,-1244769378.269243,-968577023.804116,511836513.230845,-597963790.220430,1222122173.809462,-947614336.993780
573,1270360728.600000,522771680.426946,43891777.950071,1034735144.301094,-1254089966.166560,-923316553.932962,441565113.728844,-677320288.588541,1185506517.045694,-860855422.037718
574,1270360728.600000,504521083.708752,71798926.643989,1059580486.634374,-1261319068.955574,-875423119.711272,369720916.940918,-753142022.015285,1139057560.783149,-765938011.874539
575,1270360728.600000,486146003.962465,99671354.014123,1083160580.422485,-1266444630.435186,-825033295.864580,296559822.516282,-825033295.864577,1083160580.422488,-663761657.365006
576,1270360728.600000,467650974.964056,127495581.201936,1105447268.597861,-1269458102.546009,-772290775.917332,222342420.721632,-892618927.584432,1018279218.922269,-555294703.805227
577,1270360728.600000,449040560.085189,155258152.658069,1126413938.552823,-1270354459.626237,-717345962.431025,147333064.252612,-955546204.690708,944951641.067214,-441565113.728847
578,1270360728.600000,430319351.167257,182945642.649335,1146035553.917791,-1269132206.793098,-660355538.110558,71798926.643985,-1013486725.485247,863786069.607841,-323650724.705094
579,1270360728.600000,411491967.388433,210544661.751270,1164288684.457310,-1265793382.435918,-601482019.001947,-3990949.367520,-1066138112.902074,775455740.297550,-202669034.461313
580,1270360728.600000,392563054.123940,238041863.323148,1181151534.048145,-1260343554.816631,-540893291.055395,-79766610.138422,-1113225592.537570,680693317.672925,-79766610.138435
581,1270360728.600000,373537281.799892,265423949.962297,1196603966.706122,-1252791812.783419,-478762131.375412,-155258152.658071,-1154503426.629265,580284817.896246,43891777.950067
582,1270360728.600000,354419344.740915,292677679.934610,1210627530.630562,-1243150750.612954,-415265715.523068,-230196685.907884,-1189756196.499679,475063089.067746,167134195.074258
583,1270360728.600000,335213960.011915,319789873.578118,1223205480.237644,-1231436447.006524,-350585112.275501,-304315288.616158,-1218799926.772430,365900903.085744,288792648.742400
584,1270360728.600000,315925866.254195,346747419.676568,1234322796.156365,-1217668438.275089,-284904767.283328,-377349959.996697,-1241483045.493644,253703716.354971,407714157.994202
585,1270360728.600000,296559822.516280,373537281.799890,1243966203.163205,-1201869685.757952,-218411977.098491,-449040560.085181,-1257687175.148043,139402159.390033,522771680.426940
586,1270360728.600000,277120607.079676,400146504.608491,1252124186.034132,-1184066537.529424,-151296355.072305,-519131736.323787,-1267327750.441518,23944317.609838,632874793.396735
587,1270360728.600000,257613016.279922,426562220.118351,1258787003.294960,-1164288684.457310,-83749290.646900,-587373833.093574,-1270354459.626237,-91712132.649499,736980028.167192
588,1270360728.600000,238041863.323148,452771653.923858,1263946698.853675,-1142569110.686520,-15963403.581827,-653523780.955317,-1266751507.065048,-206607867.674412,834100759.066706
589,1270360728.600000,218411977.098493,478762131.375412,1267597111.500836,-1118944038.630376,51868005.327689,-717345962.431025,-1256537695.664956,-319789873.578114,923316553.932959
590,1270360728.600000,198728200.986660,504521083.708752,1269733882.266690,-1093452868.561370,119551505.474631,-778613051.242669,-1239766328.749461,-430319351.167265,1003781897.228527
591,1270360728.600000,178995391.664865,530036054.123117,1270354459.626237,-1066138112.902074,186894088.034175,-837106822.018736,-1216524931.881858,-537279502.903437,1074734203.156979
592,1270360728.600000,159218417.908545,555294703.805227,1269458102.546009,-1037045325.325858,253703716.354980,-892618927.584432,-1186934796.091251,-639783137.369877,1135501042.837658
593,1270360728.600000,139402159.390040,580284817.896246,1267045881.368944,-1006223024.785608,319789873.578123,-944951641.067208,-1151150344.885048,-736980028.167195,1185506517.045692
594,1270360728.600000,119551505.474624,604994311.398760,1263120676.536288,-973722614.597129,384964105.922186,-993918560.174020,-1109358328.351355,-828063966.199282,1224276714.121569
595,1270360728.600000,99671354.014121,629411235.020979,1257687175.148044,-939598296.712239,449040560.085189,-1039345271.131934,-1061776848.557039,-912279446.853267,1251444201.324634
596,1270360728.600000,79766610.138431,653523780.955319,1250751865.366096,-903906981.324479,511836513.230836,-1081069969.927282,-1008654221.327674,-988927936.606315,1266751507.065048
597,1270360728.600000,59842185.045260,677320288.588538,1242323028.666672,-866708191.958190,573172894.047910,-1118944038.630378,-950267680.349417,-1057373667.080078,1270053561.012395
598,1270360728.600000,39902994.788370,700789250.140715,1232410729.951410,-828063966.199272,632874793.396743,-1152832574.753201,-886921930.355870,-1117048908.483537,1261319068.955574
599,1270360728.600000,19953959.064597,723919316.230303,1221026805.528813,-788038752.233169,690771963.086756,-1182614871.754458,-818947556.950397,-1167458678.703199,1240630809.384166
600,1270360728.600000,0.000000,746699301.362601,1208184848.980490,-746699301.362601,746699301.362605,-1208184848.980488,-746699301.362605,-1208184848.980490,1208184848.980490
601,1270360728.600000,-19953959.064594,769118189.338946,1193900194.929005,-704114556.684314,800497323.714586,-1229451429.510744,-670554209.142777,-1238889612.121605,1164288684.457314
602,1270360728.600000,-39902994.788370,791165138.584056,1178189900.726759,-660355538.110558,852012617.670699,-1246338864.561865,-590909662.455566,-1259318284.472199,1109358328.351354
603,1270360728.600000,-59842185.045260,812829487.388920,1161072726.087749,-615495223.926914,901098280.273431,-1258787003.294959,-508181306.241962,-1269301418.415835,1043914366.391119
604,1270360728.600000,-79766610.138431,834100759.066707,1142569110.686523,-569608429.084144,947614336.993786,-1266751507.065048,-422800879.072542,-1268756207.873767,968577023.804122
605,1270360728.600000,-99671354.014123,854968667.019193,1122701149.751112,-522771680.426944,991428140.887918,-1270204007.349517,-335213960.011915,-1257687175.148043,884060287.321082
606,1270360728.600000,-119551505.474627,875423119.711272,1101492567.679036,-475063089.067746,1032414750.858194,-1269132206.793099,-245877643.253240,-1236186133.410829,791165138.584056
607,1270360728.600000,-139402159.390040,895454225.551136,1078968689.707924,-426562220.118348,1070457287.939931,-1263539923.009445,-155258152.658076,-1204431425.151095,690771963.086756
608,1270360728.600000,-159218417.908545,915052297.673757,1055156411.674567,-377349959.996693,1105447268.597866,-1253447074.983287,-63828408.650858,-1162686442.895423,583832206.589003
609,1270360728.600000,-178995391.664865,934207858.625367,1030084167.898504,-327508381.530076,1137284914.081889,-1238889612.121603,27934439.834330,-1111297444.473023,471359358.079191
610,1270360728.600000,-198728200.986660,952911644.946675,1003781897.228527,-277120607.079678,1165879434.959924,-1219919386.206541,119551505.474622,-1050690680.946339,354419344.740920
611,1270360728.600000,-218411977.098493,971154611.652596,976281007.292570,-226270669.914840,1191149290.016476,-1196603966.706125,210544661.751267,-981368861.030026,234120429.952586
612,1270360728.600000,-238041863.323146,988927936.606316,947614336.993783,-175043374.068141,1213022418.778655,-1169026400.100630,300439038.172227,-903906981.324482,111602710.058591
613,1270360728.600000,-257613016.279922,1006223024.785609,917816117.297493,-123524152.905039,1231436447.006526,-1137284914.081889,388765498.502324,-818947556.950390,-11972690.546722
614,1270360728.600000,-277120607.079676,1023031512.439305,886921930.355874,-71798926.643984,1246338864.561866,-1101492567.679036,475063089.067751,-727195292.144392,-135434623.622007
615,1270360728.600000,-296559822.516280,1039345271.131937,854968667.019199,-19953959.064592,1257687175.148043,-1061776848.557039,558881444.357834,-629411235.020977,-257613016.279922
616,1270360728.600000,-315925866.254197,1055156411.674566,821994482.784335,31924286.357188,1265449017.494069,-1018279218.922277,639783137.369865,-526406464.984679,-377349959.996697
617,1270360728.600000,-335213960.011917,1070457287.939931,788038752.233173,83749290.646909,1269602257.637212,-971154611.652594,717345962.431028,-419035365.152737,-493510684.337692
618,1270360728.600000,-354419344.740915,1085240500.560053,753142022.015285,135434623.622011,1270135052.041050,-920570878.446690,791165138.584053,-308188535.591048,-604994311.398756
619,1270360728.600000,-373537281.799892,1099498900.504495,717345962.431029,186894088.034170,1267045881.368944,-866708191.958200,860855422.037712,-194785406.144893,-710744289.041439
620,1270360728.600000,-392563054.123940,1113225592.537570,680693317.672925,238041863.323150,1260343554.816631,-809758404.044264,926053116.657605,-79766610.138426,-809758404.044260
621,1270360728.600000,-411491967.388433,1126413938.552822,643227854.784667,288792648.742400,1250047184.991594,-749924362.414297,986417972.005224,35913817.800219,-901098280.273434
622,1270360728.600000,-430319351.167257,1139057560.783151,604994311.398759,339061805.617823,1236186133.410828,-687419188.112838,1041634959.019789,151296355.072314,-983898271.856995
623,1270360728.600000,-449040560.085187,1151150344.885047,566038342.315151,388765498.502328,1218799926.772427,-622465516.410327,1091415914.075956,265423949.962297,-1057373667.080073
624,1270360728.600000,-467650974.964056,1162686442.895427,526406464.984679,437820834.990817,1197938144.239763,-555294703.805235,1135501042.837658,377349959.996701,-1120828125.251291
625,1270360728.600000,-486146003.962463,1173660276.059665,486146003.962463,486146003.962467,1173660276.059662,-486146003.962463,1173660276.059664,486146003.962471,-1173660276.059665
626,1270360728.600000,-504521083.708752,1184066537.529426,445305034.397477,533660412.019690,1146035553.917789,-415265715.523076,1205694470.261321,590909662.455558,-1215369418.878676
627,1270360728.600000,-522771680.426948,1193900194.929005,403932324.625835,580284817.896250,1115142753.514940,-342906304.820595,1231436447.006524,690771963.086760,-1245560268.004049
628,1270360728.600000,-540893291.055399,1203156492.788949,362077277.936398,625941464.610429,1081069969.927282,-269325506.628963,1250751865.366095,784904588.257952,-1263946698.853675
629,1270360728.600000,-558881444.357840,1211830954.845751,319789873.578119,670554209.142774,1043914366.391119,-194785406.144902,1263539923.009445,872526745.723299,-1270354459.626237
630,1270360728.600000,-576731702.026610,1219919386.206541,277120607.079678,714048649.422184,1003781897.228524,-119551505.474622,1269733882.266690,952911644.946676,-1264722822.719617
631,1270360728.600000,-594439659.777725,1227417875.377686,234120429.952586,756352248.408572,960787005.704004,-43891777.950076,1269301418.415835,1025392525.536756,-1247105160.258255
632,1270360728.600000,-612000948.437583,1234322796.156365,190840688.849811,797394455.065180,915052297.673760,31924286.357175,1262244788.377399,1089368187.756089,-1217668438.275091
633,1270360728.600000,-629411235.020979,1240630809.384165,147333064.252608,837106822.018736,866708191.958190,107626640.524360,1248600818.936118,1144307979.231044,-1176691634.341807
634,1270360728.600000,-646666223.800216,1246338864.561865,103649508.758647,875423119.711275,815892548.434688,182945642.649328,1228440714.551172,1189756196.499684,-1124563093.643831
635,1270360728.600000,-663761657.365006,1251444201.324634,59842185.045264,912279446.853267,762750274.911167,257613016.279927,1201869685.757954,1225335864.888584,-1061776848.557039
636,1270360728.600000,-680693317.672919,1255944350.776917,15963403.581836,947614336.993786,707432913.901511,331362805.979552,1169026400.100632,1250751865.366096,-988927936.606323
637,1270360728.600000,-697457027.090132,1259837136.686376,-27934439.834335,981368861.030031,650098210.481206,403932324.625822,1130082258.460969,1265793382.435918,-906706761.178550
638,1270360728.600000,-714048649.422182,1263120676.536288,-71798926.643985,1013486725.485247,590909662.455553,475063089.067751,1085240500.560053,1270335652.766820,-815892548.434691
639,1270360728.600000,-730464090.934527,1265793382.435918,-115577678.119111,1043914366.391121,530036054.123115,544501740.808941,1034735144.301094,1264341000.054263,-717345962.431028
640,1270360728.600000,-746699301.362601,1267853961.888413,-159218417.908543,1072601038.618067,467650974.964059,612000948.437587,978829764.488605,1247859147.530187,-612000948.437579
641,1270360728.600000,-762750274.911167,1269301418.415835,-202669034.461309,1099498900.504495,403932324.625826,677320288.588537,917816117.297497,1221026805.528812,-500855881.756130
642,1270360728.600000,-778613051.242674,1270135052.041050,-245877643.253231,1124563093.643833,339061805.617819,740227102.300049,852012617.670696,1184066537.529428,-384964105.922195
643,1270360728.600000,-794283716.454426,1270354459.626237,-288792648.742391,1147751817.696297,273224405.161605,800497323.714586,781762677.591325,1137284914.081883,-265423949.962305
644,1270360728.600000,-809758404.044264,1269959535.067833,-331362805.979552,1169026400.100632,206607867.674412,857916278.172105,707432913.901511,1081069969.927282,-143368319.315038
645,1270360728.600000,-825033295.864581,1268950469.347851,-373537281.799892,1188351360.569553,139402159.390042,912279446.853257,629411235.020981,1015887985.405898,-19953959.064597
646,1270360728.600000,-840104623.064379,1267327750.441518,-415265715.523067,1205694470.261323,71798926.643985,963393195.248672,548104816.550147,942279618.849438,103649508.758642
647,1270360728.600000,-854968667.019192,1265092163.081298,-456498279.089095,1221026805.528813,3990949.367520,1011075462.859769,463937976.322601,860855422.037708,226270669.914840
648,1270360728.600000,-869621760.248590,1262244788.377399,-497185736.558158,1234322796.156367,-63828408.650863,1055156411.674567,377349959.996697,772290775.917332,346747419.676566
649,1270360728.600000,-884060287.321076,1258787003.294960,-537279502.903433,1245560268.004050,-131465751.168913,1095479031.108417,288792648.742404,677320288.588541,463937976.322597
650,1270360728.600000,-898280685.746144,1254720479.988164,-576731702.026608,1254720479.988164,-198728200.986664,1131899697.255284,198728200.986664,576731702.026608,576731702.026604
651,1270360728.600000,-912279446.853265,1250047184.991595,-615495223.926910,1261788155.336331,-265423949.962301,1164288684.457312,107626640.524355,471359358.079191,684059628.589060
652,1270360728.600000,-926053116.657607,1244769378.269243,-653523780.955317,1266751507.065048,-331362805.979557,1192530627.370662,15963403.581836,362077277.936385,784904588.257952
653,1270360728.600000,-939598296.712242,1238889612.121603,-690771963.086752,1269602257.637212,-396356735.306697,1216524931.881858,-75783142.365718,249791912.476765,878310853.626482
654,1270360728.600000,-952911644.946676,1232410729.951409,-727195292.144389,1270335652.766820,-460220398.800625,1236186133.410829,-167134195.074263,135434623.621998,963393195.248672
655,1270360728.600000,-965989876.491441,1225335864.888584,-762750274.911164,1268950469.347851,-522771680.426952,1251444201.324632,-257613016.279913,19953959.064593,1039345271.131931
656,1270360728.600000,-978829764.488600,1217668438.275089,-797394455.065177,1265449017.494068,-583832206.589003,1262244788.377399,-346747419.676571,-95692215.553574,1105447268.597861
657,1270360728.600000,-991428140.887915,1209412158.010395,-831086463.876929,1259837136.686376,-643227854.784667,1268549424.288128,-434072235.137896,-210544661.751272,1161072726.087746
658,1270360728.600000,-1003781897.228523,1200571016.758373,-863786069.607841,1252124186.034132,-700789250.140721,1270335652.766821,-519131736.323779,-323650724.705091,1205694470.261323
659,1270360728.600000,-1015887985.405902,1191149290.016476,-895454225.551133,1242323028.666672,-756352248.408576,1267597111.500836,-601482019.001943,-434072235.137896,1238889612.121603
660,1270360728.600000,-1027743418.423940,1181151534.048147,-926053116.657606,1230450010.281059,-809758404.044267,1260343554.816632,-680693317.672918,-540893291.055403,1260343554.816632
661,1270360728.600000,-1039345271.131938,1170582583.679453,-955546204.690708,1216524931.881855,-860855422.037715,1248600818.936116,-756352248.408569,-643227854.784675,1269852975.135364
662,1270360728.600000,-1050690680.946339,1159447549.961005,-983898271.856992,1200571016.758372,-909497592.202941,1232410729.951410,-828063966.199275,-740227102.300060,1267327750.441518
663,1270360728.600000,-1061776848.557040,1147751817.696295,-1011075462.859769,1182614871.754457,-955546204.690714,1211830954.845755,-895454225.551136,-831086463.876929,1252791812.783421
664,1270360728.600000,-1072601038.618066,1135501042.837660,-1037045325.325858,1162686442.895425,-998869945.538830,1186934796.091249,-958171333.579467,-915052297.673760,1226382922.085300
665,1270360728.600000,-1083160580.422489,1122701149.751110,-1061776848.557040,1140818965.446145,-1039345271.131939,1157810930.555034,-1015887985.405898,-991428140.887915,1188351360.569548
666,1270360728.600000,-1093452868.561370,1109358328.351355,-1085240500.560051,1117048908.483537,-1076856760.503196,1124563093.643829,-1068302972.280526,-1059580486.634376,1139057560.783153
667,1270360728.600000,-1103475363.566622,1095479031.108418,-1107408263.310847,1091415914.075954,-1111297444.473030,1087309709.812009,-1115142753.514944,-1118944038.630378,1078968689.707929
668,1270360728.600000,-1113225592.537569,1081069969.927283,-1128253666.210988,1063962731.170864,-1142569110.686524,1046183470.749105,-1156162884.022599,-1169026400.100632,1008654221.327671
669,1270360728.600000,-1122701149.751110,1066138112.902074,-1147751817.696295,1034735144.301094,-1170582583.679455,1001330862.749355,-1191149290.016474,-1209412158.010397,928780539.611850
670,1270360728.600000,-1131899697.255289,1050690680.946339,-1165879434.959922,1003781897.228521,-1195257979.174419,952911644.946679,-1219919386.206540,-1239766328.749462,840104623.064384
671,1270360728.600000,-1140818965.446147,1034735144.301094,-1182614871.754455,971154611.652594,-1216524931.881859,901098280.273434,-1242323028.666672,-1259837136.686377,743466870.690259
672,1270360728.600000,-1149456753.627724,1018279218.922271,-1197938144.239763,936907701.119186,-1234322796.156367,846075321.170023,-1258243298.398192,-1269458102.546009,639783137.369877
673,1270360728.600000,-1157810930.555031,1001330862.749357,-1211830954.845752,901098280.273428,-1248600818.936118,788038752.233180,-1267597111.500836,-1268549424.288128,530036054.123115
674,1270360728.600000,-1165879434.959923,983898271.856993,-1224276714.121568,863786069.607841,-1259318284.472199,727195292.144389,-1270335652.766821,-1257118639.033223,415265715.523064
675,1270360728.600000,-1173660276.059665,965989876.491441,-1235260560.545115,825033295.864577,-1266444630.435186,663761657.365010,-1266444630.435186,-1235260560.545115,296559822.516282
676,1270360728.600000,-1181151534.048147,947614336.993783,-1244769378.269242,784904588.257949,-1269959535.067833,597963790.220447,-1255944350.776917,-1203156492.788949,175043374.068137
677,1270360728.600000,-1188351360.569551,928780539.611853,-1252791812.783419,743466870.690259,-1269852975.135364,530036054.123115,-1238889612.121604,-1161072726.087746,51868005.327690
678,1270360728.600000,-1195257979.174418,909497592.202935,-1259318284.472198,700789250.140713,-1266125254.508106,460220398.800625,-1215369418.878677,-1109358328.351351,-71798926.643975
679,1270360728.600000,-1201869685.757953,889774819.829281,-1264341000.054263,656942901.413549,-1258787003.294960,388765498.502320,-1185506517.045695,-1048442249.698583,-194785406.144889
680,1270360728.600000,-1208184848.980489,869621760.248591,-1267853961.888413,612000948.437579,-1247859147.530188,315925866.254199,-1149456753.627727,-978829764.488596,-315925866.254182
681,1270360728.600000,-1214201910.669998,849048159.301640,-1269852975.135364,566038342.315143,-1233372849.499933,241960947.316633,-1107408263.310849,-901098280.273431,-434072235.137888
682,1270360728.600000,-1219919386.206541,828063966.199277,-1270335652.766820,519131736.323783,-1215369418.878677,167134195.074263,-1059580486.634374,-815892548.434684,-548104816.550138
683,1270360728.600000,-1225335864.888584,806679328.711073,-1269301418.415835,471359358.079183,-1193900194.929003,91712132.649499,-1006223024.785613,-723919316.230303,-656942901.413541
684,1270360728.600000,-1230450010.281059,784904588.257952,-1266751507.065048,422800879.072538,-1169026400.100630,15963403.581827,-947614336.993786,-625941464.610425,-759555009.910520
685,1270360728.600000,-1235260560.545117,762750274.911167,-1262688963.571994,373537281.799887,-1140818965.446147,-59842185.045260,-884060287.321079,-522771680.426948,-854968667.019199
686,1270360728.600000,-1239766328.749460,740227102.300056,-1257118639.033224,323650724.705091,-1109358328.351355,-135434623.621998,-815892548.434691,-415265715.523076,-942279618.849438
687,1270360728.600000,-1243966203.163206,717345962.431027,-1250047184.991596,273224405.161605,-1074734203.156974,-210544661.751272,-743466870.690262,-304315288.616154,-1020660402.433850
688,1270360728.600000,-1247859147.530188,694117920.420267,-1241483045.493645,222342420.721632,-1037045325.325858,-284904767.283328,-667161225.559868,-190840688.849806,-1089368187.756096
689,1270360728.600000,-1251444201.324634,670554209.142774,-1231436447.006525,171089628.863983,-996399169.885194,-358250079.230469,-587373833.093586,-75783142.365713,-1147751817.696289
690,1270360728.600000,-1254720479.988164,646666223.800216,-1219919386.206541,119551505.474622,-952911644.946676,-430319351.167257,-504521083.708752,39902994.788372,-1195257979.174416
691,1270360728.600000,-1257687175.148043,622465516.410325,-1206945615.653889,67814002.295836,-906706761.178550,-500855881.756126,-419035365.152746,155258152.658076,-1231436447.006520
692,1270360728.600000,-1260343554.816632,597963790.220436,-1192530627.370665,15963403.581827,-857916278.172105,-569608429.084148,-331362805.979561,269325506.628963,-1255944350.776916
693,1270360728.600000,-1262688963.571995,573172894.047909,-1176691634.341807,-35913817.800224,-806679328.711071,-636332105.553796,-241960947.316628,381158913.901740,-1268549424.288129
694,1270360728.600000,-1264722822.719616,548104816.550137,-1159447549.961006,-87731144.583691,-753142022.015282,-700789250.140706,-151296355.072314,489830761.366010,-1269132206.793099
695,1270360728.600000,-1266444630.435186,522771680.426948,-1140818965.446149,-139402159.390046,-697457027.090133,-762750274.911167,-59842185.045265,594439659.777728,-1257687175.148043
696,1270360728.600000,-1267853961.888413,497185736.558162,-1120828125.251297,-190840688.849811,-639783137.369865,-821994482.784328,31924286.357184,694117920.420274,-1234322796.156364
697,1270360728.600000,-1268950469.347851,471359358.079187,-1099498900.504495,-241960947.316624,-580284817.896242,-878310853.626485,123524152.905039,788038752.233176,-1199260498.607550
698,1270360728.600000,-1269733882.266691,445305034.397472,-1076856760.503191,-292677679.934614,-519131736.323783,-931498795.877135,214479377.837308,875423119.711278,-1152832574.753203
699,1270360728.600000,-1270204007.349517,419035365.152748,-1052928742.301256,-342906304.820595,-456498279.089099,-981368861.030023,304315288.616154,955546204.690712,-1095479031.108421
700,1270360728.600000,-1270360728.600000,392563054.123940,-1027743418.423941,-392563054.123943,-392563054.123934,-1027743418.423942,392563054.123942,1027743418.423944,-1027743418.423939
701,1270360728.600000,-1270204007.349517,365900903.085750,-1001330862.749358,-441565113.728852,-327508381.530071,-1070457287.939928,478762131.375416,1091415914.075956,-950267680.349405
702,1270360728.600000,-1269733882.266690,339061805.617823,-973722614.597132,-489830761.366015,-261519773.668400,-1109358328.351349,562462668.976222,1146035553.917791,-863786069.607857
703,1270360728.600000,-1268950469.347851,312058740.869521,-944951641.067216,-537279502.903437,-194785406.144893,-1144307979.231047,643227854.784663,1191149290.016476,-769118189.338953
704,1270360728.600000,-1267853961.888413,284904767.283333,-915052297.673760,-583832206.589007,-127495581.201927,-1175181754.485472,720636195.524821,1226382922.085301,-667161225.559868
705,1270360728.600000,-1266444630.435186,257613016.279922,-884060287.321076,-629411235.020981,-59842185.045256,-1201869685.757954,794283716.454425,1251444201.324635,-558881444.357850
706,1270360728.600000,-1264722822.719616,230196685.907892,-852012617.670702,-673940574.626352,7981859.345990,-1224276714.121568,863786069.607844,1266125254.508105,-445305034.397477
707,1270360728.600000,-1262688963.571994,202669034.461310,-818947556.950397,-717345962.431025,75783142.365722,-1242323028.666671,928780539.611853,1270304308.207366,-327508381.530089
708,1270360728.600000,-1260343554.816631,175043374.068143,-784904588.257952,-759555009.910523,143368319.315047,-1255944350.776917,988927936.606312,1263946698.853675,-206607867.674416
709,1270360728.600000,-1257687175.148043,147333064.252605,-749924362.414293,-800497323.714586,210544661.751276,-1265092163.081297,1043914366.391116,1247105160.258252,-83749290.646900
710,1270360728.600000,-1254720479.988164,119551505.474627,-714048649.422184,-840104623.064381,277120607.079682,-1269733882.266691,1093452868.561373,1219919386.206537,39902994.788363
711,1270360728.600000,-1251444201.324634,91712132.649494,-677320288.588544,-878310853.626485,342906304.820595,-1269852975.135364,1137284914.081885,1182614871.754458,163177111.737513
712,1270360728.600000,-1247859147.530188,63828408.650861,-639783137.369873,-915052297.673760,407714157.994210,-1265449017.494069,1175181754.485474,1135501042.837660,284904767.283341
713,1270360728.600000,-1243966203.163206,35913817.800219,-601482019.001947,-950267680.349415,471359358.079195,-1256537695.664956,1206945615.653886,1078968689.707920,403932324.625830
714,1270360728.600000,-1239766328.749460,7981859.345986,-562462668.976230,-983898271.856997,533660412.019690,-1243150750.612954,1232410729.951406,1013486725.485242,519131736.323791
715,1270360728.600000,-1235260560.545116,-19953959.064597,-522771680.426952,-1015887985.405903,594439659.777728,-1225335864.888584,1251444201.324634,939598296.712245,629411235.020977
716,1270360728.600000,-1230450010.281059,-47880127.917647,-482456448.494129,-1046183470.749100,653523780.955321,-1203156492.788949,1263946698.853675,857916278.172108,733725680.338973
717,1270360728.600000,-1225335864.888583,-75783142.365721,-441565113.728847,-1074734203.156979,710744289.041450,-1176691634.341811,1269852975.135364,769118189.338942,831086463.876926
718,1270360728.600000,-1219919386.206541,-103649508.758645,-400146504.608493,-1101492567.679036,765938011.874539,-1146035553.917791,1269132206.793099,673940574.626345,920570878.446677
719,1270360728.600000,-1214201910.669998,-131465751.168916,-358250079.230486,-1126413938.552823,818947556.950397,-1111297444.473028,1261788155.336331,573172894.047898,1001330862.749353
720,1270360728.600000,-1208184848.980489,-159218417.908545,-315925866.254199,-1149456753.627725,869621760.248593,-1072601038.618072,1247859147.530189,467650974.964059,1072601038.618067
721,1270360728.600000,-1201869685.757953,-186894088.034170,-273224405.161610,-1170582583.679455,917816117.297500,-1030084167.898504,1227417875.377687,358250079.230478,1133705964.656559
722,1270360728.600000,-1195257979.174418,-214479377.837316,-230196685.907893,-1189756196.499682,963393195.248672,-983898271.856997,1200571016.758373,245877643.253227,1184066537.529422
723,1270360728.600000,-1188351360.569552,-241960947.316624,-186894088.034175,-1206945615.653889,1006223024.785608,-934207858.625364,1167458678.703199,131465751.168905,1223205480.237646
724,1270360728.600000,-1181151534.048147,-269325506.628961,-143368319.315043,-1222122173.809462,1046183470.749097,-881189918.968155,1128253666.210994,15963403.581836,1250751865.366096
725,1270360728.600000,-1173660276.059665,-296559822.516280,-99671354.014123,-1235260560.545117,1083160580.422489,-825033295.864587,1083160580.422488,-99671354.014123,1266444630.435187
726,1270360728.600000,-1165879434.959922,-323650724.705093,-55855370.821455,-1246338864.561866,1117048908.483539,-765938011.874532,1032414750.858197,-214479377.837321,1270135052.041051
727,1270360728.600000,-1157810930.555031,-350585112.275504,-11972690.546726,-1255338610.225183,1147751817.696295,-704114556.684322,976281007.292570,-327508381.530085,1261788155.336331
728,1270360728.600000,-1149456753.627722,-377349959.996697,31924286.357184,-1262244788.377399,1175181754.485474,-639783137.369873,915052297.673760,-437820834.990826,1241483045.493644
729,1270360728.600000,-1140818965.446147,-403932324.625830,75783142.365718,-1267045881.368944,1199260498.607550,-573172894.047910,849048159.301642,-544501740.808945,1209412158.010403
730,1270360728.600000,-1131899697.255289,-430319351.167257,119551505.474622,-1269733882.266691,1219919386.206541,-504521083.708761,778613051.242676,-646666223.800220,1165879434.959929
731,1270360728.600000,-1122701149.751111,-456498279.089099,163177111.737508,-1270304308.207366,1237099505.618474,-434072235.137892,704114556.684318,-743466870.690251,1111297444.473030
732,1270360728.600000,-1113225592.537570,-482456448.494125,206607867.674407,-1268756207.873767,1250751865.366095,-362077277.936398,625941464.610429,-834100759.066715,1046183470.749100
733,1270360728.600000,-1103475363.566622,-508181306.241962,249791912.476769,-1265092163.081297,1260837533.864823,-288792648.742408,544501740.808954,-917816117.297490,971154611.652591
734,1270360728.600000,-1093452868.561371,-533660412.019686,292677679.934605,-1259318284.472198,1267327750.441518,-214479377.837317,460220398.800617,-993918560.174020,886921930.355887
735,1270360728.600000,-1083160580.422489,-558881444.357838,335213960.011910,-1251444201.324634,1270204007.349517,-139402159.390046,373537281.799887,-1061776848.557042,794283716.454435
736,1270360728.600000,-1072601038.618066,-583832206.588998,377349959.996697,-1241483045.493644,1269458102.546009,-63828408.650858,284904767.283337,-1120828125.251299,694117920.420271
737,1270360728.600000,-1061776848.557038,-608500632.745961,419035365.152746,-1229451429.510744,1265092163.081298,11972690.546717,194785406.144898,-1170582583.679458,587373833.093574
738,1270360728.600000,-1050690680.946339,-632874793.396743,460220398.800617,-1215369418.878676,1257118639.033223,87731144.583677,103649508.758647,-1210627530.630562,475063089.067738
739,1270360728.600000,-1039345271.131936,-656942901.413549,500855881.756126,-1199260498.607547,1245560268.004049,163177111.737513,11972690.546722,-1240630809.384166,358250079.230460
740,1270360728.600000,-1027743418.423940,-680693317.672922,540893291.055395,-1181151534.048145,1230450010.281059,238041863.323141,-79766610.138431,-1260343554.816630,238041863.323154
741,1270360728.600000,-1015887985.405902,-704114556.684318,580284817.896246,-1161072726.087746,1211830954.845752,312058740.869525,-171089628.863987,-1269602257.637212,115577678.119115
742,1270360728.600000,-1003781897.228524,-727195292.144392,618983424.726871,-1139057560.783149,1189756196.499679,384964105.922186,-261519773.668396,-1268330120.631807,-7981859.345995
743,1270360728.600000,-991428140.887916,-749924362.414290,656942901.413545,-1115142753.514941,1164288684.457310,456498279.089091,-350585112.275497,-1256537695.664956,-131465751.168895
744,1270360728.600000,-978829764.488600,-772290775.917332,694117920.420263,-1089368187.756089,1135501042.837660,526406464.984679,-437820834.990817,-1234322796.156364,-253703716.354963
745,1270360728.600000,-965989876.491443,-794283716.454425,730464090.934525,-1061776848.557037,1103475363.566622,594439659.777721,-522771680.426944,-1201869685.757950,-373537281.799887
746,1270360728.600000,-952911644.946676,-815892548.434688,765938011.874532,-1032414750.858192,1068302972.280521,660355538.110550,-604994311.398756,-1159447549.960999,-489830761.366015
747,1270360728.600000,-939598296.712242,-837106822.018736,800497323.714579,-1001330862.749355,1030084167.898501,723919316.230303,-684059628.589064,-1107408263.310849,-601482019.001959
748,1270360728.600000,-926053116.657605,-857916278.172108,834100759.066706,-968577023.804113,988927936.606315,784904588.257945,-759555009.910512,-1046183470.749097,-707432913.901497
749,1270360728.600000,-912279446.853265,-878310853.626482,866708191.958190,-934207858.625364,944951641.067214,843094132.616563,-831086463.876929,-976281007.292572,-806679328.711068
750,1270360728.600000,-898280685.746142,-898280685.746144,898280685.746141,-898280685.746141,898280685.746138,898280685.746141,-898280685.746144,-898280685.746134,-898280685.746144
751,1270360728.600000,-884060287.321076,-917816117.297493,928780539.611850,-860855422.037708,849048159.301635,950267680.349405,-960787005.703998,-812829487.388922,-981368861.030034
752,1270360728.600000,-869621760.248590,-936907701.119189,958171333.579470,-821994482.784328,797394455.065177,998869945.538827,-1018279218.922269,-720636195.524821,-1055156411.674574
753,1270360728.600000,-854968667.019193,-955546204.690712,986417972.005230,-781762677.591321,743466870.690259,1043914366.391116,-1070457287.939928,-622465516.410320,-1118944038.630374
754,1270360728.600000,-840104623.064381,-973722614.597132,1013486725.485244,-740227102.300052,687419188.112835,1085240500.560056,-1117048908.483537,-519131736.323791,-1172127214.080756
755,1270360728.600000,-825033295.864580,-991428140.887918,1039345271.131933,-697457027.090129,629411235.020973,1122701149.751110,-1157810930.555030,-411491967.388418,-1214201910.669999
756,1270360728.600000,-809758404.044266,-1008654221.327668,1063962731.170864,-653523780.955317,569608429.084140,1156162884.022597,-1192530627.370664,-300439038.172227,-1244769378.269238
757,1270360728.600000,-794283716.454426,-1025392525.536753,1087309709.812006,-608500632.745961,508181306.241958,1185506517.045695,-1221026805.528810,-186894088.034166,-1263539923.009444
758,1270360728.600000,-778613051.242674,-1041634959.019789,1109358328.351353,-562462668.976222,445305034.397464,1210627530.630561,-1243150750.612952,-71798926.643998,-1270335652.766820
759,1270360728.600000,-762750274.911165,-1057373667.080078,1130082258.460966,-515486668.599962,381158913.901736,1231436447.006524,-1258787003.294960,43891777.950085,-1265092163.081297
760,1270360728.600000,-746699301.362601,-1072601038.618068,1149456753.627721,-467650974.964054,315925866.254190,1247859147.530188,-1267853961.888413,159218417.908543,-1247859147.530186
761,1270360728.600000,-730464090.934525,-1087309709.812009,1167458678.703195,-419035365.152742,249791912.476765,1259837136.686375,-1270304308.207366,273224405.161610,-1218799926.772424
762,1270360728.600000,-714048649.422182,-1101492567.679036,1184066537.529424,-369720916.940910,182945642.649333,1267327750.441518,-1266125254.508106,384964105.922195,-1178189900.726763
763,1270360728.600000,-697457027.090131,-1115142753.514941,1199260498.607547,-319789873.578118,115577678.119106,1270304308.207366,-1255338610.225184,493510684.337688,-1126413938.552823
764,1270360728.600000,-680693317.672922,-1128253666.210991,1213022418.778651,-269325506.628958,47880127.917638,1268756207.873768,-1238000668.153436,597963790.220450,-1063962731.170862
765,1270360728.600000,-663761657.365006,-1140818965.446147,1225335864.888583,-218411977.098491,-19953959.064602,1262688963.571995,-1214201910.669998,697457027.090133,-991428140.887929
766,1270360728.600000,-646666223.800218,-1152832574.753205,1236186133.410829,-167134195.074263,-87731144.583691,1252124186.034134,-1184066537.529426,791165138.584060,-909497592.202944
767,1270360728.600000,-629411235.020981,-1164288684.457312,1245560268.004049,-115577678.119111,-155258152.658080,1237099505.618473,-1147751817.696299,878310853.626475,-818947556.950397
768,1270360728.600000,-612000948.437583,-1175181754.485475,1253447074.983286,-63828408.650858,-222342420.721641,1217668438.275090,-1105447268.597861,958171333.579470,-720636195.524821
769,1270360728.600000,-594439659.777725,-1185506517.045695,1259837136.686375,-11972690.546717,-288792648.742395,1193900194.929008,-1057373667.080076,1030084167.898504,-615495223.926906
770,1270360728.600000,-576731702.026608,-1195257979.174417,1264722822.719616,39902994.788377,-354419344.740911,1165879434.959922,-1003781897.228527,1093452868.561373,-504521083.708769
771,1270360728.600000,-558881444.357840,-1204431425.151093,1268098299.069240,91712132.649499,-419035365.152751,1133705964.656565,-944951641.067216,1147751817.696299,-388765498.502333
772,1270360728.600000,-540893291.055397,-1213022418.778652,1269959535.067833,143368319.315038,-482456448.494125,1097494381.719694,-881189918.968155,1192530627.370665,-269325506.628963
773,1270360728.600000,-522771680.426948,-1221026805.528812,1270304308.207366,194785406.144898,-544501740.808945,1057373667.080078,-812829487.388922,1227417875.377688,-147333064.252599
774,1270360728.600000,-504521083.708752,-1228440714.551171,1269132206.793099,245877643.253236,-604994311.398756,1013486725.485252,-740227102.300056,1252124186.034135,-23944317.609824
775,1270360728.600000,-486146003.962465,-1235260560.545117,1266444630.435186,296559822.516282,-663761657.365010,965989876.491440,-663761657.365006,1266444630.435187,99671354.014109
776,1270360728.600000,-467650974.964056,-1241483045.493645,1262244788.377399,346747419.676575,-720636195.524824,915052297.673760,-583832206.589006,1270260426.257233,222342420.721628
777,1270360728.600000,-449040560.085189,-1247105160.258254,1256537695.664957,396356735.306701,-775455740.297550,860855422.037722,-500855881.756138,1263539923.009447,342906304.820595
778,1270360728.600000,-430319351.167259,-1252124186.034132,1249330167.156044,445305034.397477,-828063966.199275,803592291.778577,-415265715.523068,1246338864.561859,460220398.800596
779,1270360728.600000,-411491967.388431,-1256537695.664956,1240630809.384166,493510684.337700,-878310853.626485,743466870.690266,-327508381.530080,1218799926.772430,573172894.047894
780,1270360728.600000,-392563054.123940,-1260343554.816631,1230450010.281060,540893291.055403,-926053116.657608,680693317.672918,-238041863.323150,1181151534.048147,680693317.672914
781,1270360728.600000,-373537281.799890,-1263539923.009445,1218799926.772429,587373833.093582,-971154611.652597,615495223.926918,-147333064.252608,1133705964.656561,781762677.591321
782,1270360728.600000,-354419344.740915,-1266125254.508106,1205694470.261323,632874793.396743,-1013486725.485247,548104816.550147,-55855370.821464,1076856760.503186,875423119.711278
783,1270360728.600000,-335213960.011915,-1268098299.069240,1191149290.016477,677320288.588540,-1052928742.301256,478762131.375412,35913817.800219,1011075462.859766,960787005.703989
784,1270360728.600000,-315925866.254197,-1269458102.546009,1175181754.485475,720636195.524828,-1089368187.756092,407714157.994206,127495581.201936,936907701.119176,1037045325.325853
785,1270360728.600000,-296559822.516280,-1270204007.349517,1157810930.555032,762750274.911171,-1122701149.751112,335213960.011919,218411977.098486,854968667.019205,1103475363.566620
786,1270360728.600000,-277120607.079678,-1270335652.766820,1139057560.783153,803592291.778580,-1152832574.753205,261519773.668405,308188535.591048,765938011.874543,1159447549.961006
787,1270360728.600000,-257613016.279922,-1269852975.135364,1118944038.630383,843094132.616563,-1179676538.853044,186894088.034179,396356735.306692,670554209.142751,1204431425.151095
788,1270360728.600000,-238041863.323148,-1268756207.873767,1097494381.719694,881189918.968155,-1203156492.788950,111602710.058582,482456448.494121,569608429.084148,1238000668.153438
789,1270360728.600000,-218411977.098493,-1267045881.368944,1074734203.156977,917816117.297493,-1223205480.237647,35913817.800224,566038342.315143,463937976.322601,1259837136.686374
790,1270360728.600000,-198728200.986658,-1264722822.719616,1050690680.946341,952911644.946676,-1239766328.749460,-39902994.788368,646666223.800216,354419344.740911,1269733882.266690
791,1270360728.600000,-178995391.664865,-1261788155.336331,1025392525.536756,986417972.005230,-1252791812.783419,-115577678.119115,723919316.230296,241960947.316615,1267597111.500839
792,1270360728.600000,-159218417.908543,-1258243298.398193,998869945.538830,1018279218.922277,-1262244788.377400,-190840688.849802,797394455.065173,127495581.201923,1253447074.983291
793,1270360728.600000,-139402159.390040,-1254089966.166560,971154611.652597,1048442249.698589,-1268098299.069240,-265423949.962301,866708191.958193,11972690.546704,1227417875.377691
794,1270360728.600000,-119551505.474624,-1249330167.156044,942279618.849441,1076856760.503194,-1270335652.766821,-339061805.617819,931498795.877132,-103649508.758629,1189756196.499686
795,1270360728.600000,-99671354.014123,-1243966203.163207,912279446.853270,1103475363.566624,-1268950469.347851,-411491967.388422,991428140.887912,-218411977.098482,1140818965.446149
796,1270360728.600000,-79766610.138431,-1238000668.153435,881189918.968155,1128253666.210993,-1263946698.853674,-482456448.494125,1046183470.749097,-331362805.979583,1081069969.927282
797,1270360728.600000,-59842185.045262,-1231436447.006524,849048159.301642,1151150344.885048,-1255338610.225181,-551702482.718063,1095479031.108412,-441565113.728844,1011075462.859788
798,1270360728.600000,-39902994.788370,-1224276714.121567,815892548.434691,1172127214.080758,-1243150750.612953,-618983424.726871,1139057560.783150,-548104816.550138,931498795.877148
799,1270360728.600000,-19953959.064597,-1216524931.881855,781762677.591325,1191149290.016476,-1227417875.377686,-684059628.589064,1176691634.341807,-650098210.481214,843094132.616566
800,1270360728.600000,0.000000,-1208184848.980489,746699301.362604,1208184848.980489,-1208184848.980486,-746699301.362594,1208184848.980489,-746699301.362608,746699301.362601
801,1270360728.600000,19953959.064597,-1199260498.607548,710744289.041443,1223205480.237648,-1185506517.045692,-806679328.711074,1233372849.499931,-837106822.018743,643227854.784659
802,1270360728.600000,39902994.788370,-1189756196.499681,673940574.626356,1236186133.410831,-1159447549.961002,-863786069.607841,1252124186.034132,-920570878.446699,533660412.019702
803,1270360728.600000,59842185.045262,-1179676538.853044,636332105.553803,1247105160.258255,-1130082258.460968,-917816117.297490,1264341000.054264,-996399169.885186,419035365.152759
804,1270360728.600000,79766610.138431,-1169026400.100630,597963790.220439,1255944350.776918,-1097494381.719687,-968577023.804116,1269959535.067833,-1063962731.170859,300439038.172232
805,1270360728.600000,99671354.014123,-1157810930.555030,558881444.357842,1262688963.571995,-1061776848.557035,-1015887985.405898,1268950469.347852,-1122701149.751124,178995391.664897
806,1270360728.600000,119551505.474624,-1146035553.917791,519131736.323787,1267327750.441518,-1023031512.439303,-1059580486.634376,1261319068.955574,-1172127214.080756,55855370.821477
807,1270360728.600000,139402159.390040,-1133705964.656563,478762131.375421,1269852975.135364,-981368861.030026,-1099498900.504493,1247105160.258256,-1211830954.845752,-67814002.295822
808,1270360728.600000,159218417.908543,-1120828125.251295,437820834.990817,1270260426.257233,-936907701.119179,-1135501042.837656,1226382922.085300,-1241483045.493646,-190840688.849802
809,1270360728.600000,178995391.664865,-1107408263.310849,396356735.306697,1268549424.288128,-889774819.829274,-1167458678.703195,1199260498.607549,-1260837533.864823,-312058740.869521
810,1270360728.600000,198728200.986658,-1093452868.561370,354419344.740920,1264722822.719615,-840104623.064374,-1195257979.174416,1165879434.959926,-1269733882.266691,-430319351.167231
811,1270360728.600000,218411977.098493,-1078968689.707922,312058740.869525,1258787003.294959,-788038752.233169,-1218799926.772427,1126413938.552825,-1268098299.069239,-544501740.808929
812,1270360728.600000,238041863.323148,-1063962731.170864,269325506.628968,1250751865.366094,-733725680.338981,-1238000668.153435,1081069969.927282,-1255944350.776919,-653523780.955310
813,1270360728.600000,257613016.279924,-1048442249.698583,226270669.914844,1240630809.384164,-677320288.588529,-1252791812.783418,1030084167.898507,-1233372849.499936,-756352248.408569
814,1270360728.600000,277120607.079678,-1032414750.858192,182945642.649337,1228440714.551170,-618983424.726867,-1263120676.536288,973722614.597132,-1200571016.758375,-852012617.670703
815,1270360728.600000,296559822.516280,-1015887985.405903,139402159.390046,1214201910.669994,-558881444.357842,-1268950469.347851,912279446.853267,-1157810930.555032,-939598296.712251
816,1270360728.600000,315925866.254197,-998869945.538827,95692215.553578,1197938144.239763,-497185736.558166,-1270260426.257233,846075321.170030,-1105447268.597861,-1018279218.922263
817,1270360728.600000,335213960.011915,-981368861.030029,51868005.327690,1179676538.853044,-434072235.137892,-1267045881.368944,775455740.297550,-1043914366.391116,-1087309709.812004
818,1270360728.600000,354419344.740915,-963393195.248672,7981859.345990,1159447549.961004,-369720916.940914,-1259318284.472199,700789250.140713,-973722614.597124,-1146035553.917778
819,1270360728.600000,373537281.799890,-944951641.067213,-35913817.800216,1137284914.081887,-304315288.616163,-1247105160.258253,622465516.410332,-895454225.551127,-1193900194.928995
820,1270360728.600000,392563054.123940,-926053116.657605,-79766610.138426,1113225592.537570,-238041863.323150,-1230450010.281060,540893291.055403,-809758404.044250,-1230450010.281054
821,1270360728.600000,411491967.388431,-906706761.178547,-123524152.905039,1087309709.812009,-171089628.863982,-1209412158.010399,456498279.089103,-717345962.431036,-1255338610.225180
822,1270360728.600000,430319351.167257,-886921930.355874,-167134195.074258,1059580486.634372,-103649508.758642,-1184066537.529426,369720916.940918,-618983424.726883,-1268330120.631807
823,1270360728.600000,449040560.085189,-866708191.958193,-210544661.751262,1030084167.898501,-35913817.800219,-1154503426.629271,281014073.929238,-515486668.599970,-1269301418.415834
824,1270360728.600000,467650974.964058,-846075321.170023,-253703716.354971,998869945.538824,31924286.357184,-1120828125.251297,190840688.849811,-407714157.994202,-1258243298.398196
825,1270360728.600000,486146003.962465,-825033295.864580,-296559822.516277,965989876.491440,99671354.014127,-1083160580.422489,99671354.014132,-296559822.516277,-1235260560.545120
826,1270360728.600000,504521083.708752,-803592291.778577,-339061805.617819,931498795.877135,167134195.074267,-1041634959.019794,7981859.345995,-182945642.649328,-1200571016.758375
827,1270360728.600000,522771680.426948,-781762677.591321,-381158913.901736,895454225.551136,234120429.952582,-996399169.885194,-83749290.646905,-67814002.295827,-1154503426.629267
828,1270360728.600000,540893291.055397,-759555009.910519,-422800879.072538,857916278.172102,300439038.172227,-947614336.993786,-175043374.068137,47880127.917660,-1097494381.719687
829,1270360728.600000,558881444.357840,-736980028.167196,-463937976.322601,818947556.950387,365900903.085757,-895454225.551139,-265423949.962292,163177111.737531,-1030084167.898515
830,1270360728.600000,576731702.026608,-714048649.422184,-504521083.708748,778613051.242669,430319351.167261,-840104623.064381,-354419344.740911,277120607.079665,-952911644.946682
831,1270360728.600000,594439659.777725,-690771963.086756,-544501740.808941,736980028.167188,493510684.337696,-781762677.591328,-441565113.728844,388765498.502315,-866708191.958193
832,1270360728.600000,612000948.437581,-667161225.559868,-583832206.588998,694117920.420263,555294703.805227,-720636195.524821,-526406464.984675,497185736.558158,-772290775.917357
833,1270360728.600000,629411235.020979,-643227854.784667,-622465516.410324,650098210.481206,615495223.926914,-656942901.413553,-608500632.745961,601482019.001947,-670554209.142793
834,1270360728.600000,646666223.800218,-618983424.726875,-660355538.110558,604994311.398748,673940574.626356,-590909662.455558,-687419188.112843,700789250.140717,-562462668.976238
835,1270360728.600000,663761657.365008,-594439659.777725,-697457027.090126,558881444.357838,730464090.934529,-522771680.426948,-762750274.911160,794283716.454432,-449040560.085193
836,1270360728.600000,680693317.672922,-569608429.084144,-733725680.338981,511836513.230836,784904588.257952,-452771653.923867,-834100759.066702,881189918.968162,-331362805.979552
837,1270360728.600000,697457027.090133,-544501740.808949,-769118189.338945,463937976.322601,837106822.018733,-381158913.901748,-901098280.273434,960787005.703989,-210544661.751294
838,1270360728.600000,714048649.422182,-519131736.323787,-803592291.778574,415265715.523072,886921930.355877,-308188535.591056,-963393195.248669,1032414750.858205,-87731144.583704
839,1270360728.600000,730464090.934525,-493510684.337696,-837106822.018729,365900903.085753,934207858.625370,-234120429.952591,-1020660402.433844,1095479031.108412,35913817.800210
840,1270360728.600000,746699301.362601,-467650974.964058,-869621760.248586,315925866.254190,978829764.488602,-159218417.908543,-1072601038.618065,1149456753.627719,159218417.908543
841,1270360728.600000,762750274.911165,-441565113.728847,-901098280.273431,265423949.962292,1020660402.433847,-83749290.646909,-1118944038.630374,1193900194.929000,281014073.929207
842,1270360728.600000,778613051.242674,-415265715.523072,-931498795.877135,214479377.837312,1059580486.634379,-7981859.345990,-1159447549.961004,1228440714.551169,400146504.608471
843,1270360728.600000,794283716.454425,-388765498.502324,-960787005.703998,163177111.737508,1095479031.108421,67814002.295836,-1193900194.929005,1252791812.783419,515486668.599954
844,1270360728.600000,809758404.044264,-362077277.936398,-988927936.606315,111602710.058582,1128253666.210993,143368319.315029,-1222122173.809460,1266751507.065048,625941464.610425
845,1270360728.600000,825033295.864580,-335213960.011915,-1015887985.405900,59842185.045260,1157810930.555032,218411977.098495,-1243966203.163205,1270204007.349517,730464090.934499
846,1270360728.600000,840104623.064381,-308188535.591052,-1041634959.019786,7981859.345986,1184066537.529429,292677679.934605,-1259318284.472198,1263120676.536290,828063966.199258
847,1270360728.600000,854968667.019193,-281014073.929233,-1066138112.902071,-43891777.950081,1206945615.653889,365900903.085748,-1268098299.069240,1245560268.004048,917816117.297481
848,1270360728.600000,869621760.248591,-253703716.354972,-1089368187.756088,-95692215.553583,1226382922.085301,437820834.990812,-1270260426.257233,1217668438.275085,998869945.538822
849,1270360728.600000,884060287.321076,-226270669.914840,-1111297444.473026,-147333064.252612,1242323028.666673,508181306.241954,-1265793382.435918,1179676538.853051,1070457287.939931
850,1270360728.600000,898280685.746142,-198728200.986656,-1131899697.255286,-198728200.986664,1254720479.988166,576731702.026604,-1254720479.988166,1131899697.255294,1131899697.255292
851,1270360728.600000,912279446.853265,-171089628.863986,-1151150344.885044,-249791912.476774,1263539923.009446,643227854.784663,-1237099505.618474,1074734203.156981,1182614871.754447
852,1270360728.600000,926053116.657605,-143368319.315038,-1169026400.100631,-300439038.172232,1268756207.873767,707432913.901500,-1213022418.778652,1008654221.327671,1222122173.809456
853,1270360728.600000,939598296.712242,-115577678.119115,-1185506517.045694,-350585112.275515,1270354459.626237,769118189.338946,-1182614871.754460,934207858.625367,1250047184.991593
854,1270360728.600000,952911644.946675,-87731144.583686,-1200571016.758372,-400146504.608493,1268330120.631806,828063966.199272,-1146035553.917795,852012617.670696,1266125254.508102
855,1270360728.600000,965989876.491441,-59842185.045260,-1214201910.669995,-449040560.085189,1262688963.571993,884060287.321073,-1103475363.566624,762750274.911189,1270204007.349518
856,1270360728.600000,978829764.488600,-31924286.357184,-1226382922.085299,-497185736.558162,1253447074.983285,936907701.119185,-1055156411.674567,667161225.559856,1262244788.377401
857,1270360728.600000,991428140.887916,-3990949.367520,-1237099505.618474,-544501740.808945,1240630809.384164,986417972.005224,-1001330862.749358,566038342.315131,1242323028.666677
858,1270360728.600000,1003781897.228524,23944317.609842,-1246338864.561864,-590909662.455553,1224276714.121568,1032414750.858194,-942279618.849441,460220398.800634,1210627530.630565
859,1270360728.600000,1015887985.405903,51868005.327685,-1254089966.166559,-636332105.553803,1204431425.151090,1074734203.156974,-878310853.626488,350585112.275515,1167458678.703209
860,1270360728.600000,1027743418.423940,79766610.138431,-1260343554.816631,-680693317.672925,1181151534.048143,1113225592.537568,-809758404.044271,238041863.323154,1113225592.537583
861,1270360728.600000,1039345271.131937,107626640.524360,-1265092163.081297,-723919316.230307,1154503426.629265,1147751817.696295,-736980028.167192,123524152.905044,1048442249.698596
862,1270360728.600000,1050690680.946339,135434623.622007,-1268330120.631807,-765938011.874536,1124563093.643833,1178189900.726756,-660355538.110558,7981859.345986,973722614.597138
863,1270360728.600000,1061776848.557038,163177111.737513,-1270053561.012395,-806679328.711074,1091415914.075954,1204431425.151095,-580284817.896250,-107626640.524364,889774819.829283
864,1270360728.600000,1072601038.618066,190840688.849811,-1270260426.257233,-846075321.170023,1055156411.674564,1226382922.085299,-497185736.558166,-222342420.721606,797394455.065205
865,1270360728.600000,1083160580.422487,218411977.098495,-1268950469.347851,-884060287.321082,1015887985.405903,1243966203.163205,-411491967.388435,-335213960.011928,697457027.090152
866,1270360728.600000,1093452868.561370,245877643.253231,-1266125254.508106,-920570878.446693,973722614.597132,1257118639.033223,-323650724.705094,-445305034.397489,590909662.455570
867,1270360728.600000,1103475363.566622,273224405.161605,-1261788155.336331,-955546204.690714,928780539.611850,1265793382.435918,-234120429.952582,-551702482.718055,478762131.375454
868,1270360728.600000,1113225592.537570,300439038.172227,-1255944350.776918,-988927936.606320,881189918.968152,1269959535.067833,-143368319.315038,-653523780.955310,362077277.936428
869,1270360728.600000,1122701149.751111,327508381.530076,-1248600818.936117,-1020660402.433850,831086463.876929,1269602257.637212,-51868005.327694,-749924362.414286,241960947.316651
870,1270360728.600000,1131899697.255289,354419344.740915,-1239766328.749461,-1050690680.946341,778613051.242676,1264722822.719617,39902994.788363,-840104623.064378,119551505.474645
871,1270360728.600000,1140818965.446147,381158913.901744,-1229451429.510746,-1078968689.707924,723919316.230299,1255338610.225182,131465751.168918,-923316553.932963,-3990949.367511
872,1270360728.600000,1149456753.627723,407714157.994202,-1217668438.275090,-1105447268.597868,667161225.559864,1241483045.493646,222342420.721628,-998869945.538830,-127495581.201896
873,1270360728.600000,1157810930.555031,434072235.137892,-1204431425.151095,-1130082258.460969,608500632.745961,1223205480.237647,312058740.869516,-1066138112.902059,-249791912.476739
874,1270360728.600000,1165879434.959922,460220398.800617,-1189756196.499682,-1152832574.753205,548104816.550138,1200571016.758373,400146504.608489,-1124563093.643821,-369720916.940893
875,1270360728.600000,1173660276.059665,486146003.962463,-1173660276.059669,-1173660276.059665,486146003.962459,1173660276.059669,486146003.962454,-1173660276.059672,-486146003.962451
876,1270360728.600000,1181151534.048146,511836513.230836,-1156162884.022603,-1192530627.370664,422800879.072538,1142569110.686520,569608429.084144,-1213022418.778648,-597963790.220430
877,1270360728.600000,1188351360.569552,537279502.903433,-1137284914.081887,-1209412158.010395,358250079.230478,1107408263.310851,650098210.481210,-1242323028.666671,-704114556.684318
878,1270360728.600000,1195257979.174418,562462668.976226,-1117048908.483541,-1224276714.121570,292677679.934610,1068302972.280526,727195292.144385,-1261319068.955573,-803592291.778556
879,1270360728.600000,1201869685.757953,587373833.093578,-1095479031.108421,-1237099505.618475,226270669.914836,1025392525.536753,800497323.714579,-1269852975.135364,-895454225.551123
880,1270360728.600000,1208184848.980489,612000948.437583,-1072601038.618067,-1247859147.530189,159218417.908538,978829764.488605,869621760.248586,-1267853961.888413,-978829764.488570
881,1270360728.600000,1214201910.669998,636332105.553796,-1048442249.698586,-1256537695.664957,91712132.649490,928780539.611856,934207858.625364,-1255338610.225181,-1052928742.301231
882,1270360728.600000,1219919386.206541,660355538.110558,-1023031512.439308,-1263120676.536288,23944317.609838,875423119.711275,993918560.174017,-1232410729.951415,-1117048908.483524
883,1270360728.600000,1225335864.888583,684059628.589064,-996399169.885200,-1267597111.500836,-43891777.950071,818947556.950401,1048442249.698583,-1199260498.607556,-1170582583.679444
884,1270360728.600000,1230450010.281059,707432913.901507,-968577023.804119,-1269959535.067833,-111602710.058591,759555009.910520,1097494381.719687,-1156162884.022594,-1213022418.778648
885,1270360728.600000,1235260560.545116,730464090.934525,-939598296.712242,-1270204007.349517,-178995391.664870,697457027.090137,1140818965.446143,-1103475363.566629,-1243966203.163205
886,1270360728.600000,1239766328.749460,753142022.015282,-909497592.202938,-1268330120.631806,-245877643.253236,632874793.396747,1178189900.726759,-1041634959.019794,-1263120676.536283
887,1270360728.600000,1243966203.163205,775455740.297550,-878310853.626485,-1264341000.054263,-312058740.869521,566038342.315147,1209412158.010393,-971154611.652600,-1270304308.207366
888,1270360728.600000,1247859147.530188,797394455.065177,-846075321.170027,-1258243298.398192,-377349959.996706,497185736.558170,1234322796.156367,-892618927.584435,-1265449017.494070
889,1270360728.600000,1251444201.324634,818947556.950390,-812829487.388922,-1250047184.991594,-441565113.728852,426562220.118348,1252791812.783419,-806679328.711071,-1248600818.936118
890,1270360728.600000,1254720479.988164,840104623.064377,-778613051.242676,-1239766328.749457,-504521083.708757,354419344.740920,1264722822.719617,-714048649.422176,-1219919386.206541
891,1270360728.600000,1257687175.148043,860855422.037712,-743466870.690266,-1227417875.377683,-566038342.315147,281014073.929238,1270053561.012395,-615495223.926938,-1179676538.853056
892,1270360728.600000,1260343554.816631,881189918.968155,-707432913.901511,-1213022418.778652,-625941464.610437,206607867.674412,1268756207.873768,-511836513.230857,-1128253666.211001
893,1270360728.600000,1262688963.571994,901098280.273434,-670554209.142777,-1196603966.706122,-684059628.589072,131465751.168923,1260837533.864822,-403932324.625813,-1066138112.902081
894,1270360728.600000,1264722822.719616,920570878.446690,-632874793.396747,-1178189900.726759,-740227102.300060,55855370.821460,1246338864.561866,-292677679.934623,-993918560.174045
895,1270360728.600000,1266444630.435186,939598296.712245,-594439659.777728,-1157810930.555032,-794283716.454428,-19953959.064593,1225335864.888583,-178995391.664874,-912279446.853289
896,1270360728.600000,1267853961.888413,958171333.579473,-555294703.805231,-1135501042.837658,-846075321.170030,-95692215.553565,1197938144.239766,-63828408.650867,-821994482.784353
897,1270360728.600000,1268950469.347851,976281007.292567,-515486668.599966,-1111297444.473023,-895454225.551143,-171089628.863987,1164288684.457310,51868005.327685,-723919316.230318
898,1270360728.600000,1269733882.266690,993918560.174020,-475063089.067755,-1085240500.560051,-942279618.849444,-245877643.253227,1124563093.643833,167134195.074267,-618983424.726883
899,1270360728.600000,1270204007.349517,1011075462.859774,-434072235.137900,-1057373667.080076,-986417972.005233,-319789873.578114,1078968689.707929,281014073.929242,-508181306.241995
900,1270360728.600000,1270360728.600000,1027743418.423941,-392563054.123942,-1027743418.423939,-1027743418.423947,-392563054.123938,1027743418.423942,392563054.123917,-392563054.123968
901,1270360728.600000,1270204007.349517,1043914366.391121,-350585112.275506,-996399169.885194,-1066138112.902078,-463937976.322593,971154611.652603,500855881.756113,-273224405.161627
902,1270360728.600000,1269733882.266691,1059580486.634376,-308188535.591056,-963393195.248672,-1101492567.679038,-533660412.019686,909497592.202935,604994311.398775,-151296355.072323
903,1270360728.600000,1268950469.347851,1074734203.156977,-265423949.962305,-928780539.611847,-1133705964.656565,-601482019.001943,843094132.616566,704114556.684307,-27934439.834339
904,1270360728.600000,1267853961.888413,1089368187.756089,-222342420.721637,-892618927.584429,-1162686442.895432,-667161225.559864,772290775.917347,797394455.065173,95692215.553542
905,1270360728.600000,1266444630.435186,1103475363.566622,-178995391.664865,-854968667.019188,-1188351360.569555,-730464090.934525,697457027.090137,884060287.321073,218411977.098469
906,1270360728.600000,1264722822.719616,1117048908.483539,-135434623.622011,-815892548.434684,-1210627530.630565,-791165138.584049,618983424.726871,963393195.248672,339061805.617805
907,1270360728.600000,1262688963.571995,1130082258.460969,-91712132.649499,-775455740.297547,-1229451429.510746,-849048159.301635,537279502.903437,1034735144.301096,456498279.089057
908,1270360728.600000,1260343554.816632,1142569110.686522,-47880127.917651,-733725680.338981,-1244769378.269242,-903906981.324479,452771653.923871,1097494381.719696,569608429.084112
909,1270360728.600000,1257687175.148043,1154503426.629268,-3990949.367525,-690771963.086745,-1256537695.664957,-955546204.690708,365900903.085753,1151150344.885037,677320288.588513
910,1270360728.600000,1254720479.988164,1165879434.959922,39902994.788368,-646666223.800208,-1264722822.719616,-1003781897.228524,277120607.079687,1195257979.174408,778613051.242658
911,1270360728.600000,1251444201.324634,1176691634.341807,83749290.646896,-601482019.001947,-1269301418.415835,-1048442249.698581,186894088.034188,1229451429.510747,872526745.723286
912,1270360728.600000,1247859147.530188,1186934796.091249,127495581.201931,-555294703.805227,-1270260426.257233,-1089368187.756088,95692215.553565,1253447074.983283,958171333.579470
913,1270360728.600000,1243966203.163206,1196603966.706122,171089628.863982,-508181306.241962,-1267597111.500836,-1126413938.552821,3990949.367520,1267045881.368943,1034735144.301075
914,1270360728.600000,1239766328.749460,1205694470.261322,214479377.837312,-460220398.800621,-1261319068.955574,-1159447549.961000,-87731144.583682,1270135052.041051,1101492567.679022
915,1270360728.600000,1235260560.545117,1214201910.669998,257613016.279918,-411491967.388427,-1251444201.324634,-1188351360.569552,-178995391.664870,1262688963.571995,1157810930.555025
916,1270360728.600000,1230450010.281059,1222122173.809462,300439038.172223,-362077277.936389,-1238000668.153436,-1213022418.778651,-269325506.628959,1244769378.269244,1203156492.788943
917,1270360728.600000,1225335864.888584,1229451429.510745,342906304.820590,-312058740.869516,-1221026805.528811,-1233372849.499933,-358250079.230469,1216524931.881856,1237099505.618464
918,1270360728.600000,1219919386.206541,1236186133.410829,384964105.922182,-261519773.668400,-1200571016.758373,-1249330167.156043,-445305034.397472,1178189900.726758,1259318284.472193
919,1270360728.600000,1214201910.669998,1242323028.666672,426562220.118344,-210544661.751267,-1176691634.341807,-1260837533.864821,-530036054.123107,1130082258.460982,1269602257.637210
920,1270360728.600000,1208184848.980489,1247859147.530188,467650974.964054,-159218417.908543,-1149456753.627723,-1267853961.888413,-612000948.437567,1072601038.618079,1267853961.888415
921,1270360728.600000,1201869685.757953,1252791812.783419,508181306.241958,-107626640.524351,-1118944038.630376,-1270354459.626237,-690771963.086748,1006223024.785622,1254089966.166568
922,1270360728.600000,1195257979.174418,1257118639.033223,548104816.550135,-55855370.821446,-1085240500.560051,-1268330120.631807,-765938011.874536,931498795.877148,1228440714.551182
923,1270360728.600000,1188351360.569551,1260837533.864822,587373833.093570,-3990949.367516,-1048442249.698583,-1261788155.336331,-837106822.018729,849048159.301648,1191149290.016487
924,1270360728.600000,1181151534.048147,1263946698.853675,625941464.610425,47880127.917651,-1008654221.327668,-1250751865.366096,-903906981.324486,759555009.910527,1142569110.686532
925,1270360728.600000,1173660276.059665,1266444630.435185,663761657.365006,99671354.014127,-965989876.491437,-1235260560.545117,-965989876.491440,663761657.365010,1083160580.422497
926,1270360728.600000,1165879434.959923,1268330120.631807,700789250.140709,151296355.072314,-920570878.446683,-1215369418.878677,-1023031512.439300,562462668.976226,1013486725.485275
927,1270360728.600000,1157810930.555031,1269602257.637212,736980028.167185,202669034.461313,-872526745.723292,-1191149290.016479,-1074734203.156977,456498279.089095,934207858.625391
928,1270360728.600000,1149456753.627724,1270260426.257233,772290775.917328,253703716.354985,-821994482.784332,-1162686442.895427,-1120828125.251291,346747419.676596,846075321.170044
929,1270360728.600000,1140818965.446147,1270304308.207366,806679328.711071,304315288.616171,-769118189.338946,-1130082258.460972,-1161072726.087740,234120429.952604,749924362.414308
930,1270360728.600000,1131899697.255289,1269733882.266691,840104623.064374,354419344.740915,-714048649.422176,-1093452868.561373,-1195257979.174416,119551505.474645,646666223.800259
931,1270360728.600000,1122701149.751110,1268549424.288129,872526745.723292,403932324.625830,-656942901.413545,-1052928742.301254,-1223205480.237643,3990949.367539,537279502.903470
932,1270360728.600000,1113225592.537569,1266751507.065048,903906981.324476,452771653.923858,-597963790.220434,-1008654221.327674,-1244769378.269242,-111602710.058573,422800879.072571
933,1270360728.600000,1103475363.566621,1264341000.054264,934207858.625364,500855881.756130,-537279502.903433,-960787005.704007,-1259837136.686377,-226270669.914836,304315288.616184
934,1270360728.600000,1093452868.561370,1261319068.955574,963393195.248672,548104816.550143,-475063089.067742,-909497592.202938,-1268330120.631807,-339061805.617784,182945642.649351
935,1270360728.600000,1083160580.422489,1257687175.148043,991428140.887912,594439659.777728,-411491967.388427,-854968667.019195,-1270204007.349517,-449040560.085189,59842185.045306
936,1270360728.600000,1072601038.618066,1253447074.983286,1018279218.922271,639783137.369873,-346747419.676566,-797394455.065180,-1265449017.494068,-555294703.805231,-63828408.650826
937,1270360728.600000,1061776848.557040,1248600818.936117,1043914366.391116,684059628.589068,-281014073.929233,-736980028.167199,-1254089966.166561,-656942901.413525,-186894088.034143
938,1270360728.600000,1050690680.946339,1243150750.612954,1068302972.280523,727195292.144392,-214479377.837308,-673940574.626356,-1236186133.410833,-753142022.015264,-308188535.591035
939,1270360728.600000,1039345271.131938,1237099505.618474,1091415914.075951,769118189.338946,-147333064.252599,-608500632.745965,-1211830954.845753,-843094132.616546,-426562220.118340
940,1270360728.600000,1027743418.423940,1230450010.281060,1113225592.537568,809758404.044271,-79766610.138426,-540893291.055399,-1181151534.048152,-926053116.657596,-540893291.055362
941,1270360728.600000,1015887985.405903,1223205480.237646,1133705964.656563,849048159.301645,-11972690.546717,-471359358.079187,-1144307979.231056,-1001330862.749349,-650098210.481183
942,1270360728.600000,1003781897.228524,1215369418.878676,1152832574.753203,886921930.355877,55855370.821464,-400146504.608497,-1101492567.679031,-1068302972.280521,-753142022.015264
943,1270360728.600000,991428140.887915,1206945615.653886,1170582583.679449,923316553.932965,123524152.905048,-327508381.530080,-1052928742.301254,-1126413938.552804,-849048159.301601
944,1270360728.600000,978829764.488599,1197938144.239763,1186934796.091247,958171333.579476,190840688.849815,-253703716.354976,-998869945.538822,-1175181754.485475,-936907701.119158
945,1270360728.600000,965989876.491441,1188351360.569550,1201869685.757952,991428140.887918,257613016.279927,-178995391.664874,-939598296.712242,-1214201910.669999,-1015887985.405881
946,1270360728.600000,952911644.946676,1178189900.726758,1215369418.878675,1023031512.439313,323650724.705103,-103649508.758651,-875423119.711278,-1243150750.612948,-1085240500.560039
947,1270360728.600000,939598296.712242,1167458678.703195,1227417875.377683,1052928742.301259,388765498.502333,-27934439.834339,-806679328.711071,-1261788155.336328,-1144307979.231039
948,1270360728.600000,926053116.657607,1156162884.022601,1238000668.153434,1081069969.927289,452771653.923867,47880127.917642,-733725680.338988,-1269959535.067833,-1192530627.370648
949,1270360728.600000,912279446.853265,1144307979.231047,1247105160.258253,1107408263.310853,515486668.599970,123524152.905039,-656942901.413560,-1267597111.500837,-1229451429.510735
950,1270360728.600000,898280685.746144,1131899697.255288,1254720479.988163,1131899697.255288,576731702.026620,198728200.986651,-576731702.026612,-1254720479.988166,-1254720479.988159
951,1270360728.600000,884060287.321076,1118944038.630378,1260837533.864821,1154503426.629267,636332105.553808,273224405.161601,-493510684.337688,-1231436447.006526,-1268098299.069239
952,1270360728.600000,869621760.248591,1105447268.597861,1265449017.494068,1175181754.485474,694117920.420274,346747419.676566,-407714157.994202,-1197938144.239777,-1269458102.546009
953,1270360728.600000,854968667.019193,1091415914.075954,1268549424.288128,1193900194.929006,749924362.414297,419035365.152746,-319789873.578110,-1154503426.629267,-1258787003.294966
954,1270360728.600000,840104623.064379,1076856760.503189,1270135052.041050,1210627530.630563,803592291.778580,489830761.366010,-230196685.907889,-1101492567.679031,-1236186133.410837
955,1270360728.600000,825033295.864579,1061776848.557040,1270204007.349517,1225335864.888584,854968667.019195,558881444.357834,-139402159.390046,-1039345271.131952,-1201869685.757961
956,1270360728.600000,809758404.044264,1046183470.749100,1268756207.873767,1238000668.153436,903906981.324482,625941464.610425,-47880127.917642,-968577023.804130,-1156162884.022624
957,1270360728.600000,794283716.454425,1030084167.898504,1265793382.435918,1248600818.936117,950267680.349411,690771963.086752,43891777.950067,-889774819.829293,-1099498900.504517
958,1270360728.600000,778613051.242674,1013486725.485247,1261319068.955575,1257118639.033223,993918560.174017,753142022.015275,135434623.621993,-803592291.778587,-1032414750.858215
959,1270360728.600000,762750274.911167,996399169.885194,1255338610.225183,1263539923.009446,1034735144.301096,812829487.388915,226270669.914840,-710744289.041450,-955546204.690729
960,1270360728.600000,746699301.362601,978829764.488599,1247859147.530189,1267853961.888414,1072601038.618067,869621760.248586,315925866.254186,-612000948.437587,-869621760.248606
961,1270360728.600000,730464090.934527,960787005.704001,1238889612.121603,1270053561.012395,1107408263.310849,923316553.932959,403932324.625830,-508181306.241995,-775455740.297561
962,1270360728.600000,714048649.422182,942279618.849441,1228440714.551170,1270135052.041050,1139057560.783150,973722614.597129,489830761.366019,-400146504.608489,-673940574.626387
963,1270360728.600000,697457027.090133,923316553.932963,1216524931.881859,1268098299.069240,1167458678.703197,1020660402.433842,573172894.047910,-288792648.742391,-566038342.315175
964,1270360728.600000,680693317.672922,903906981.324483,1203156492.788950,1263946698.853675,1192530627.370665,1063962731.170862,653523780.955313,-175043374.068168,-452771653.923884
965,1270360728.600000,663761657.365006,884060287.321076,1188351360.569552,1257687175.148041,1214201910.669998,1103475363.566620,730464090.934529,-59842185.045283,-335213960.011932
966,1270360728.600000,646666223.800216,863786069.607844,1172127214.080760,1249330167.156042,1232410729.951409,1139057560.783150,803592291.778573,55855370.821437,-214479377.837325
967,1270360728.600000,629411235.020979,843094132.616559,1154503426.629269,1238889612.121602,1247105160.258255,1170582583.679453,872526745.723286,171089628.863973,-91712132.649530
968,1270360728.600000,612000948.437580,821994482.784332,1135501042.837665,1226382922.085298,1258243298.398193,1197938144.239762,936907701.119185,284904767.283324,31924286.357157
969,1270360728.600000,594439659.777725,800497323.714586,1115142753.514944,1211830954.845752,1265793382.435918,1221026805.528811,996399169.885189,396356735.306692,155258152.658049
970,1270360728.600000,576731702.026610,778613051.242676,1093452868.561370,1195257979.174419,1269733882.266690,1239766328.749459,1050690680.946328,504521083.708719,277120607.079630
971,1270360728.600000,558881444.357840,756352248.408573,1070457287.939933,1176691634.341805,1270053561.012395,1254089966.166560,1099498900.504499,608500632.745965,396356735.306658
972,1270360728.600000,540893291.055399,733725680.338985,1046183470.749100,1156162884.022599,1266751507.065048,1263946698.853674,1142569110.686522,707432913.901515,511836513.230808
973,1270360728.600000,522771680.426948,710744289.041443,1020660402.433850,1133705964.656561,1259837136.686376,1269301418.415834,1179676538.853046,800497323.714565,622465516.410304
974,1270360728.600000,504521083.708755,687419188.112843,993918560.174025,1109358328.351354,1249330167.156043,1270135052.041050,1210627530.630561,886921930.355858,727195292.144378
975,1270360728.600000,486146003.962463,663761657.365006,965989876.491446,1083160580.422488,1235260560.545117,1266444630.435186,1235260560.545113,965989876.491431,825033295.864546
976,1270360728.600000,467650974.964056,639783137.369869,936907701.119189,1055156411.674564,1217668438.275087,1258243298.398194,1253447074.983283,1037045325.325853,915052297.673732
977,1270360728.600000,449040560.085187,615495223.926918,906706761.178547,1025392525.536753,1196603966.706121,1245560268.004051,1265092163.081298,1099498900.504490,996399169.885177
978,1270360728.600000,430319351.167257,590909662.455557,875423119.711275,993918560.174014,1172127214.080756,1228440714.551172,1270135052.041050,1152832574.753203,1068302972.280513
979,1270360728.600000,411491967.388431,566038342.315147,843094132.616566,960787005.703998,1144307979.231047,1206945615.653888,1268549424.288129,1196603966.706107,1130082258.460963
980,1270360728.600000,392563054.123940,540893291.055399,809758404.044267,926053116.657602,1113225592.537566,1181151534.048147,1260343554.816634,1230450010.281049,1181151534.048128
981,1270360728.600000,373537281.799892,515486668.599966,775455740.297550,889774819.829278,1078968689.707920,1151150344.885050,1245560268.004048,1254089966.166560,1221026805.528801
982,1270360728.600000,354419344.740915,489830761.366011,740227102.300060,852012617.670696,1041634959.019786,1117048908.483541,1224276714.121568,1267327750.441516,1249330167.156037
983,1270360728.600000,335213960.011917,463937976.322601,704114556.684326,812829487.388919,1001330862.749355,1078968689.707924,1196603966.706124,1270053561.012396,1265793382.435913
984,1270360728.600000,315925866.254197,437820834.990817,667161225.559873,772290775.917325,958171333.579467,1037045325.325861,1162686442.895432,1262244788.377401,1270260426.257233
985,1270360728.600000,296559822.516282,411491967.388435,629411235.020981,730464090.934518,912279446.853260,991428140.887915,1122701149.751120,1243966203.163210,1262688963.571999
986,1270360728.600000,277120607.079676,384964105.922191,590909662.455553,687419188.112835,863786069.607841,942279618.849444,1076856760.503186,1215369418.878681,1243150750.612961
987,1270360728.600000,257613016.279922,358250079.230482,551702482.718072,643227854.784659,812829487.388919,889774819.829283,1025392525.536753,1176691634.341813,1211830954.845760
988,1270360728.600000,238041863.323146,331362805.979557,511836513.230845,597963790.220439,759555009.910512,834100759.066709,968577023.804122,1128253666.210994,1169026400.100639
989,1270360728.600000,218411977.098493,304315288.616158,471359358.079191,551702482.718072,704114556.684311,775455740.297557,906706761.178560,1070457287.939953,1115142753.514966
990,1270360728.600000,198728200.986658,277120607.079674,430319351.167265,504521083.708748,646666223.800212,714048649.422188,840104623.064371,1003781897.228524,1050690680.946362
991,1270360728.600000,178995391.664865,249791912.476769,388765498.502328,456498279.089095,587373833.093574,650098210.481214,769118189.338942,928780539.611874,976281007.292587
992,1270360728.600000,159218417.908543,222342420.721632,346747419.676571,407714157.994198,526406464.984667,583832206.589003,694117920.420271,846075321.170044,892618927.584451
993,1270360728.600000,139402159.390040,194785406.144894,304315288.616167,358250079.230478,463937976.322593,515486668.599966,615495223.926926,756352248.408591,800497323.714624
994,1270360728.600000,119551505.474627,167134195.074263,261519773.668405,308188535.591052,400146504.608484,445305034.397481,533660412.019702,660355538.110577,700789250.140751
995,1270360728.600000,99671354.014123,139402159.390038,218411977.098500,257613016.279922,335213960.011910,373537281.799896,449040560.085181,558881444.357854,594439659.777757
996,1270360728.600000,79766610.138433,111602710.058582,175043374.068146,206607867.674402,269325506.628950,300439038.172232,362077277.936393,452771653.923871,482456448.494150
997,1270360728.600000,59842185.045260,83749290.646901,131465751.168913,155258152.658063,202669034.461299,226270669.914844,273224405.161614,342906304.820599,365900903.085804
998,1270360728.600000,39902994.788370,55855370.821451,87731144.583700,103649508.758638,135434623.621998,151296355.072310,182945642.649351,230196685.907929,245877643.253281
999,1270360728.600000,19953959.064594,27934439.834335,43891777.950081,51868005.327680,67814002.295831,75783142.365727,91712132.649517,115577678.119115,123524152.905079
1000,1270360728.600000,0.000000,0.000000,0.000005,-0.000005,-0.000005,0.000005,-0.000005,0.000031,0.000031
1001,1270360728.600000,-19953959.064597,-27934439.834335,-43891777.950071,-51868005.327690,-67814002.295841,-75783142.365718,-91712132.649490,-115577678.119088,-123524152.905017
1002,1270360728.600000,-39902994.788370,-55855370.821455,-87731144.583691,-103649508.758647,-135434623.622007,-151296355.072300,-182945642.649324,-230196685.907867,-245877643.253183
1003,1270360728.600000,-59842185.045263,-83749290.646905,-131465751.168905,-155258152.658080,-202669034.461309,-226270669.914836,-273224405.161588,-342906304.820573,-365900903.085710
1004,1270360728.600000,-79766610.138431,-111602710.058587,-175043374.068137,-206607867.674421,-269325506.628959,-300439038.172223,-362077277.936402,-452771653.923846,-482456448.494092
1005,1270360728.600000,-99671354.014121,-139402159.390042,-218411977.098491,-257613016.279931,-335213960.011919,-373537281.799887,-449040560.085189,-558881444.357830,-594439659.777700
1006,1270360728.600000,-119551505.474624,-167134195.074263,-261519773.668396,-308188535.591061,-400146504.608493,-445305034.397472,-533660412.019678,-660355538.110554,-700789250.140667
1007,1270360728.600000,-139402159.390038,-194785406.144894,-304315288.616158,-358250079.230478,-463937976.322601,-515486668.599958,-615495223.926902,-756352248.408540,-800497323.714548
1008,1270360728.600000,-159218417.908545,-222342420.721632,-346747419.676561,-407714157.994198,-526406464.984675,-583832206.588994,-694117920.420248,-846075321.170023,-892618927.584406
1009,1270360728.600000,-178995391.664865,-249791912.476769,-388765498.502320,-456498279.089103,-587373833.093582,-650098210.481206,-769118189.338921,-928780539.611831,-976281007.292546
1010,1270360728.600000,-198728200.986660,-277120607.079678,-430319351.167257,-504521083.708757,-646666223.800220,-714048649.422180,-840104623.064378,-1003781897.228507,-1050690680.946306
1011,1270360728.600000,-218411977.098493,-304315288.616163,-471359358.079183,-551702482.718072,-704114556.684318,-775455740.297550,-906706761.178541,-1070457287.939919,-1115142753.514918
1012,1270360728.600000,-238041863.323148,-331362805.979557,-511836513.230836,-597963790.220439,-759555009.910520,-834100759.066702,-968577023.804127,-1128253666.210982,-1169026400.100614
1013,1270360728.600000,-257613016.279922,-358250079.230478,-551702482.718063,-643227854.784667,-812829487.388926,-889774819.829278,-1025392525.536759,-1176691634.341802,-1211830954.845741
1014,1270360728.600000,-277120607.079678,-384964105.922187,-590909662.455545,-687419188.112843,-863786069.607847,-942279618.849438,-1076856760.503191,-1215369418.878674,-1243150750.612948
1015,1270360728.600000,-296559822.516280,-411491967.388431,-629411235.020973,-730464090.934532,-912279446.853267,-991428140.887915,-1122701149.751107,-1243966203.163205,-1262688963.571992
1016,1270360728.600000,-315925866.254197,-437820834.990813,-667161225.559864,-772290775.917340,-958171333.579473,-1037045325.325855,-1162686442.895421,-1262244788.377394,-1270260426.257232
1017,1270360728.600000,-335213960.011915,-463937976.322601,-704114556.684318,-812829487.388926,-1001330862.749361,-1078968689.707920,-1196603966.706115,-1270053561.012394,-1265793382.435921
1018,1270360728.600000,-354419344.740913,-489830761.366011,-740227102.300053,-852012617.670703,-1041634959.019792,-1117048908.483537,-1224276714.121570,-1267327750.441520,-1249330167.156055
1019,1270360728.600000,-373537281.799892,-515486668.599966,-775455740.297543,-889774819.829283,-1078968689.707924,-1151150344.885046,-1245560268.004049,-1254089966.166564,-1221026805.528828
1020,1270360728.600000,-392563054.123943,-540893291.055399,-809758404.044260,-926053116.657608,-1113225592.537570,-1181151534.048143,-1260343554.816630,-1230450010.281064,-1181151534.048165
1021,1270360728.600000,-411491967.388431,-566038342.315143,-843094132.616559,-960787005.704010,-1144307979.231050,-1206945615.653885,-1268549424.288130,-1196603966.706128,-1130082258.460988
1022,1270360728.600000,-430319351.167257,-590909662.455553,-875423119.711269,-993918560.174025,-1172127214.080760,-1228440714.551170,-1270135052.041050,-1152832574.753211,-1068302972.280543
1023,1270360728.600000,-449040560.085189,-615495223.926914,-906706761.178541,-1025392525.536759,-1196603966.706124,-1245560268.004049,-1265092163.081297,-1099498900.504499,-996399169.885211
1024,1270360728.600000,-467650974.964059,-639783137.369869,-936907701.119182,-1055156411.674569,-1217668438.275090,-1258243298.398192,-1253447074.983287,-1037045325.325863,-915052297.673794
1025,1270360728.600000,-486146003.962463,-663761657.365006,-965989876.491440,-1083160580.422492,-1235260560.545117,-1266444630.435185,-1235260560.545120,-965989876.491466,-825033295.864615
1026,1270360728.600000,-504521083.708752,-687419188.112843,-993918560.174020,-1109358328.351354,-1249330167.156045,-1270135052.041050,-1210627530.630569,-886921930.355896,-727195292.144422
1027,1270360728.600000,-522771680.426948,-710744289.041443,-1020660402.433844,-1133705964.656561,-1259837136.686377,-1269301418.415835,-1179676538.853042,-800497323.714607,-622465516.410351
1028,1270360728.600000,-540893291.055399,-733725680.338981,-1046183470.749095,-1156162884.022603,-1266751507.065048,-1263946698.853675,-1142569110.686522,-707432913.901530,-511836513.230857
1029,1270360728.600000,-558881444.357838,-756352248.408569,-1070457287.939928,-1176691634.341809,-1270053561.012395,-1254089966.166561,-1099498900.504499,-608500632.745981,-396356735.306744
1030,1270360728.600000,-576731702.026608,-778613051.242672,-1093452868.561366,-1195257979.174419,-1269733882.266690,-1239766328.749461,-1050690680.946328,-504521083.708769,-277120607.079718
1031,1270360728.600000,-594439659.777725,-800497323.714583,-1115142753.514940,-1211830954.845752,-1265793382.435918,-1221026805.528813,-996399169.885189,-396356735.306709,-155258152.658103
1032,1270360728.600000,-612000948.437583,-821994482.784332,-1135501042.837660,-1226382922.085300,-1258243298.398192,-1197938144.239765,-936907701.119185,-284904767.283341,-31924286.357247
1033,1270360728.600000,-629411235.020981,-843094132.616559,-1154503426.629265,-1238889612.121603,-1247105160.258253,-1170582583.679456,-872526745.723299,-171089628.863991,91712132.649440
1034,1270360728.600000,-646666223.800216,-863786069.607844,-1172127214.080756,-1249330167.156045,-1232410729.951406,-1139057560.783154,-803592291.778587,-55855370.821491,214479377.837272
1035,1270360728.600000,-663761657.365006,-884060287.321076,-1188351360.569548,-1257687175.148044,-1214201910.669995,-1103475363.566624,-730464090.934544,59842185.045229,335213960.011880
1036,1270360728.600000,-680693317.672922,-903906981.324479,-1203156492.788947,-1263946698.853676,-1192530627.370662,-1063962731.170867,-653523780.955313,175043374.068114,452771653.923833
1037,1270360728.600000,-697457027.090133,-923316553.932963,-1216524931.881856,-1268098299.069240,-1167458678.703193,-1020660402.433847,-573172894.047910,288792648.742373,566038342.315094
1038,1270360728.600000,-714048649.422180,-942279618.849441,-1228440714.551168,-1270135052.041050,-1139057560.783146,-973722614.597135,-489830761.366019,400146504.608471,673940574.626310
1039,1270360728.600000,-730464090.934525,-960787005.704004,-1238889612.121602,-1270053561.012395,-1107408263.310844,-923316553.932965,-403932324.625813,508181306.241946,775455740.297518
1040,1270360728.600000,-746699301.362601,-978829764.488602,-1247859147.530187,-1267853961.888412,-1072601038.618063,-869621760.248593,-315925866.254186,612000948.437539,869621760.248566
1041,1270360728.600000,-762750274.911167,-996399169.885197,-1255338610.225182,-1263539923.009445,-1034735144.301091,-812829487.388922,-226270669.914840,710744289.041435,955546204.690694
1042,1270360728.600000,-778613051.242676,-1013486725.485250,-1261319068.955574,-1257118639.033222,-993918560.174011,-753142022.015289,-135434623.622011,803592291.778573,1032414750.858184
1043,1270360728.600000,-794283716.454425,-1030084167.898504,-1265793382.435917,-1248600818.936115,-950267680.349405,-690771963.086760,-43891777.950085,889774819.829255,1099498900.504472
1044,1270360728.600000,-809758404.044264,-1046183470.749100,-1268756207.873766,-1238000668.153434,-903906981.324476,-625941464.610433,47880127.917624,968577023.804095,1156162884.022586
1045,1270360728.600000,-825033295.864581,-1061776848.557040,-1270204007.349517,-1225335864.888584,-854968667.019188,-558881444.357842,139402159.390046,1039345271.131921,1201869685.757929
1046,1270360728.600000,-840104623.064381,-1076856760.503191,-1270135052.041051,-1210627530.630561,-803592291.778566,-489830761.366010,230196685.907889,1101492567.679022,1236186133.410814
1047,1270360728.600000,-854968667.019192,-1091415914.075956,-1268549424.288129,-1193900194.929003,-749924362.414282,-419035365.152754,319789873.578110,1154503426.629259,1258787003.294953
1048,1270360728.600000,-869621760.248590,-1105447268.597863,-1265449017.494069,-1175181754.485474,-694117920.420267,-346747419.676575,407714157.994185,1197938144.239756,1269458102.546007
1049,1270360728.600000,-884060287.321076,-1118944038.630381,-1260837533.864823,-1154503426.629267,-636332105.553800,-273224405.161610,493510684.337705,1231436447.006510,1268098299.069242
1050,1270360728.600000,-898280685.746144,-1131899697.255288,-1254720479.988164,-1131899697.255288,-576731702.026612,-198728200.986660,576731702.026612,1254720479.988161,1254720479.988169
1051,1270360728.600000,-912279446.853263,-1144307979.231047,-1247105160.258255,-1107408263.310849,-515486668.599962,-123524152.905048,656942901.413545,1267597111.500836,1229451429.510760
1052,1270360728.600000,-926053116.657606,-1156162884.022601,-1238000668.153436,-1081069969.927284,-452771653.923858,-47880127.917651,733725680.338973,1269959535.067834,1192530627.370682
1053,1270360728.600000,-939598296.712242,-1167458678.703195,-1227417875.377686,-1052928742.301249,-388765498.502324,27934439.834330,806679328.711057,1261788155.336335,1144307979.231066
1054,1270360728.600000,-952911644.946673,-1178189900.726759,-1215369418.878680,-1023031512.439303,-323650724.705094,103649508.758642,875423119.711278,1243150750.612961,1085240500.560072
1055,1270360728.600000,-965989876.491440,-1188351360.569552,-1201869685.757956,-991428140.887912,-257613016.279918,178995391.664856,939598296.712242,1214201910.670007,1015887985.405919
1056,1270360728.600000,-978829764.488599,-1197938144.239764,-1186934796.091251,-958171333.579470,-190840688.849806,253703716.354967,998869945.538822,1175181754.485486,936907701.119225
1057,1270360728.600000,-991428140.887918,-1206945615.653888,-1170582583.679453,-923316553.932959,-123524152.905039,327508381.530071,1052928742.301244,1126413938.552834,849048159.301676
1058,1270360728.600000,-1003781897.228524,-1215369418.878676,-1152832574.753203,-886921930.355870,-55855370.821455,400146504.608489,1101492567.679022,1068302972.280536,753142022.015314
1059,1270360728.600000,-1015887985.405903,-1223205480.237646,-1133705964.656567,-849048159.301631,11972690.546726,471359358.079187,1144307979.231048,1001330862.749366,650098210.481268
1060,1270360728.600000,-1027743418.423942,-1230450010.281059,-1113225592.537573,-809758404.044257,79766610.138435,540893291.055390,1181151534.048142,926053116.657614,540893291.055452
1061,1270360728.600000,-1039345271.131939,-1237099505.618474,-1091415914.075956,-769118189.338938,147333064.252608,608500632.745957,1211830954.845745,843094132.616593,426562220.118399
1062,1270360728.600000,-1050690680.946339,-1243150750.612954,-1068302972.280528,-727195292.144385,214479377.837317,673940574.626348,1236186133.410822,753142022.015314,308188535.591096
1063,1270360728.600000,-1061776848.557040,-1248600818.936117,-1043914366.391121,-684059628.589060,281014073.929242,736980028.167192,1254089966.166560,656942901.413579,186894088.034206
1064,1270360728.600000,-1072601038.618068,-1253447074.983286,-1018279218.922277,-639783137.369873,346747419.676575,797394455.065173,1265449017.494067,555294703.805256,63828408.650926
1065,1270360728.600000,-1083160580.422488,-1257687175.148043,-991428140.887918,-594439659.777721,411491967.388435,854968667.019188,1270204007.349516,449040560.085214,-59842185.045207
1066,1270360728.600000,-1093452868.561370,-1261319068.955573,-963393195.248672,-548104816.550135,475063089.067751,909497592.202932,1268330120.631808,339061805.617845,-182945642.649288
1067,1270360728.600000,-1103475363.566622,-1264341000.054263,-934207858.625370,-500855881.756130,537279502.903441,960787005.704001,1259837136.686380,226270669.914862,-304315288.616123
1068,1270360728.600000,-1113225592.537570,-1266751507.065048,-903906981.324482,-452771653.923858,597963790.220442,1008654221.327663,1244769378.269244,111602710.058600,-422800879.072512
1069,1270360728.600000,-1122701149.751110,-1268549424.288129,-872526745.723299,-403932324.625830,656942901.413553,1052928742.301249,1223205480.237650,-3990949.367511,-537279502.903379
1070,1270360728.600000,-1131899697.255288,-1269733882.266691,-840104623.064387,-354419344.740915,714048649.422184,1093452868.561368,1195257979.174425,-119551505.474582,-646666223.800173
1071,1270360728.600000,-1140818965.446147,-1270304308.207366,-806679328.711078,-304315288.616154,769118189.338946,1130082258.460968,1161072726.087759,-234120429.952542,-749924362.414257
1072,1270360728.600000,-1149456753.627724,-1270260426.257233,-772290775.917336,-253703716.354967,821994482.784339,1162686442.895427,1120828125.251295,-346747419.676536,-846075321.169969
1073,1270360728.600000,-1157810930.555030,-1269602257.637212,-736980028.167192,-202669034.461304,872526745.723299,1191149290.016476,1074734203.156981,-456498279.089069,-934207858.625324
1074,1270360728.600000,-1165879434.959922,-1268330120.631807,-700789250.140717,-151296355.072305,920570878.446690,1215369418.878672,1023031512.439316,-562462668.976202,-1013486725.485215
1075,1270360728.600000,-1173660276.059665,-1266444630.435186,-663761657.365014,-99671354.014118,965989876.491443,1235260560.545117,965989876.491458,-663761657.364987,-1083160580.422464
1076,1270360728.600000,-1181151534.048147,-1263946698.853675,-625941464.610433,-47880127.917642,1008654221.327674,1250751865.366093,903906981.324505,-759555009.910506,-1142569110.686505
1077,1270360728.600000,-1188351360.569550,-1260837533.864822,-587373833.093578,3990949.367525,1048442249.698589,1261788155.336329,837106822.018736,-849048159.301601,-1191149290.016465
1078,1270360728.600000,-1195257979.174417,-1257118639.033223,-548104816.550143,55855370.821464,1085240500.560056,1268330120.631806,765938011.874543,-931498795.877129,-1228440714.551156
1079,1270360728.600000,-1201869685.757954,-1252791812.783419,-508181306.241971,107626640.524369,1118944038.630381,1270354459.626237,690771963.086771,-1006223024.785583,-1254089966.166552
1080,1270360728.600000,-1208184848.980489,-1247859147.530189,-467650974.964062,159218417.908552,1149456753.627727,1267853961.888413,612000948.437575,-1072601038.618045,-1267853961.888411
1081,1270360728.600000,-1214201910.669998,-1242323028.666673,-426562220.118353,210544661.751276,1176691634.341811,1260837533.864822,530036054.123115,-1130082258.460953,-1269602257.637214
1082,1270360728.600000,-1219919386.206541,-1236186133.410830,-384964105.922186,261519773.668409,1200571016.758375,1249330167.156047,445305034.397481,-1178189900.726747,-1259318284.472207
1083,1270360728.600000,-1225335864.888584,-1229451429.510745,-342906304.820595,312058740.869525,1221026805.528813,1233372849.499933,358250079.230495,-1216524931.881849,-1237099505.618486
1084,1270360728.600000,-1230450010.281059,-1222122173.809462,-300439038.172236,362077277.936398,1238000668.153438,1213022418.778656,269325506.628984,-1244769378.269238,-1203156492.788963
1085,1270360728.600000,-1235260560.545117,-1214201910.669996,-257613016.279927,411491967.388435,1251444201.324635,1188351360.569548,178995391.664897,-1262688963.571992,-1157810930.555047
1086,1270360728.600000,-1239766328.749460,-1205694470.261321,-214479377.837325,460220398.800621,1261319068.955575,1159447549.961008,87731144.583691,-1270135052.041049,-1101492567.679067
1087,1270360728.600000,-1243966203.163207,-1196603966.706122,-171089628.863991,508181306.241962,1267597111.500836,1126413938.552825,-3990949.367511,-1267045881.368945,-1034735144.301128
1088,1270360728.600000,-1247859147.530188,-1186934796.091249,-127495581.201936,555294703.805227,1270260426.257233,1089368187.756092,-95692215.553556,-1253447074.983293,-958171333.579506
1089,1270360728.600000,-1251444201.324634,-1176691634.341807,-83749290.646909,601482019.001947,1269301418.415834,1048442249.698586,-186894088.034179,-1229451429.510754,-872526745.723325
1090,1270360728.600000,-1254720479.988164,-1165879434.959922,-39902994.788372,646666223.800223,1264722822.719615,1003781897.228524,-277120607.079678,-1195257979.174429,-778613051.242701
1091,1270360728.600000,-1257687175.148043,-1154503426.629267,3990949.367516,690771963.086760,1256537695.664955,955546204.690708,-365900903.085744,-1151150344.885060,-677320288.588590
1092,1270360728.600000,-1260343554.816631,-1142569110.686520,47880127.917642,733725680.338988,1244769378.269240,903906981.324492,-452771653.923846,-1097494381.719705,-569608429.084192
1093,1270360728.600000,-1262688963.571995,-1130082258.460968,91712132.649494,775455740.297554,1229451429.510742,849048159.301635,-537279502.903412,-1034735144.301107,-456498279.089141
1094,1270360728.600000,-1264722822.719616,-1117048908.483539,135434623.621993,815892548.434691,1210627530.630562,791165138.584064,-618983424.726848,-963393195.248684,-339061805.617892
1095,1270360728.600000,-1266444630.435185,-1103475363.566622,178995391.664856,854968667.019195,1188351360.569552,730464090.934532,-697457027.090129,-884060287.321112,-218411977.098558
1096,1270360728.600000,-1267853961.888413,-1089368187.756089,222342420.721628,892618927.584441,1162686442.895429,667161225.559873,-772290775.917325,-797394455.065187,-95692215.553632
1097,1270360728.600000,-1268950469.347851,-1074734203.156977,265423949.962297,928780539.611859,1133705964.656561,601482019.001951,-843094132.616546,-704114556.684352,27934439.834285
1098,1270360728.600000,-1269733882.266691,-1059580486.634374,308188535.591056,963393195.248678,1101492567.679034,533660412.019686,-909497592.202941,-604994311.398791,151296355.072269
1099,1270360728.600000,-1270204007.349517,-1043914366.391119,350585112.275492,996399169.885200,1066138112.902074,463937976.322601,-971154611.652597,-500855881.756163,273224405.161539
1100,1270360728.600000,-1270360728.600000,-1027743418.423939,392563054.123934,1027743418.423944,1027743418.423942,392563054.123938,-1027743418.423936,-392563054.123968,392563054.123882
1101,1270360728.600000,-1270204007.349517,-1011075462.859772,434072235.137892,1057373667.080081,986417972.005227,319789873.578132,-1078968689.707915,-281014073.929259,508181306.241913
1102,1270360728.600000,-1269733882.266690,-993918560.174020,475063089.067742,1085240500.560056,942279618.849438,245877643.253245,-1124563093.643821,-167134195.074285,618983424.726836
1103,1270360728.600000,-1268950469.347851,-976281007.292567,515486668.599962,1111297444.473028,895454225.551136,171089628.863996,-1164288684.457299,-51868005.327703,723919316.230273
1104,1270360728.600000,-1267853961.888413,-958171333.579473,555294703.805219,1135501042.837662,846075321.170023,95692215.553583,-1197938144.239763,63828408.650813,821994482.784311
1105,1270360728.600000,-1266444630.435185,-939598296.712242,594439659.777721,1157810930.555032,794283716.454421,19953959.064602,-1225335864.888581,178995391.664856,912279446.853226
1106,1270360728.600000,-1264722822.719616,-920570878.446687,632874793.396743,1178189900.726759,740227102.300053,-55855370.821451,-1246338864.561861,292677679.934570,993918560.173989
1107,1270360728.600000,-1262688963.571994,-901098280.273431,670554209.142770,1196603966.706122,684059628.589064,-131465751.168913,-1260837533.864823,403932324.625796,1066138112.902051
1108,1270360728.600000,-1260343554.816631,-881189918.968152,707432913.901507,1213022418.778652,625941464.610429,-206607867.674394,-1268756207.873767,511836513.230808,1128253666.210959
1109,1270360728.600000,-1257687175.148043,-860855422.037715,743466870.690255,1227417875.377688,566038342.315139,-281014073.929238,-1270053561.012395,615495223.926890,1179676538.853019
1110,1270360728.600000,-1254720479.988164,-840104623.064381,778613051.242665,1239766328.749461,504521083.708748,-354419344.740920,-1264722822.719618,714048649.422161,1219919386.206524
1111,1270360728.600000,-1251444201.324634,-818947556.950394,812829487.388915,1250047184.991596,441565113.728844,-426562220.118340,-1252791812.783423,806679328.711057,1248600818.936107
1112,1270360728.600000,-1247859147.530188,-797394455.065180,846075321.170020,1258243298.398193,377349959.996697,-497185736.558154,-1234322796.156373,892618927.584422,1265449017.494064
1113,1270360728.600000,-1243966203.163207,-775455740.297550,878310853.626482,1264341000.054264,312058740.869512,-566038342.315139,-1209412158.010396,971154611.652565,1270304308.207367
1114,1270360728.600000,-1239766328.749460,-753142022.015282,909497592.202932,1268330120.631807,245877643.253227,-632874793.396739,-1178189900.726763,1041634959.019784,1263120676.536294
1115,1270360728.600000,-1235260560.545116,-730464090.934525,939598296.712236,1270204007.349517,178995391.664861,-697457027.090129,-1140818965.446155,1103475363.566602,1243966203.163218
1116,1270360728.600000,-1230450010.281059,-707432913.901507,968577023.804113,1269959535.067833,111602710.058582,-759555009.910520,-1097494381.719705,1156162884.022586,1213022418.778667
1117,1270360728.600000,-1225335864.888584,-684059628.589068,996399169.885194,1267597111.500836,43891777.950062,-818947556.950380,-1048442249.698583,1199260498.607535,1170582583.679469
1118,1270360728.600000,-1219919386.206541,-660355538.110562,1023031512.439303,1263120676.536286,-23944317.609846,-875423119.711262,-993918560.174023,1232410729.951400,1117048908.483571
1119,1270360728.600000,-1214201910.669998,-636332105.553800,1048442249.698578,1256537695.664955,-91712132.649499,-928780539.611856,-934207858.625376,1255338610.225177,1052928742.301286
1120,1270360728.600000,-1208184848.980489,-612000948.437583,1072601038.618063,1247859147.530187,-159218417.908548,-978829764.488605,-869621760.248606,1267853961.888411,978829764.488634
1121,1270360728.600000,-1201869685.757954,-587373833.093578,1095479031.108417,1237099505.618471,-226270669.914844,-1025392525.536748,-800497323.714607,1269852975.135365,895454225.551194
1122,1270360728.600000,-1195257979.174419,-562462668.976226,1117048908.483539,1224276714.121568,-292677679.934618,-1068302972.280521,-727195292.144392,1261319068.955581,803592291.778633
1123,1270360728.600000,-1188351360.569550,-537279502.903433,1137284914.081885,1209412158.010395,-358250079.230486,-1107408263.310847,-650098210.481217,1242323028.666684,704114556.684371
1124,1270360728.600000,-1181151534.048145,-511836513.230841,1156162884.022597,1192530627.370664,-422800879.072546,-1142569110.686520,-569608429.084160,1213022418.778667,597963790.220486
1125,1270360728.600000,-1173660276.059665,-486146003.962467,1173660276.059664,1173660276.059665,-486146003.962467,-1173660276.059665,-486146003.962488,1173660276.059682,486146003.962509
1126,1270360728.600000,-1165879434.959922,-460220398.800621,1189756196.499678,1152832574.753205,-548104816.550147,-1200571016.758373,-400146504.608523,1124563093.643850,369720916.940987
1127,1270360728.600000,-1157810930.555030,-434072235.137896,1204431425.151092,1130082258.460969,-608500632.745969,-1223205480.237643,-312058740.869525,1066138112.902093,249791912.476836
1128,1270360728.600000,-1149456753.627723,-407714157.994202,1217668438.275089,1105447268.597859,-667161225.559873,-1241483045.493642,-222342420.721645,998869945.538847,127495581.201995
1129,1270360728.600000,-1140818965.446147,-381158913.901744,1229451429.510743,1078968689.707920,-723919316.230307,-1255338610.225180,-131465751.168936,923316553.932981,3990949.367574
1130,1270360728.600000,-1131899697.255288,-354419344.740915,1239766328.749459,1050690680.946336,-778613051.242683,-1264722822.719615,-39902994.788399,840104623.064398,-119551505.474582
1131,1270360728.600000,-1122701149.751110,-327508381.530080,1248600818.936115,1020660402.433844,-831086463.876936,-1269602257.637211,51868005.327685,749924362.414337,-241960947.316589
1132,1270360728.600000,-1113225592.537570,-300439038.172232,1255944350.776917,988927936.606315,-881189918.968158,-1269959535.067834,143368319.315029,653523780.955364,-362077277.936333
1133,1270360728.600000,-1103475363.566622,-273224405.161610,1261788155.336331,955546204.690708,-928780539.611856,-1265793382.435918,234120429.952564,551702482.718112,-478762131.375362
1134,1270360728.600000,-1093452868.561370,-245877643.253231,1266125254.508104,920570878.446680,-973722614.597138,-1257118639.033226,323650724.705068,445305034.397515,-590909662.455513
1135,1270360728.600000,-1083160580.422487,-218411977.098491,1268950469.347851,884060287.321070,-1015887985.405909,-1243966203.163205,411491967.388401,335213960.011953,-697457027.090069
1136,1270360728.600000,-1072601038.618067,-190840688.849806,1270260426.257233,846075321.170016,-1055156411.674569,-1226382922.085299,497185736.558125,222342420.721667,-797394455.065128
1137,1270360728.600000,-1061776848.557039,-163177111.737508,1270053561.012395,806679328.711068,-1091415914.075958,-1204431425.151098,580284817.896234,107626640.524391,-889774819.829238
1138,1270360728.600000,-1050690680.946339,-135434623.622002,1268330120.631807,765938011.874529,-1124563093.643837,-1178189900.726763,660355538.110543,-7981859.345959,-973722614.597098
1139,1270360728.600000,-1039345271.131939,-107626640.524360,1265092163.081299,723919316.230299,-1154503426.629272,-1147751817.696299,736980028.167199,-123524152.905017,-1048442249.698561
1140,1270360728.600000,-1027743418.423941,-79766610.138431,1260343554.816632,680693317.672910,-1181151534.048150,-1113225592.537573,809758404.044264,-238041863.323093,-1113225592.537536
1141,1270360728.600000,-1015887985.405903,-51868005.327685,1254089966.166560,636332105.553796,-1204431425.151093,-1074734203.156979,878310853.626475,-350585112.275453,-1167458678.703171
1142,1270360728.600000,-1003781897.228524,-23944317.609838,1246338864.561866,590909662.455553,-1224276714.121568,-1032414750.858194,942279618.849429,-460220398.800575,-1210627530.630546
1143,1270360728.600000,-991428140.887918,3990949.367525,1237099505.618475,544501740.808945,-1240630809.384166,-986417972.005230,1001330862.749341,-566038342.315107,-1242323028.666663
1144,1270360728.600000,-978829764.488599,31924286.357188,1226382922.085302,497185736.558162,-1253447074.983286,-936907701.119197,1055156411.674547,-667161225.559834,-1262244788.377394
1145,1270360728.600000,-965989876.491440,59842185.045265,1214201910.669999,449040560.085189,-1262688963.571995,-884060287.321073,1103475363.566620,-762750274.911138,-1270204007.349516
1146,1270360728.600000,-952911644.946673,87731144.583686,1200571016.758373,400146504.608484,-1268330120.631807,-828063966.199272,1146035553.917788,-852012617.670676,-1266125254.508110
1147,1270360728.600000,-939598296.712242,115577678.119115,1185506517.045697,350585112.275497,-1270354459.626237,-769118189.338953,1182614871.754447,-934207858.625349,-1250047184.991604
1148,1270360728.600000,-926053116.657605,143368319.315038,1169026400.100632,300439038.172223,-1268756207.873767,-707432913.901515,1213022418.778652,-1008654221.327655,-1222122173.809483
1149,1270360728.600000,-912279446.853263,171089628.863986,1151150344.885046,249791912.476765,-1263539923.009445,-643227854.784671,1237099505.618472,-1074734203.156948,-1182614871.754483
1150,1270360728.600000,-898280685.746144,198728200.986660,1131899697.255294,198728200.986656,-1254720479.988164,-576731702.026612,1254720479.988161,-1131899697.255265,-1131899697.255316
1151,1270360728.600000,-884060287.321076,226270669.914844,1111297444.473030,147333064.252603,-1242323028.666671,-508181306.241962,1265793382.435916,-1179676538.853027,-1070457287.939960
1152,1270360728.600000,-869621760.248590,253703716.354976,1089368187.756092,95692215.553574,-1226382922.085299,-437820834.990812,1270260426.257232,-1217668438.275077,-998869945.538855
1153,1270360728.600000,-854968667.019192,281014073.929233,1066138112.902074,43891777.950062,-1206945615.653886,-365900903.085765,1268098299.069242,-1245560268.004042,-917816117.297518
1154,1270360728.600000,-840104623.064381,308188535.591052,1041634959.019786,-7981859.345995,-1184066537.529426,-292677679.934623,1259318284.472200,-1263120676.536283,-828063966.199327
1155,1270360728.600000,-825033295.864580,335213960.011915,1015887985.405909,-59842185.045269,-1157810930.555028,-218411977.098486,1243966203.163210,-1270204007.349516,-730464090.934573
1156,1270360728.600000,-809758404.044264,362077277.936393,988927936.606320,-111602710.058591,-1128253666.210989,-143368319.315029,1222122173.809470,-1266751507.065050,-625941464.610472
1157,1270360728.600000,-794283716.454425,388765498.502324,960787005.704004,-163177111.737517,-1095479031.108417,-67814002.295845,1193900194.929005,-1252791812.783423,-515486668.600036
1158,1270360728.600000,-778613051.242676,415265715.523072,931498795.877141,-214479377.837321,-1059580486.634374,7981859.345981,1159447549.961008,-1228440714.551185,-400146504.608557
1159,1270360728.600000,-762750274.911167,441565113.728847,901098280.273434,-265423949.962310,-1020660402.433842,83749290.646900,1118944038.630387,-1193900194.929022,-281014073.929295
1160,1270360728.600000,-746699301.362601,467650974.964058,869621760.248597,-315925866.254208,-978829764.488596,159218417.908525,1072601038.618079,-1149456753.627743,-159218417.908596
1161,1270360728.600000,-730464090.934529,493510684.337692,837106822.018736,-365900903.085753,-934207858.625364,234120429.952582,1020660402.433866,-1095479031.108440,-35913817.800264
1162,1270360728.600000,-714048649.422184,519131736.323783,803592291.778577,-415265715.523072,-886921930.355870,308188535.591056,963393195.248699,-1032414750.858215,87731144.583614
1163,1270360728.600000,-697457027.090133,544501740.808945,769118189.338949,-463937976.322601,-837106822.018726,381158913.901731,901098280.273440,-960787005.704025,210544661.751205
1164,1270360728.600000,-680693317.672922,569608429.084144,733725680.338985,-511836513.230836,-784904588.257945,452771653.923850,834100759.066723,-881189918.968175,331362805.979500
1165,1270360728.600000,-663761657.365010,594439659.777725,697457027.090137,-558881444.357846,-730464090.934521,522771680.426940,762750274.911189,-794283716.454446,449040560.085143
1166,1270360728.600000,-646666223.800216,618983424.726875,660355538.110570,-604994311.398764,-673940574.626348,590909662.455549,687419188.112843,-700789250.140732,562462668.976189
1167,1270360728.600000,-629411235.020977,643227854.784667,622465516.410332,-650098210.481214,-615495223.926914,656942901.413545,608500632.745969,-601482019.001994,670554209.142716
1168,1270360728.600000,-612000948.437579,667161225.559864,583832206.589003,-694117920.420271,-555294703.805219,720636195.524821,526406464.984692,-497185736.558208,772290775.917285
1169,1270360728.600000,-594439659.777725,690771963.086752,544501740.808945,-736980028.167195,-493510684.337688,781762677.591321,441565113.728868,-388765498.502367,866708191.958154
1170,1270360728.600000,-576731702.026608,714048649.422180,504521083.708757,-778613051.242676,-430319351.167253,840104623.064367,354419344.740946,-277120607.079718,952911644.946623
1171,1270360728.600000,-558881444.357838,736980028.167192,463937976.322610,-818947556.950401,-365900903.085748,895454225.551139,265423949.962336,-163177111.737548,1030084167.898462
1172,1270360728.600000,-540893291.055395,759555009.910519,422800879.072546,-857916278.172116,-300439038.172219,947614336.993786,175043374.068154,-47880127.917678,1097494381.719660
1173,1270360728.600000,-522771680.426948,781762677.591321,381158913.901744,-895454225.551143,-234120429.952573,996399169.885189,83749290.646922,67814002.295809,1154503426.629244
1174,1270360728.600000,-504521083.708752,803592291.778577,339061805.617828,-931498795.877141,-167134195.074258,1041634959.019784,-7981859.345959,182945642.649310,1200571016.758355
1175,1270360728.600000,-486146003.962463,825033295.864580,296559822.516290,-965989876.491446,-99671354.014118,1083160580.422485,-99671354.014087,296559822.516260,1235260560.545096
1176,1270360728.600000,-467650974.964058,846075321.170020,253703716.354981,-998869945.538830,-31924286.357175,1120828125.251293,-190840688.849802,407714157.994151,1258243298.398182
1177,1270360728.600000,-449040560.085189,866708191.958190,210544661.751272,-1030084167.898512,35913817.800228,1154503426.629267,-281014073.929220,515486668.599921,1269301418.415832
1178,1270360728.600000,-430319351.167257,886921930.355870,167134195.074263,-1059580486.634382,103649508.758651,1184066537.529422,-369720916.940893,618983424.726836,1268330120.631810
1179,1270360728.600000,-411491967.388431,906706761.178547,123524152.905044,-1087309709.812013,171089628.863991,1209412158.010388,-456498279.089069,717345962.430991,1255338610.225190
1180,1270360728.600000,-392563054.123942,926053116.657605,79766610.138440,-1113225592.537570,238041863.323159,1230450010.281058,-540893291.055362,809758404.044236,1230450010.281070
1181,1270360728.600000,-373537281.799892,944951641.067216,35913817.800224,-1137284914.081887,304315288.616171,1247105160.258256,-622465516.410316,895454225.551114,1193900194.929029
1182,1270360728.600000,-354419344.740915,963393195.248675,-7981859.345977,-1159447549.961004,369720916.940922,1259318284.472198,-700789250.140698,973722614.597112,1146035553.917821
1183,1270360728.600000,-335213960.011915,981368861.030029,-51868005.327680,-1179676538.853044,434072235.137900,1267045881.368943,-775455740.297529,1043914366.391085,1087309709.812055
1184,1270360728.600000,-315925866.254199,998869945.538827,-95692215.553574,-1197938144.239766,497185736.558174,1270260426.257233,-846075321.169997,1105447268.597852,1018279218.922322
1185,1270360728.600000,-296559822.516282,1015887985.405903,-139402159.390033,-1214201910.669999,558881444.357850,1268950469.347852,-912279446.853260,1157810930.555010,939598296.712294
1186,1270360728.600000,-277120607.079678,1032414750.858194,-182945642.649333,-1228440714.551172,618983424.726883,1263120676.536290,-973722614.597121,1200571016.758355,852012617.670750
1187,1270360728.600000,-257613016.279927,1048442249.698586,-226270669.914836,-1240630809.384166,677320288.588537,1252791812.783421,-1030084167.898491,1233372849.499920,756352248.408619
1188,1270360728.600000,-238041863.323146,1063962731.170867,-269325506.628959,-1250751865.366096,733725680.338981,1238000668.153433,-1081069969.927268,1255944350.776910,653523780.955364
1189,1270360728.600000,-218411977.098491,1078968689.707924,-312058740.869521,-1258787003.294960,788038752.233176,1218799926.772430,-1126413938.552804,1268098299.069237,544501740.809019
1190,1270360728.600000,-198728200.986656,1093452868.561370,-354419344.740902,-1264722822.719617,840104623.064381,1195257979.174425,-1165879434.959918,1269733882.266692,430319351.167325
1191,1270360728.600000,-178995391.664865,1107408263.310849,-396356735.306688,-1268549424.288129,889774819.829280,1167458678.703195,-1199260498.607543,1260837533.864826,312058740.869582
1192,1270360728.600000,-159218417.908543,1120828125.251295,-437820834.990808,-1270260426.257233,936907701.119185,1135501042.837668,-1226382922.085293,1241483045.493659,190840688.849865
1193,1270360728.600000,-139402159.390037,1133705964.656563,-478762131.375412,-1269852975.135364,981368861.030031,1099498900.504493,-1247105160.258247,1211830954.845760,67814002.295886
1194,1270360728.600000,-119551505.474622,1146035553.917794,-519131736.323787,-1267327750.441518,1023031512.439308,1059580486.634382,-1261319068.955569,1172127214.080781,-55855370.821378
1195,1270360728.600000,-99671354.014123,1157810930.555032,-558881444.357830,-1262688963.571994,1061776848.557039,1015887985.405898,-1268950469.347851,1122701149.751137,-178995391.664798
1196,1270360728.600000,-79766610.138431,1169026400.100632,-597963790.220430,-1255944350.776915,1097494381.719692,968577023.804122,-1269959535.067834,1063962731.170893,-300439038.172171
1197,1270360728.600000,-59842185.045260,1179676538.853046,-636332105.553796,-1247105160.258251,1130082258.460972,917816117.297484,-1264341000.054266,996399169.885225,-419035365.152665
1198,1270360728.600000,-39902994.788372,1189756196.499681,-673940574.626345,-1236186133.410827,1159447549.961006,863786069.607847,-1252124186.034139,920570878.446718,-533660412.019612
1199,1270360728.600000,-19953959.064597,1199260498.607548,-710744289.041439,-1223205480.237646,1185506517.045699,806679328.711088,-1233372849.499936,837106822.018764,-643227854.784605
1200,1270360728.600000,0.000000,1208184848.980489,-746699301.362594,-1208184848.980489,1208184848.980492,746699301.362601,-1208184848.980494,746699301.362630,-746699301.362550
1201,1270360728.600000,19953959.064597,1216524931.881856,-781762677.591318,-1191149290.016476,1227417875.377688,684059628.589079,-1176691634.341818,650098210.481268,-843094132.616519
1202,1270360728.600000,39902994.788368,1224276714.121569,-815892548.434688,-1172127214.080755,1243150750.612954,618983424.726871,-1139057560.783166,548104816.550163,-931498795.877080
1203,1270360728.600000,59842185.045260,1231436447.006525,-849048159.301635,-1151150344.885044,1255338610.225182,551702482.718079,-1095479031.108440,441565113.728903,-1011075462.859728
1204,1270360728.600000,79766610.138431,1238000668.153436,-881189918.968152,-1128253666.210989,1263946698.853675,482456448.494117,-1046183470.749128,331362805.979609,-1081069969.927249
1205,1270360728.600000,99671354.014123,1243966203.163205,-912279446.853260,-1103475363.566620,1268950469.347851,411491967.388439,-991428140.887929,218411977.098544,-1140818965.446121
1206,1270360728.600000,119551505.474622,1249330167.156043,-942279618.849432,-1076856760.503189,1270335652.766821,339061805.617845,-931498795.877157,103649508.758692,-1189756196.499663
1207,1270360728.600000,139402159.390037,1254089966.166560,-971154611.652591,-1048442249.698583,1268098299.069239,265423949.962301,-866708191.958193,-11972690.546677,-1227417875.377675
1208,1270360728.600000,159218417.908543,1258243298.398193,-998869945.538824,-1018279218.922271,1262244788.377398,190840688.849793,-797394455.065187,-127495581.201896,-1253447074.983274
1209,1270360728.600000,178995391.664861,1261788155.336331,-1025392525.536753,-986417972.005224,1252791812.783418,115577678.119115,-723919316.230318,-241960947.316589,-1267597111.500832
1210,1270360728.600000,198728200.986660,1264722822.719616,-1050690680.946336,-952911644.946670,1239766328.749459,39902994.788386,-646666223.800239,-354419344.740850,-1269733882.266693
1211,1270360728.600000,218411977.098495,1267045881.368944,-1074734203.156972,-917816117.297487,1223205480.237645,-35913817.800224,-566038342.315175,-463937976.322576,-1259837136.686386
1212,1270360728.600000,238041863.323150,1268756207.873767,-1097494381.719689,-881189918.968149,1203156492.788947,-111602710.058573,-482456448.494162,-569608429.084092,-1238000668.153452
1213,1270360728.600000,257613016.279922,1269852975.135364,-1118944038.630378,-843094132.616556,1179676538.853044,-186894088.034179,-396356735.306709,-670554209.142728,-1204431425.151115
1214,1270360728.600000,277120607.079678,1270335652.766820,-1139057560.783149,-803592291.778573,1152832574.753205,-261519773.668396,-308188535.591074,-765938011.874493,-1159447549.961028
1215,1270360728.600000,296559822.516282,1270204007.349517,-1157810930.555027,-762750274.911156,1122701149.751112,-335213960.011893,-218411977.098522,-854968667.019158,-1103475363.566647
1216,1270360728.600000,315925866.254199,1269458102.546009,-1175181754.485472,-720636195.524813,1089368187.756083,-407714157.994198,-127495581.201936,-936907701.119158,-1037045325.325905
1217,1270360728.600000,335213960.011915,1268098299.069240,-1191149290.016474,-677320288.588529,1052928742.301246,-478762131.375396,-35913817.800228,-1011075462.859750,-960787005.704049
1218,1270360728.600000,354419344.740915,1266125254.508106,-1205694470.261322,-632874793.396743,1013486725.485242,-548104816.550138,55855370.821437,-1076856760.503172,-875423119.711317
1219,1270360728.600000,373537281.799892,1263539923.009445,-1218799926.772427,-587373833.093578,971154611.652591,-615495223.926902,147333064.252581,-1133705964.656532,-781762677.591364
1220,1270360728.600000,392563054.123942,1260343554.816632,-1230450010.281057,-540893291.055399,926053116.657602,-680693317.672925,238041863.323115,-1181151534.048124,-680693317.672990
1221,1270360728.600000,411491967.388431,1256537695.664957,-1240630809.384164,-493510684.337688,878310853.626479,-743466870.690251,327508381.530037,-1218799926.772412,-573172894.047975
1222,1270360728.600000,430319351.167257,1252124186.034133,-1249330167.156042,-445305034.397468,828063966.199275,-803592291.778556,415265715.523059,-1246338864.561854,-460220398.800680
1223,1270360728.600000,449040560.085189,1247105160.258254,-1256537695.664955,-396356735.306692,775455740.297550,-860855422.037708,500855881.756113,-1263539923.009440,-342906304.820647
1224,1270360728.600000,467650974.964054,1241483045.493645,-1262244788.377399,-346747419.676566,720636195.524809,-915052297.673766,583832206.588974,-1270260426.257232,-222342420.721717
1225,1270360728.600000,486146003.962463,1235260560.545117,-1266444630.435185,-296559822.516277,663761657.364995,-965989876.491440,663761657.365006,-1266444630.435189,-99671354.014199
1226,1270360728.600000,504521083.708752,1228440714.551171,-1269132206.793098,-245877643.253231,604994311.398748,-1013486725.485237,740227102.300049,-1252124186.034139,23944317.609770
1227,1270360728.600000,522771680.426948,1221026805.528813,-1270304308.207366,-194785406.144885,544501740.808937,-1057373667.080078,812829487.388908,-1227417875.377695,147333064.252545
1228,1270360728.600000,540893291.055395,1213022418.778654,-1269959535.067834,-143368319.315029,482456448.494117,-1097494381.719684,881189918.968136,-1192530627.370687,269325506.628910
1229,1270360728.600000,558881444.357838,1204431425.151094,-1268098299.069240,-91712132.649485,419035365.152742,-1133705964.656565,944951641.067192,-1147751817.696322,388765498.502247
1230,1270360728.600000,576731702.026608,1195257979.174417,-1264722822.719618,-39902994.788363,354419344.740911,-1165879434.959918,1003781897.228499,-1093452868.561400,504521083.708686
1231,1270360728.600000,594439659.777728,1185506517.045694,-1259837136.686377,11972690.546726,288792648.742395,-1193900194.929008,1057373667.080070,-1030084167.898536,615495223.926859
1232,1270360728.600000,612000948.437583,1175181754.485474,-1253447074.983287,63828408.650867,222342420.721614,-1217668438.275087,1105447268.597852,-958171333.579506,720636195.524776
1233,1270360728.600000,629411235.020981,1164288684.457310,-1245560268.004050,115577678.119120,155258152.658054,-1237099505.618477,1147751817.696283,-878310853.626515,818947556.950328
1234,1270360728.600000,646666223.800220,1152832574.753205,-1236186133.410829,167134195.074276,87731144.583673,-1252124186.034132,1184066537.529422,-791165138.584088,909497592.202881
1235,1270360728.600000,663761657.365006,1140818965.446147,-1225335864.888587,218411977.098504,19953959.064584,-1262688963.571992,1214201910.669992,-697457027.090163,991428140.887872
1236,1270360728.600000,680693317.672922,1128253666.210991,-1213022418.778655,269325506.628972,-47880127.917656,-1268756207.873767,1238000668.153430,-597963790.220466,1063962731.170832
1237,1270360728.600000,697457027.090133,1115142753.514941,-1199260498.607550,319789873.578118,-115577678.119124,-1270304308.207366,1255338610.225177,-493510684.337754,1126413938.552781
1238,1270360728.600000,714048649.422184,1101492567.679034,-1184066537.529429,369720916.940914,-182945642.649342,-1267327750.441520,1266125254.508102,-384964105.922247,1178189900.726726
1239,1270360728.600000,730464090.934525,1087309709.812006,-1167458678.703197,419035365.152746,-249791912.476774,-1259837136.686377,1270304308.207366,-273224405.161662,1218799926.772406
1240,1270360728.600000,746699301.362601,1072601038.618065,-1149456753.627727,467650974.964062,-315925866.254199,-1247859147.530186,1267853961.888415,-159218417.908596,1247859147.530174
1241,1270360728.600000,762750274.911167,1057373667.080076,-1130082258.460972,515486668.599970,-381158913.901761,-1231436447.006526,1258787003.294964,-43891777.950121,1265092163.081292
1242,1270360728.600000,778613051.242676,1041634959.019789,-1109358328.351355,562462668.976230,-445305034.397489,-1210627530.630569,1243150750.612961,71798926.643944,1270335652.766821
1243,1270360728.600000,794283716.454425,1025392525.536753,-1087309709.812011,608500632.745965,-508181306.241975,-1185506517.045695,1221026805.528825,186894088.034130,1263539923.009454
1244,1270360728.600000,809758404.044264,1008654221.327668,-1063962731.170867,653523780.955321,-569608429.084156,-1156162884.022594,1192530627.370670,300439038.172192,1244769378.269258
1245,1270360728.600000,825033295.864580,991428140.887915,-1039345271.131941,697457027.090133,-629411235.020989,-1122701149.751110,1157810930.555041,411491967.388401,1214201910.670017
1246,1270360728.600000,840104623.064377,973722614.597130,-1013486725.485255,740227102.300063,-687419188.112850,-1085240500.560061,1117048908.483554,519131736.323725,1172127214.080794
1247,1270360728.600000,854968667.019192,955546204.690708,-986417972.005236,781762677.591328,-743466870.690266,-1043914366.391116,1070457287.939953,622465516.410272,1118944038.630421
1248,1270360728.600000,869621760.248590,936907701.119186,-958171333.579476,821994482.784339,-797394455.065184,-998869945.538833,1018279218.922301,720636195.524776,1055156411.674610
1249,1270360728.600000,884060287.321076,917816117.297493,-928780539.611853,860855422.037718,-849048159.301655,-950267680.349405,960787005.704017,812829487.388880,981368861.030074
1250,1270360728.600000,898280685.746141,898280685.746144,-898280685.746141,898280685.746147,-898280685.746157,-898280685.746147,898280685.746163,898280685.746109,898280685.746189
1251,1270360728.600000,912279446.853263,878310853.626482,-866708191.958200,934207858.625370,-944951641.067225,-843094132.616576,831086463.876957,976281007.292537,806679328.711144
1252,1270360728.600000,926053116.657605,857916278.172108,-834100759.066712,968577023.804125,-988927936.606326,-784904588.257952,759555009.910556,1046183470.749077,707432913.901579
1253,1270360728.600000,939598296.712245,837106822.018733,-800497323.714586,1001330862.749364,-1030084167.898512,-723919316.230318,684059628.589110,1107408263.310831,601482019.002014
1254,1270360728.600000,952911644.946676,815892548.434688,-765938011.874539,1032414750.858199,-1068302972.280531,-660355538.110558,604994311.398779,1159447549.960991,489830761.366073
1255,1270360728.600000,965989876.491443,794283716.454425,-730464090.934529,1061776848.557045,-1103475363.566626,-594439659.777736,522771680.426977,1201869685.757929,373537281.799948
1256,1270360728.600000,978829764.488602,772290775.917332,-694117920.420274,1089368187.756089,-1135501042.837665,-526406464.984671,437820834.990851,1234322796.156349,253703716.355060
1257,1270360728.600000,991428140.887915,749924362.414294,-656942901.413553,1115142753.514941,-1164288684.457314,-456498279.089107,350585112.275549,1256537695.664947,131465751.168995
1258,1270360728.600000,1003781897.228524,727195292.144392,-618983424.726875,1139057560.783150,-1189756196.499682,-384964105.922212,261519773.668423,1268330120.631804,7981859.346058
1259,1270360728.600000,1015887985.405903,704114556.684318,-580284817.896250,1161072726.087749,-1211830954.845752,-312058740.869525,171089628.864013,1269602257.637213,-115577678.119016
1260,1270360728.600000,1027743418.423941,680693317.672922,-540893291.055399,1181151534.048148,-1230450010.281059,-238041863.323132,79766610.138467,1260343554.816638,-238041863.323057
1261,1270360728.600000,1039345271.131936,656942901.413549,-500855881.756138,1199260498.607550,-1245560268.004049,-163177111.737513,-11972690.546677,1240630809.384176,-358250079.230400
1262,1270360728.600000,1050690680.946339,632874793.396743,-460220398.800629,1215369418.878677,-1257118639.033223,-87731144.583704,-103649508.758593,1210627530.630576,-475063089.067680
1263,1270360728.600000,1061776848.557039,608500632.745961,-419035365.152754,1229451429.510745,-1265092163.081297,-11972690.546717,-194785406.144871,1170582583.679469,-587373833.093519
1264,1270360728.600000,1072601038.618067,583832206.589003,-377349959.996701,1241483045.493645,-1269458102.546008,63828408.650849,-284904767.283302,1120828125.251329,-694117920.420187
1265,1270360728.600000,1083160580.422487,558881444.357842,-335213960.011915,1251444201.324635,-1270204007.349517,139402159.390046,-373537281.799853,1061776848.557077,-794283716.454358
1266,1270360728.600000,1093452868.561370,533660412.019686,-292677679.934614,1259318284.472199,-1267327750.441518,214479377.837308,-460220398.800575,993918560.174059,-886921930.355816
1267,1270360728.600000,1103475363.566622,508181306.241962,-249791912.476778,1265092163.081298,-1260837533.864821,288792648.742373,-544501740.808929,917816117.297534,-971154611.652551
1268,1270360728.600000,1113225592.537568,482456448.494125,-206607867.674416,1268756207.873767,-1250751865.366095,362077277.936389,-625941464.610406,834100759.066750,-1046183470.749064
1269,1270360728.600000,1122701149.751110,456498279.089099,-163177111.737513,1270304308.207366,-1237099505.618474,434072235.137875,-704114556.684288,743466870.690302,-1111297444.473000
1270,1270360728.600000,1131899697.255288,430319351.167257,-119551505.474631,1269733882.266690,-1219919386.206541,504521083.708752,-778613051.242640,646666223.800259,-1165879434.959890
1271,1270360728.600000,1140818965.446147,403932324.625835,-75783142.365731,1267045881.368943,-1199260498.607550,573172894.047894,-849048159.301601,544501740.808986,-1209412158.010373
1272,1270360728.600000,1149456753.627721,377349959.996702,-31924286.357193,1262244788.377398,-1175181754.485477,639783137.369873,-915052297.673741,437820834.990851,-1241483045.493623
1273,1270360728.600000,1157810930.555030,350585112.275506,11972690.546717,1255338610.225180,-1147751817.696299,704114556.684307,-976281007.292546,327508381.530146,-1261788155.336319
1274,1270360728.600000,1165879434.959922,323650724.705094,55855370.821455,1246338864.561863,-1117048908.483535,765938011.874511,-1032414750.858171,214479377.837384,-1270135052.041049
1275,1270360728.600000,1173660276.059667,296559822.516282,99671354.014118,1235260560.545117,-1083160580.422485,825033295.864574,-1083160580.422483,99671354.014186,-1266444630.435192
1276,1270360728.600000,1181151534.048147,269325506.628963,143368319.315029,1222122173.809462,-1046183470.749097,881189918.968162,-1128253666.210982,-15963403.581773,-1250751865.366108
1277,1270360728.600000,1188351360.569552,241960947.316624,186894088.034166,1206945615.653885,-1006223024.785608,934207858.625364,-1167458678.703185,-131465751.168860,-1223205480.237663
1278,1270360728.600000,1195257979.174419,214479377.837312,230196685.907880,1189756196.499679,-963393195.248672,983898271.856980,-1200571016.758362,-245877643.253183,-1184066537.529458
1279,1270360728.600000,1201869685.757954,186894088.034170,273224405.161601,1170582583.679451,-917816117.297493,1030084167.898504,-1227417875.377675,-358250079.230434,-1133705964.656600
1280,1270360728.600000,1208184848.980489,159218417.908543,315925866.254195,1149456753.627722,-869621760.248593,1072601038.618077,-1247859147.530178,-467650974.964016,-1072601038.618106
1281,1270360728.600000,1214201910.669998,131465751.168913,358250079.230473,1126413938.552821,-818947556.950397,1111297444.473028,-1261788155.336328,-573172894.047874,-1001330862.749397
1282,1270360728.600000,1219919386.206541,103649508.758642,400146504.608489,1101492567.679034,-765938011.874525,1146035553.917788,-1269132206.793097,-673940574.626291,-920570878.446727
1283,1270360728.600000,1225335864.888583,75783142.365718,441565113.728839,1074734203.156977,-710744289.041435,1176691634.341807,-1269852975.135365,-769118189.338892,-831086463.876994
1284,1270360728.600000,1230450010.281059,47880127.917642,482456448.494121,1046183470.749095,-653523780.955313,1203156492.788943,-1263946698.853676,-857916278.172062,-733725680.339047
1285,1270360728.600000,1235260560.545116,19953959.064593,522771680.426948,1015887985.405898,-594439659.777721,1225335864.888584,-1251444201.324637,-939598296.712203,-629411235.021039
1286,1270360728.600000,1239766328.749460,-7981859.345986,562462668.976214,983898271.856989,-533660412.019681,1243150750.612951,-1232410729.951415,-1013486725.485215,-519131736.323873
1287,1270360728.600000,1243966203.163205,-35913817.800219,601482019.001939,950267680.349409,-471359358.079187,1256537695.664952,-1206945615.653898,-1078968689.707896,-403932324.625916
1288,1270360728.600000,1247859147.530188,-63828408.650863,639783137.369865,915052297.673753,-407714157.994202,1265449017.494067,-1175181754.485491,-1135501042.837640,-284904767.283412
1289,1270360728.600000,1251444201.324634,-91712132.649494,677320288.588537,878310853.626479,-342906304.820595,1269852975.135363,-1137284914.081909,-1182614871.754429,-163177111.737584
1290,1270360728.600000,1254720479.988164,-119551505.474627,714048649.422184,840104623.064371,-277120607.079682,1269733882.266692,-1093452868.561382,-1219919386.206530,-39902994.788435
1291,1270360728.600000,1257687175.148043,-147333064.252608,749924362.414282,800497323.714576,-210544661.751258,1265092163.081299,-1043914366.391137,-1247105160.258240,83749290.646810
1292,1270360728.600000,1260343554.816631,-175043374.068146,784904588.257945,759555009.910512,-143368319.315029,1255944350.776917,-988927936.606341,-1263946698.853669,206607867.674327
1293,1270360728.600000,1262688963.571994,-202669034.461309,818947556.950390,717345962.431017,-75783142.365713,1242323028.666677,-928780539.611859,-1270304308.207366,327508381.530002
1294,1270360728.600000,1264722822.719616,-230196685.907889,852012617.670692,673940574.626345,-7981859.345981,1224276714.121578,-863786069.607857,-1266125254.508110,445305034.397409
1295,1270360728.600000,1266444630.435185,-257613016.279922,884060287.321073,629411235.020981,59842185.045265,1201869685.757957,-794283716.454446,-1251444201.324643,558881444.357785
1296,1270360728.600000,1267853961.888413,-284904767.283333,915052297.673750,583832206.588994,127495581.201936,1175181754.485472,-720636195.524850,-1226382922.085313,667161225.559791
1297,1270360728.600000,1268950469.347851,-312058740.869521,944951641.067210,537279502.903428,194785406.144893,1144307979.231050,-643227854.784702,-1191149290.016492,769118189.338881
1298,1270360728.600000,1269733882.266690,-339061805.617823,973722614.597129,489830761.366007,261519773.668400,1109358328.351367,-562462668.976270,-1146035553.917827,863786069.607791
1299,1270360728.600000,1270204007.349517,-365900903.085753,1001330862.749353,441565113.728844,327508381.530089,1070457287.939933,-478762131.375433,-1091415914.075974,950267680.349346
1300,1270360728.600000,1270360728.600000,-392563054.123943,1027743418.423939,392563054.123938,392563054.123951,1027743418.423952,-392563054.123968,-1027743418.423981,1027743418.423886
1301,1270360728.600000,1270204007.349517,-419035365.152746,1052928742.301249,342906304.820591,456498279.089107,981368861.030029,-304315288.616198,-955546204.690753,1095479031.108376
1302,1270360728.600000,1269733882.266691,-445305034.397472,1076856760.503184,292677679.934601,519131736.323791,931498795.877148,-214479377.837325,-875423119.711317,1152832574.753173
1303,1270360728.600000,1268950469.347851,-471359358.079187,1099498900.504490,241960947.316615,580284817.896250,878310853.626505,-123524152.905057,-788038752.233219,1199260498.607523
1304,1270360728.600000,1267853961.888413,-497185736.558162,1120828125.251293,190840688.849802,639783137.369873,821994482.784342,-31924286.357211,-694117920.420312,1234322796.156349
1305,1270360728.600000,1266444630.435186,-522771680.426948,1140818965.446147,139402159.390033,697457027.090133,762750274.911189,59842185.045229,-594439659.777768,1257687175.148029
1306,1270360728.600000,1264722822.719616,-548104816.550138,1159447549.961002,87731144.583682,753142022.015282,700789250.140721,151296355.072269,-489830761.366052,1269132206.793095
1307,1270360728.600000,1262688963.571995,-573172894.047910,1176691634.341804,35913817.800216,806679328.711085,636332105.553819,241960947.316575,-381158913.901817,1268549424.288133
1308,1270360728.600000,1260343554.816631,-597963790.220435,1192530627.370662,-15963403.581836,857916278.172119,569608429.084148,331362805.979535,-269325506.628998,1255944350.776928
1309,1270360728.600000,1257687175.148043,-622465516.410324,1206945615.653886,-67814002.295850,906706761.178557,500855881.756150,419035365.152720,-155258152.658139,1231436447.006549
1310,1270360728.600000,1254720479.988164,-646666223.800216,1219919386.206539,-119551505.474635,952911644.946682,430319351.167291,504521083.708719,-39902994.788435,1195257979.174449
1311,1270360728.600000,1251444201.324634,-670554209.142774,1231436447.006522,-171089628.863996,996399169.885200,358250079.230495,587373833.093538,75783142.365659,1147751817.696332
1312,1270360728.600000,1247859147.530188,-694117920.420267,1241483045.493643,-222342420.721641,1037045325.325863,284904767.283328,667161225.559853,190840688.849753,1089368187.756129
1313,1270360728.600000,1243966203.163207,-717345962.431025,1250047184.991594,-273224405.161614,1074734203.156979,210544661.751281,743466870.690240,304315288.616110,1020660402.433909
1314,1270360728.600000,1239766328.749460,-740227102.300056,1257118639.033223,-323650724.705091,1109358328.351355,135434623.622034,815892548.434664,415265715.523025,942279618.849505
1315,1270360728.600000,1235260560.545117,-762750274.911164,1262688963.571994,-373537281.799896,1140818965.446147,59842185.045269,884060287.321047,522771680.426907,854968667.019259
1316,1270360728.600000,1230450010.281060,-784904588.257949,1266751507.065047,-422800879.072546,1169026400.100634,-15963403.581810,947614336.993750,625941464.610362,759555009.910585
1317,1270360728.600000,1225335864.888584,-806679328.711071,1269301418.415834,-471359358.079191,1193900194.929012,-91712132.649490,1006223024.785597,723919316.230273,656942901.413641
1318,1270360728.600000,1219919386.206541,-828063966.199275,1270335652.766820,-519131736.323787,1215369418.878677,-167134195.074244,1059580486.634359,815892548.434636,548104816.550228
1319,1270360728.600000,1214201910.669997,-849048159.301638,1269852975.135364,-566038342.315147,1233372849.499938,-241960947.316624,1107408263.310831,901098280.273386,434072235.137981
1320,1270360728.600000,1208184848.980489,-869621760.248590,1267853961.888413,-612000948.437583,1247859147.530188,-315925866.254182,1149456753.627704,978829764.488562,315925866.254279
1321,1270360728.600000,1201869685.757953,-889774819.829281,1264341000.054264,-656942901.413557,1258787003.294962,-388765498.502294,1185506517.045673,1048442249.698553,194785406.144969
1322,1270360728.600000,1195257979.174417,-909497592.202935,1259318284.472199,-700789250.140721,1266125254.508105,-460220398.800608,1215369418.878667,1109358328.351329,71798926.644093
1323,1270360728.600000,1188351360.569550,-928780539.611850,1252791812.783421,-743466870.690266,1269852975.135365,-530036054.123091,1238889612.121595,1161072726.087727,-51868005.327590
1324,1270360728.600000,1181151534.048147,-947614336.993781,1244769378.269244,-784904588.257956,1269959535.067832,-597963790.220430,1255944350.776910,1203156492.788931,-175043374.068056
1325,1270360728.600000,1173660276.059665,-965989876.491440,1235260560.545117,-825033295.864584,1266444630.435185,-663761657.364987,1266444630.435181,1235260560.545096,-296559822.516168
1326,1270360728.600000,1165879434.959922,-983898271.856995,1224276714.121572,-863786069.607847,1259318284.472195,-727195292.144359,1270335652.766820,1257118639.033212,-415265715.522969
1327,1270360728.600000,1157810930.555030,-1001330862.749358,1211830954.845755,-901098280.273440,1248600818.936116,-788038752.233159,1267597111.500839,1268549424.288124,-530036054.123025
1328,1270360728.600000,1149456753.627724,-1018279218.922274,1197938144.239766,-936907701.119195,1234322796.156361,-846075321.170023,1258243298.398199,1269458102.546011,-639783137.369791
1329,1270360728.600000,1140818965.446147,-1034735144.301097,1182614871.754458,-971154611.652603,1216524931.881856,-901098280.273421,1242323028.666684,1259837136.686385,-743466870.690193
1330,1270360728.600000,1131899697.255288,-1050690680.946339,1165879434.959922,-1003781897.228530,1195257979.174413,-952911644.946655,1219919386.206558,1239766328.749474,-840104623.064323
1331,1270360728.600000,1122701149.751112,-1066138112.902074,1147751817.696300,-1034735144.301099,1170582583.679455,-1001330862.749349,1191149290.016500,1209412158.010414,-928780539.611782
1332,1270360728.600000,1113225592.537570,-1081069969.927285,1128253666.210994,-1063962731.170869,1142569110.686516,-1046183470.749105,1156162884.022618,1169026400.100653,-1008654221.327610
1333,1270360728.600000,1103475363.566622,-1095479031.108419,1107408263.310851,-1091415914.075954,1111297444.473013,-1087309709.812004,1115142753.514966,1118944038.630404,-1078968689.707877
1334,1270360728.600000,1093452868.561370,-1109358328.351356,1085240500.560058,-1117048908.483541,1076856760.503186,-1124563093.643821,1068302972.280536,1059580486.634422,-1139057560.783101
1335,1270360728.600000,1083160580.422490,-1122701149.751112,1061776848.557042,-1140818965.446149,1039345271.131923,-1157810930.555030,1015887985.405919,991428140.887966,-1188351360.569513
1336,1270360728.600000,1072601038.618068,-1135501042.837662,1037045325.325866,-1162686442.895429,998869945.538824,-1186934796.091242,958171333.579497,915052297.673810,-1226382922.085274
1337,1270360728.600000,1061776848.557040,-1147751817.696296,1011075462.859777,-1182614871.754458,955546204.690697,-1211830954.845752,895454225.551168,831086463.876984,-1252791812.783405
1338,1270360728.600000,1050690680.946339,-1159447549.961004,983898271.856995,-1200571016.758373,909497592.202935,-1232410729.951405,828063966.199316,740227102.300111,-1267327750.441513
1339,1270360728.600000,1039345271.131939,-1170582583.679453,955546204.690714,-1216524931.881856,860855422.037702,-1248600818.936111,756352248.408619,643227854.784721,-1269852975.135367
1340,1270360728.600000,1027743418.423939,-1181151534.048147,926053116.657608,-1230450010.281061,809758404.044267,-1260343554.816630,680693317.672948,540893291.055452,-1260343554.816644
1341,1270360728.600000,1015887985.405900,-1191149290.016476,895454225.551143,-1242323028.666674,756352248.408562,-1267597111.500834,601482019.001983,434072235.137947,-1238889612.121624
1342,1270360728.600000,1003781897.228524,-1200571016.758373,863786069.607854,-1252124186.034134,700789250.140691,-1270335652.766820,519131736.323828,323650724.705142,-1205694470.261349
1343,1270360728.600000,991428140.887915,-1209412158.010396,831086463.876936,-1259837136.686377,643227854.784659,-1268549424.288130,434072235.137914,210544661.751352,-1161072726.087779
1344,1270360728.600000,978829764.488599,-1217668438.275090,797394455.065184,-1265449017.494068,583832206.588978,-1262244788.377399,346747419.676596,95692215.553655,-1105447268.597914
1345,1270360728.600000,965989876.491440,-1225335864.888583,762750274.911167,-1268950469.347852,522771680.426944,-1251444201.324637,257613016.279958,-19953959.064521,-1039345271.131993
1346,1270360728.600000,952911644.946676,-1232410729.951409,727195292.144389,-1270335652.766820,460220398.800600,-1236186133.410837,167134195.074308,-135434623.621936,-963393195.248731
1347,1270360728.600000,939598296.712242,-1238889612.121603,690771963.086764,-1269602257.637211,396356735.306697,-1216524931.881860,75783142.365772,-249791912.476704,-878310853.626567
1348,1270360728.600000,926053116.657606,-1244769378.269243,653523780.955325,-1266751507.065047,331362805.979539,-1192530627.370662,-15963403.581773,-362077277.936333,-784904588.258009
1349,1270360728.600000,912279446.853263,-1250047184.991595,615495223.926918,-1261788155.336329,265423949.962266,-1164288684.457315,-107626640.524329,-471359358.079133,-684059628.589151
1350,1270360728.600000,898280685.746144,-1254720479.988164,576731702.026616,-1254720479.988163,198728200.986646,-1131899697.255300,-198728200.986621,-576731702.026559,-576731702.026692
1351,1270360728.600000,884060287.321076,-1258787003.294960,537279502.903445,-1245560268.004049,131465751.168923,-1095479031.108421,-288792648.742351,-677320288.588495,-463937976.322681
1352,1270360728.600000,869621760.248590,-1262244788.377399,497185736.558170,-1234322796.156364,63828408.650854,-1055156411.674577,-377349959.996680,-772290775.917268,-346747419.676644
1353,1270360728.600000,854968667.019195,-1265092163.081297,456498279.089103,-1221026805.528811,-3990949.367511,-1011075462.859774,-463937976.322576,-860855422.037655,-226270669.914946
1354,1270360728.600000,840104623.064381,-1267327750.441518,415265715.523072,-1205694470.261321,-71798926.643994,-963393195.248684,-548104816.550106,-942279618.849390,-103649508.758741
1355,1270360728.600000,825033295.864581,-1268950469.347851,373537281.799896,-1188351360.569550,-139402159.390024,-912279446.853263,-629411235.020941,-1015887985.405860,19953959.064507
1356,1270360728.600000,809758404.044264,-1269959535.067833,331362805.979557,-1169026400.100630,-206607867.674412,-857916278.172119,-707432913.901466,-1081069969.927249,143368319.314922
1357,1270360728.600000,794283716.454428,-1270354459.626237,288792648.742404,-1147751817.696295,-273224405.161588,-800497323.714607,-781762677.591275,-1137284914.081859,265423949.962226
1358,1270360728.600000,778613051.242676,-1270135052.041050,245877643.253245,-1124563093.643831,-339061805.617819,-740227102.300063,-852012617.670676,-1184066537.529404,384964105.922092
1359,1270360728.600000,762750274.911167,-1269301418.415835,202669034.461317,-1099498900.504490,-403932324.625843,-677320288.588559,-917816117.297465,-1221026805.528797,500855881.756047
1360,1270360728.600000,746699301.362601,-1267853961.888413,159218417.908548,-1072601038.618063,-467650974.964050,-612000948.437587,-978829764.488570,-1247859147.530178,612000948.437476
1361,1270360728.600000,730464090.934529,-1265793382.435918,115577678.119115,-1043914366.391116,-530036054.123123,-544501740.808966,-1034735144.301083,-1264341000.054255,717345962.430961
1362,1270360728.600000,714048649.422180,-1263120676.536288,71798926.643994,-1013486725.485244,-590909662.455545,-475063089.067784,-1085240500.560039,-1270335652.766820,815892548.434608
1363,1270360728.600000,697457027.090129,-1259837136.686376,27934439.834344,-981368861.030026,-650098210.481214,-403932324.625847,-1130082258.460953,-1265793382.435925,906706761.178481
1364,1270360728.600000,680693317.672918,-1255944350.776917,-15963403.581827,-947614336.993780,-707432913.901497,-331362805.979552,-1169026400.100614,-1250751865.366108,988927936.606261
1365,1270360728.600000,663761657.365006,-1251444201.324634,-59842185.045260,-912279446.853257,-762750274.911167,-257613016.279935,-1201869685.757936,-1225335864.888601,1061776848.556995
1366,1270360728.600000,646666223.800216,-1246338864.561865,-103649508.758638,-875423119.711265,-815892548.434702,-182945642.649364,-1228440714.551156,-1189756196.499703,1124563093.643781
1367,1270360728.600000,629411235.020977,-1240630809.384166,-147333064.252595,-837106822.018726,-866708191.958190,-107626640.524369,-1248600818.936111,-1144307979.231072,1176691634.341766
1368,1270360728.600000,612000948.437583,-1234322796.156367,-190840688.849802,-797394455.065173,-915052297.673766,-31924286.357175,-1262244788.377394,-1089368187.756117,1217668438.275060
1369,1270360728.600000,594439659.777725,-1227417875.377687,-234120429.952578,-756352248.408565,-960787005.703998,43891777.950067,-1269301418.415833,-1025392525.536783,1247105160.258229
1370,1270360728.600000,576731702.026608,-1219919386.206541,-277120607.079678,-714048649.422176,-1003781897.228530,119551505.474604,-1269733882.266692,-952911644.946730,1264722822.719608
1371,1270360728.600000,558881444.357838,-1211830954.845752,-319789873.578114,-670554209.142762,-1043914366.391113,194785406.144893,-1263539923.009448,-872526745.723352,1270354459.626237
1372,1270360728.600000,540893291.055399,-1203156492.788949,-362077277.936385,-625941464.610425,-1081069969.927287,269325506.628945,-1250751865.366101,-784904588.258009,1263946698.853686
1373,1270360728.600000,522771680.426948,-1193900194.929005,-403932324.625826,-580284817.896242,-1115142753.514935,342906304.820560,-1231436447.006535,-690771963.086813,1245560268.004069
1374,1270360728.600000,504521083.708752,-1184066537.529427,-445305034.397464,-533660412.019681,-1146035553.917793,415265715.523059,-1205694470.261338,-590909662.455614,1215369418.878703
1375,1270360728.600000,486146003.962463,-1173660276.059665,-486146003.962459,-486146003.962463,-1173660276.059672,486146003.962438,-1173660276.059688,-486146003.962521,1173660276.059710
1376,1270360728.600000,467650974.964059,-1162686442.895427,-526406464.984675,-437820834.990812,-1197938144.239763,555294703.805219,-1135501042.837674,-377349959.996753,1120828125.251329
1377,1270360728.600000,449040560.085189,-1151150344.885046,-566038342.315139,-388765498.502315,-1218799926.772432,622465516.410304,-1091415914.075974,-265423949.962350,1057373667.080133
1378,1270360728.600000,430319351.167257,-1139057560.783150,-604994311.398756,-339061805.617814,-1236186133.410828,687419188.112808,-1041634959.019814,-151296355.072358,983898271.857074
1379,1270360728.600000,411491967.388435,-1126413938.552821,-643227854.784659,-288792648.742391,-1250047184.991596,749924362.414275,-986417972.005264,-35913817.800301,901098280.273517
1380,1270360728.600000,392563054.123943,-1113225592.537568,-680693317.672918,-238041863.323141,-1260343554.816630,809758404.044264,-926053116.657624,79766610.138354,809758404.044351
1381,1270360728.600000,373537281.799892,-1099498900.504493,-717345962.431025,-186894088.034166,-1267045881.368944,866708191.958180,-860855422.037738,194785406.144822,710744289.041529
1382,1270360728.600000,354419344.740915,-1085240500.560053,-753142022.015271,-135434623.622002,-1270135052.041050,920570878.446665,-791165138.584088,308188535.590986,604994311.398875
1383,1270360728.600000,335213960.011919,-1070457287.939931,-788038752.233166,-83749290.646900,-1269602257.637212,971154611.652588,-717345962.431066,419035365.152686,493510684.337776
1384,1270360728.600000,315925866.254195,-1055156411.674564,-821994482.784328,-31924286.357175,-1265449017.494067,1018279218.922277,-639783137.369920,526406464.984621,377349959.996809
1385,1270360728.600000,296559822.516277,-1039345271.131936,-854968667.019192,19953959.064606,-1257687175.148043,1061776848.557035,-558881444.357866,629411235.020930,257613016.280029
1386,1270360728.600000,277120607.079674,-1023031512.439305,-886921930.355874,71798926.643998,-1246338864.561862,1101492567.679022,-475063089.067784,727195292.144318,135434623.622105
1387,1270360728.600000,257613016.279922,-1006223024.785608,-917816117.297484,123524152.905048,-1231436447.006526,1137284914.081885,-388765498.502367,818947556.950356,11972690.546813
1388,1270360728.600000,238041863.323146,-988927936.606315,-947614336.993778,175043374.068150,-1213022418.778649,1169026400.100620,-300439038.172280,903906981.324426,-111602710.058465
1389,1270360728.600000,218411977.098491,-971154611.652597,-976281007.292563,226270669.914849,-1191149290.016479,1196603966.706119,-210544661.751330,981368861.029980,-234120429.952507
1390,1270360728.600000,198728200.986660,-952911644.946676,-1003781897.228518,277120607.079691,-1165879434.959920,1219919386.206534,-119551505.474658,1050690680.946298,-354419344.740816
1391,1270360728.600000,178995391.664865,-934207858.625367,-1030084167.898501,327508381.530080,-1137284914.081877,1238889612.121595,-27934439.834375,1111297444.472993,-471359358.079066
1392,1270360728.600000,159218417.908543,-915052297.673757,-1055156411.674559,377349959.996701,-1105447268.597861,1253447074.983283,63828408.650813,1162686442.895401,-583832206.588922
1393,1270360728.600000,139402159.390038,-895454225.551136,-1078968689.707920,426562220.118353,-1070457287.939921,1263539923.009442,155258152.658013,1204431425.151072,-690771963.086658
1394,1270360728.600000,119551505.474627,-875423119.711272,-1101492567.679034,475063089.067751,-1032414750.858194,1269132206.793098,245877643.253205,1236186133.410814,-791165138.583972
1395,1270360728.600000,99671354.014123,-854968667.019192,-1122701149.751107,522771680.426948,-991428140.887906,1270204007.349518,335213960.011880,1257687175.148029,-884060287.320979
1396,1270360728.600000,79766610.138431,-834100759.066706,-1142569110.686520,569608429.084152,-947614336.993786,1266751507.065049,422800879.072499,1268756207.873764,-968577023.804058
1397,1270360728.600000,59842185.045260,-812829487.388922,-1161072726.087744,615495223.926922,-901098280.273424,1258787003.294964,508181306.241913,1269301418.415838,-1043914366.391052
1398,1270360728.600000,39902994.788372,-791165138.584056,-1178189900.726754,660355538.110566,-852012617.670706,1246338864.561873,590909662.455502,1259318284.472210,-1109358328.351301
1399,1270360728.600000,19953959.064597,-769118189.338946,-1193900194.929002,704114556.684322,-800497323.714579,1229451429.510751,670554209.142716,1238889612.121622,-1164288684.457271
1400,1270360728.600000,0.000000,-746699301.362601,-1208184848.980488,746699301.362605,-746699301.362583,1208184848.980490,746699301.362568,1208184848.980512,-1208184848.980460
1401,1270360728.600000,-19953959.064593,-723919316.230303,-1221026805.528812,788038752.233176,-690771963.086752,1182614871.754465,818947556.950356,1167458678.703224,-1240630809.384139
1402,1270360728.600000,-39902994.788368,-700789250.140713,-1232410729.951407,828063966.199286,-632874793.396727,1152832574.753220,886921930.355858,1117048908.483571,-1261319068.955565
1403,1270360728.600000,-59842185.045260,-677320288.588537,-1242323028.666671,866708191.958200,-573172894.047910,1118944038.630387,950267680.349393,1057373667.080113,-1270053561.012393
1404,1270360728.600000,-79766610.138431,-653523780.955321,-1250751865.366094,903906981.324489,-511836513.230824,1081069969.927301,1008654221.327646,988927936.606377,-1266751507.065058
1405,1270360728.600000,-99671354.014118,-629411235.020981,-1257687175.148043,939598296.712248,-449040560.085193,1039345271.131944,1061776848.557015,912279446.853329,-1251444201.324649
1406,1270360728.600000,-119551505.474627,-604994311.398760,-1263120676.536286,973722614.597135,-384964105.922178,993918560.174037,1109358328.351329,828063966.199344,-1224276714.121600
1407,1270360728.600000,-139402159.390042,-580284817.896246,-1267045881.368943,1006223024.785613,-319789873.578127,944951641.067220,1151150344.885021,736980028.167262,-1185506517.045734
1408,1270360728.600000,-159218417.908548,-555294703.805227,-1269458102.546008,1037045325.325868,-253703716.354967,892618927.584451,1186934796.091234,639783137.369939,-1135501042.837707
1409,1270360728.600000,-178995391.664865,-530036054.123115,-1270354459.626237,1066138112.902081,-186894088.034148,837106822.018764,1216524931.881842,537279502.903503,-1074734203.157027
1410,1270360728.600000,-198728200.986660,-504521083.708752,-1269733882.266690,1093452868.561373,-119551505.474622,778613051.242690,1239766328.749447,430319351.167325,-1003781897.228599
1411,1270360728.600000,-218411977.098496,-478762131.375416,-1267597111.500836,1118944038.630381,-51868005.327667,717345962.431055,1256537695.664952,319789873.578184,-923316553.933015
1412,1270360728.600000,-238041863.323146,-452771653.923863,-1263946698.853676,1142569110.686522,15963403.581831,653523780.955333,1266751507.065045,206607867.674509,-834100759.066787
1413,1270360728.600000,-257613016.279922,-426562220.118353,-1258787003.294961,1164288684.457312,83749290.646918,587373833.093606,1270354459.626237,91712132.649589,-736980028.167273
1414,1270360728.600000,-277120607.079678,-400146504.608493,-1252124186.034135,1184066537.529426,151296355.072305,519131736.323828,1267327750.441522,-23944317.609748,-632874793.396852
1415,1270360728.600000,-296559822.516282,-373537281.799892,-1243966203.163208,1201869685.757956,218411977.098504,449040560.085214,1257687175.148052,-139402159.389953,-522771680.427022
1416,1270360728.600000,-315925866.254195,-346747419.676570,-1234322796.156367,1217668438.275091,284904767.283359,377349959.996706,1241483045.493659,-253703716.354892,-407714157.994304
1417,1270360728.600000,-335213960.011915,-319789873.578118,-1223205480.237648,1231436447.006526,350585112.275510,304315288.616184,1218799926.772440,-365900903.085674,-288792648.742531
1418,1270360728.600000,-354419344.740915,-292677679.934610,-1210627530.630563,1243150750.612954,415265715.523093,230196685.907929,1189756196.499698,-475063089.067680,-167134195.074357
1419,1270360728.600000,-373537281.799892,-265423949.962301,-1196603966.706125,1252791812.783420,478762131.375416,155258152.658090,1154503426.629291,-580284817.896182,-43891777.950193
1420,1270360728.600000,-392563054.123938,-238041863.323150,-1181151534.048148,1260343554.816632,540893291.055415,79766610.138431,1113225592.537583,-680693317.672865,79766610.138318
1421,1270360728.600000,-411491967.388431,-210544661.751272,-1164288684.457312,1265793382.435919,601482019.001947,3990949.367539,1066138112.902093,-775455740.297472,202669034.461206
1422,1270360728.600000,-430319351.167257,-182945642.649337,-1146035553.917799,1269132206.793099,660355538.110574,-71798926.643957,1013486725.485275,-863786069.607774,323650724.704998
1423,1270360728.600000,-449040560.085189,-155258152.658067,-1126413938.552827,1270354459.626237,717345962.431021,-147333064.252595,955546204.690744,-944951641.067153,441565113.728729
1424,1270360728.600000,-467650974.964054,-127495581.201931,-1105447268.597866,1269458102.546008,772290775.917343,-222342420.721606,892618927.584477,-1018279218.922220,555294703.805154
1425,1270360728.600000,-486146003.962463,-99671354.014118,-1083160580.422489,1266444630.435185,825033295.864601,-296559822.516273,825033295.864632,-1083160580.422445,663761657.364914
1426,1270360728.600000,-504521083.708752,-71798926.643989,-1059580486.634374,1261319068.955573,875423119.711278,-369720916.940893,753142022.015314,-1139057560.783117,765938011.874453
1427,1270360728.600000,-522771680.426944,-43891777.950071,-1034735144.301101,1254089966.166558,923316553.932978,-441565113.728809,677320288.588578,-1185506517.045668,860855422.037645
1428,1270360728.600000,-540893291.055399,-15963403.581831,-1008654221.327674,1244769378.269240,968577023.804119,-511836513.230820,597963790.220486,-1222122173.809443,947614336.993726
1429,1270360728.600000,-558881444.357842,11972690.546722,-981368861.030031,1233372849.499933,1011075462.859785,-580284817.896214,515486668.599991,-1248600818.936105,1025392525.536687
1430,1270360728.600000,-576731702.026612,39902994.788372,-952911644.946682,1219919386.206540,1050690680.946339,-646666223.800204,430319351.167291,-1264722822.719607,1093452868.561317
1431,1270360728.600000,-594439659.777725,67814002.295841,-923316553.932965,1204431425.151093,1087309709.812015,-710744289.041416,342906304.820634,-1270354459.626236,1151150344.885006
1432,1270360728.600000,-612000948.437583,95692215.553578,-892618927.584441,1186934796.091249,1120828125.251293,-772290775.917325,253703716.355025,-1265449017.494076,1197938144.239719
1433,1270360728.600000,-629411235.020981,123524152.905039,-860855422.037718,1167458678.703192,1151150344.885052,-831086463.876909,163177111.737571,-1250047184.991610,1233372849.499903
1434,1270360728.600000,-646666223.800220,151296355.072309,-828063966.199279,1146035553.917789,1178189900.726766,-886921930.355842,71798926.644056,-1224276714.121591,1257118639.033207
1435,1270360728.600000,-663761657.365006,178995391.664865,-794283716.454432,1122701149.751107,1201869685.757952,-939598296.712227,-19953959.064557,-1188351360.569579,1268950469.347846
1436,1270360728.600000,-680693317.672922,206607867.674411,-759555009.910523,1097494381.719689,1222122173.809465,-988927936.606315,-111602710.058537,-1142569110.686554,1268756207.873774
1437,1270360728.600000,-697457027.090133,234120429.952582,-723919316.230311,1070457287.939928,1238889612.121603,-1034735144.301083,-202669034.461255,-1087309709.812043,1256537695.664970
1438,1270360728.600000,-714048649.422180,261519773.668405,-687419188.112854,1041634959.019786,1252124186.034135,-1076856760.503172,-292677679.934548,-1023031512.439345,1232410729.951438
1439,1270360728.600000,-730464090.934525,288792648.742400,-650098210.481217,1011075462.859772,1261788155.336329,-1115142753.514935,-381158913.901710,-950267680.349477,1196603966.706160
1440,1270360728.600000,-746699301.362601,315925866.254199,-612000948.437587,978829764.488593,1267853961.888414,-1149456753.627710,-467650974.964016,-869621760.248659,1149456753.627767
1441,1270360728.600000,-762750274.911167,342906304.820590,-573172894.047910,944951641.067208,1270304308.207366,-1179676538.853040,-551702482.718023,-781762677.591392,1091415914.076005
1442,1270360728.600000,-778613051.242672,369720916.940914,-533660412.019690,909497592.202929,1269132206.793098,-1205694470.261313,-632874793.396692,-687419188.112914,1023031512.439380
1443,1270360728.600000,-794283716.454425,396356735.306696,-493510684.337705,872526745.723289,1264341000.054265,-1227417875.377684,-710744289.041386,-587373833.093650,944951641.067292
1444,1270360728.600000,-809758404.044264,422800879.072542,-452771653.923867,834100759.066702,1255944350.776917,-1244769378.269238,-784904588.257920,-482456448.494196,857916278.172188
1445,1270360728.600000,-825033295.864581,449040560.085189,-411491967.388435,794283716.454421,1243966203.163210,-1257687175.148038,-854968667.019158,-373537281.799961,762750274.911275
1446,1270360728.600000,-840104623.064378,475063089.067751,-369720916.940922,753142022.015271,1228440714.551172,-1266125254.508104,-920570878.446649,-261519773.668471,660355538.110639
1447,1270360728.600000,-854968667.019192,500855881.756134,-327508381.530089,710744289.041431,1209412158.010403,-1270053561.012394,-981368861.029988,-147333064.252670,551702482.718177
1448,1270360728.600000,-869621760.248590,526406464.984675,-284904767.283341,667161225.559864,1186934796.091252,-1269458102.546009,-1037045325.325819,-31924286.357283,437820834.990919
1449,1270360728.600000,-884060287.321076,551702482.718067,-241960947.316628,622465516.410324,1161072726.087759,-1264341000.054266,-1087309709.811985,83749290.646810,319789873.578219
1450,1270360728.600000,-898280685.746144,576731702.026608,-198728200.986660,576731702.026608,1131899697.255294,-1254720479.988171,-1131899697.255265,198728200.986571,198728200.986754
1451,1270360728.600000,-912279446.853267,601482019.001947,-155258152.658076,530036054.123115,1099498900.504493,-1240630809.384171,-1170582583.679430,312058740.869437,75783142.365844
1452,1270360728.600000,-926053116.657608,625941464.610429,-111602710.058586,482456448.494117,1063962731.170874,-1222122173.809463,-1203156492.788927,422800879.072465,-47880127.917530
1453,1270360728.600000,-939598296.712242,650098210.481210,-67814002.295845,434072235.137888,1025392525.536753,-1199260498.607556,-1229451429.510735,530036054.123045,-171089628.863880
1454,1270360728.600000,-952911644.946676,673940574.626352,-23944317.609851,384964105.922182,983898271.857006,-1172127214.080772,-1249330167.156035,632874793.396680,-292677679.934478
1455,1270360728.600000,-965989876.491443,697457027.090129,19953959.064588,335213960.011910,939598296.712245,-1140818965.446155,-1262688963.571988,730464090.934470,-411491967.388311
1456,1270360728.600000,-978829764.488602,720636195.524821,63828408.650858,284904767.283328,892618927.584451,-1105447268.597879,-1269458102.546006,821994482.784284,-526406464.984568
1457,1270360728.600000,-991428140.887915,743466870.690262,107626640.524360,234120429.952578,843094132.616566,-1066138112.902081,-1269602257.637214,906706761.178481,-636332105.553702
1458,1270360728.600000,-1003781897.228524,765938011.874532,151296355.072305,182945642.649324,791165138.584049,-1023031512.439324,-1263120676.536292,983898271.856935,-740227102.299942
1459,1270360728.600000,-1015887985.405903,788038752.233176,194785406.144885,131465751.168905,736980028.167203,-976281007.292572,-1250047184.991604,1052928742.301203,-837106822.018662
1460,1270360728.600000,-1027743418.423939,809758404.044264,238041863.323141,79766610.138422,680693317.672918,-926053116.657624,-1230450010.281073,1113225592.537529,-926053116.657522
1461,1270360728.600000,-1039345271.131936,831086463.876933,281014073.929233,27934439.834325,622465516.410340,-872526745.723325,-1204431425.151115,1164288684.457279,-1006223024.785539
1462,1270360728.600000,-1050690680.946339,852012617.670699,323650724.705085,-23944317.609846,562462668.976226,-815892548.434705,-1172127214.080772,1205694470.261284,-1076856760.503134
1463,1270360728.600000,-1061776848.557040,872526745.723292,365900903.085739,-75783142.365727,500855881.756150,-756352248.408601,-1133705964.656583,1237099505.618455,-1137284914.081843
1464,1270360728.600000,-1072601038.618065,892618927.584435,407714157.994193,-127495581.201940,437820834.990817,-694117920.420282,-1089368187.756117,1258243298.398182,-1186934796.091204
1465,1270360728.600000,-1083160580.422488,912279446.853263,449040560.085185,-178995391.664879,373537281.799913,-629411235.021008,-1039345271.131972,1268950469.347847,-1225335864.888562
1466,1270360728.600000,-1093452868.561370,931498795.877139,489830761.366010,-230196685.907902,308188535.591061,-562462668.976270,-983898271.857037,1269132206.793103,-1252124186.034114
1467,1270360728.600000,-1103475363.566622,950267680.349411,530036054.123111,-281014073.929238,241960947.316615,-493510684.337721,-923316553.932990,1258787003.294974,-1267045881.368934
1468,1270360728.600000,-1113225592.537568,968577023.804119,569608429.084136,-331362805.979557,175043374.068154,-422800879.072550,-857916278.172145,1238000668.153458,-1269959535.067837
1469,1270360728.600000,-1122701149.751110,986417972.005230,608500632.745957,-381158913.901744,107626640.524355,-350585112.275527,-788038752.233219,1206945615.653916,-1260837533.864837
1470,1270360728.600000,-1131899697.255288,1003781897.228521,646666223.800208,-430319351.167257,39902994.788386,-277120607.079718,-714048649.422206,1165879434.959958,-1239766328.749485
1471,1270360728.600000,-1140818965.446149,1020660402.433847,684059628.589060,-478762131.375421,-27934439.834335,-202669034.461330,-636332105.553831,1115142753.515000,-1206945615.653931
1472,1270360728.600000,-1149456753.627724,1037045325.325858,720636195.524821,-526406464.984683,-95692215.553556,-127495581.201936,-555294703.805268,1055156411.674610,-1162686442.895467
1473,1270360728.600000,-1157810930.555032,1052928742.301254,756352248.408565,-573172894.047914,-163177111.737508,-51868005.327703,-471359358.079237,986417972.005279,-1107408263.310910
1474,1270360728.600000,-1165879434.959924,1068302972.280523,791165138.584053,-618983424.726879,-230196685.907867,23944317.609806,-384964105.922247,909497592.202985,-1041634959.019856
1475,1270360728.600000,-1173660276.059665,1083160580.422489,825033295.864574,-663761657.365010,-296559822.516273,99671354.014109,-296559822.516348,825033295.864660,-965989876.491513
1476,1270360728.600000,-1181151534.048147,1097494381.719692,857916278.172105,-707432913.901511,-362077277.936402,175043374.068114,-206607867.674452,733725680.339066,-881189918.968227
1477,1270360728.600000,-1188351360.569552,1111297444.473028,889774819.829280,-749924362.414301,-426562220.118340,249791912.476760,-115577678.119165,636332105.553882,-788038752.233275
1478,1270360728.600000,-1195257979.174419,1124563093.643831,920570878.446677,-791165138.584064,-489830761.366015,323650724.705068,-23944317.609896,533660412.019767,-687419188.112914
1479,1270360728.600000,-1201869685.757953,1137284914.081885,950267680.349405,-831086463.876936,-551702482.718055,396356735.306658,67814002.295809,426562220.118434,-580284817.896346
1480,1270360728.600000,-1208184848.980489,1149456753.627723,978829764.488596,-869621760.248597,-612000948.437583,467650974.964037,159218417.908507,315925866.254313,-467650974.964188
1481,1270360728.600000,-1214201910.669998,1161072726.087746,1006223024.785608,-906706761.178554,-670554209.142758,537279502.903400,249791912.476725,202669034.461389,-350585112.275597
1482,1270360728.600000,-1219919386.206541,1172127214.080758,1032414750.858194,-942279618.849444,-727195292.144389,604994311.398744,339061805.617771,87731144.583763,-230196685.908013
1483,1270360728.600000,-1225335864.888583,1182614871.754457,1057373667.080070,-976281007.292575,-781762677.591332,670554209.142747,426562220.118293,-27934439.834263,-107626640.524477
1484,1270360728.600000,-1230450010.281059,1192530627.370665,1081069969.927279,-1008654221.327677,-834100759.066702,733725680.338973,511836513.230774,-143368319.314935,15963403.581723
1485,1270360728.600000,-1235260560.545117,1201869685.757952,1103475363.566620,-1039345271.131944,-884060287.321082,794283716.454404,594439659.777689,-257613016.279825,139402159.389939
1486,1270360728.600000,-1239766328.749459,1210627530.630561,1124563093.643827,-1068302972.280526,-931498795.877129,852012617.670666,673940574.626310,-369720916.940823,261519773.668277
1487,1270360728.600000,-1243966203.163206,1218799926.772429,1144307979.231044,-1095479031.108419,-976281007.292570,906706761.178532,749924362.414246,-478762131.375328,381158913.901628
1488,1270360728.600000,-1247859147.530188,1226382922.085299,1162686442.895423,-1120828125.251295,-1018279218.922263,958171333.579470,821994482.784311,-583832206.588922,497185736.558058
1489,1270360728.600000,-1251444201.324634,1233372849.499933,1179676538.853042,-1144307979.231047,-1057373667.080078,1006223024.785597,889774819.829255,-684059628.588965,608500632.745870
1490,1270360728.600000,-1254720479.988163,1239766328.749459,1195257979.174417,-1165879434.959926,-1093452868.561361,1050690680.946318,952911644.946647,-778613051.242612,714048649.422072
1491,1270360728.600000,-1257687175.148043,1245560268.004050,1209412158.010393,-1185506517.045697,-1126413938.552821,1091415914.075947,1011075462.859741,-866708191.958138,812829487.388852
1492,1270360728.600000,-1260343554.816631,1250751865.366095,1222122173.809461,-1203156492.788950,-1156162884.022607,1128253666.210976,1063962731.170832,-947614336.993736,903906981.324400
1493,1270360728.600000,-1262688963.571995,1255338610.225182,1233372849.499931,-1218799926.772430,-1182614871.754455,1161072726.087742,1111297444.472993,-1020660402.433785,986417972.005139
1494,1270360728.600000,-1264722822.719616,1259318284.472199,1243150750.612951,-1232410729.951410,-1205694470.261325,1189756196.499668,1152832574.753188,-1085240500.560002,1059580486.634319
1495,1270360728.600000,-1266444630.435186,1262688963.571995,1251444201.324632,-1243966203.163207,-1225335864.888581,1214201910.669992,1188351360.569531,-1140818965.446105,1122701149.751050
1496,1270360728.600000,-1267853961.888413,1265449017.494068,1258243298.398192,-1253447074.983288,-1241483045.493646,1234322796.156358,1217668438.275070,-1186934796.091217,1175181754.485426
1497,1270360728.600000,-1268950469.347851,1267597111.500836,1263539923.009445,-1260837533.864823,-1254089966.166558,1250047184.991586,1240630809.384157,-1223205480.237623,1216524931.881821
1498,1270360728.600000,-1269733882.266691,1269132206.793099,1267327750.441518,-1266125254.508106,-1263120676.536288,1261319068.955571,1257118639.033217,-1249330167.156022,1246338864.561843
1499,1270360728.600000,-1270204007.349517,1270053561.012395,1269602257.637211,-1269301418.415835,-1268549424.288128,1268098299.069237,1267045881.368940,-1265092163.081287,1264341000.054250
1500,1270360728.600000,-1270360728.600000,1270360728.600000,1270360728.600000,-1270360728.600000,-1270360728.600000,1270360728.600000,1270360728.600000,-1270360728.600000,1270360728.600000
1501,1270360728.600000,-1270204007.349517,1270053561.012395,1269602257.637212,-1269301418.415834,-1268549424.288128,1268098299.069242,1267045881.368949,-1265092163.081304,1264341000.054276
1502,1270360728.600000,-1269733882.266690,1269132206.793098,1267327750.441519,-1266125254.508104,-1263120676.536288,1261319068.955581,1257118639.033235,-1249330167.156062,1246338864.561887
1503,1270360728.600000,-1268950469.347851,1267597111.500836,1263539923.009447,-1260837533.864820,-1254089966.166558,1250047184.991601,1240630809.384176,-1223205480.237672,1216524931.881887
1504,1270360728.600000,-1267853961.888413,1265449017.494068,1258243298.398194,-1253447074.983284,-1241483045.493647,1234322796.156369,1217668438.275105,-1186934796.091283,1175181754.485513
1505,1270360728.600000,-1266444630.435186,1262688963.571995,1251444201.324635,-1243966203.163204,-1225335864.888582,1214201910.670007,1188351360.569574,-1140818965.446187,1122701149.751171
1506,1270360728.600000,-1264722822.719616,1259318284.472198,1243150750.612954,-1232410729.951409,-1205694470.261326,1189756196.499698,1152832574.753235,-1085240500.560098,1059580486.634462
1507,1270360728.600000,-1262688963.571994,1255338610.225182,1233372849.499935,-1218799926.772429,-1182614871.754457,1161072726.087759,1111297444.473047,-1020660402.433917,986417972.005301
1508,1270360728.600000,-1260343554.816632,1250751865.366094,1222122173.809465,-1203156492.788946,-1156162884.022594,1128253666.210994,1063962731.170893,-947614336.993858,903906981.324581
1509,1270360728.600000,-1257687175.148043,1245560268.004049,1209412158.010397,-1185506517.045692,-1126413938.552823,1091415914.075967,1011075462.859810,-866708191.958246,812829487.389023
1510,1270360728.600000,-1254720479.988164,1239766328.749459,1195257979.174422,-1165879434.959920,-1093452868.561363,1050690680.946362,952911644.946721,-778613051.242730,714048649.422285
1511,1270360728.600000,-1251444201.324634,1233372849.499935,1179676538.853048,-1144307979.231044,-1057373667.080081,1006223024.785622,889774819.829335,-684059628.589151,608500632.746064
1512,1270360728.600000,-1247859147.530189,1226382922.085300,1162686442.895429,-1120828125.251293,-1018279218.922266,958171333.579497,821994482.784369,-583832206.589086,497185736.558295
1513,1270360728.600000,-1243966203.163207,1218799926.772430,1144307979.231050,-1095479031.108417,-976281007.292572,906706761.178585,749924362.414337,-478762131.375500,381158913.901839
1514,1270360728.600000,-1239766328.749460,1210627530.630562,1124563093.643833,-1068302972.280523,-931498795.877132,852012617.670723,673940574.626406,-369720916.941000,261519773.668529
1515,1270360728.600000,-1235260560.545115,1201869685.757954,1103475363.566626,-1039345271.131931,-884060287.321086,794283716.454463,594439659.777788,-257613016.280006,139402159.390158
1516,1270360728.600000,-1230450010.281059,1192530627.370664,1081069969.927287,-1008654221.327663,-834100759.066706,733725680.339007,511836513.230911,-143368319.315155,15963403.581945
1517,1270360728.600000,-1225335864.888583,1182614871.754458,1057373667.080078,-976281007.292561,-781762677.591307,670554209.142812,426562220.118399,-27934439.834448,-107626640.524256
1518,1270360728.600000,-1219919386.206540,1172127214.080756,1032414750.858202,-942279618.849435,-727195292.144392,604994311.398779,339061805.617880,87731144.583614,-230196685.907760
1519,1270360728.600000,-1214201910.669996,1161072726.087748,1006223024.785616,-906706761.178544,-670554209.142762,537279502.903470,249791912.476836,202669034.461241,-350585112.275384
1520,1270360728.600000,-1208184848.980489,1149456753.627722,978829764.488605,-869621760.248586,-612000948.437587,467650974.964075,159218417.908618,315925866.254099,-467650974.963949
1521,1270360728.600000,-1201869685.757952,1137284914.081887,950267680.349415,-831086463.876919,-551702482.718059,396356735.306731,67814002.295886,426562220.118259,-580284817.896118
1522,1270360728.600000,-1195257979.174417,1124563093.643829,920570878.446687,-791165138.584046,-489830761.366019,323650724.705142,-23944317.609784,533660412.019599,-687419188.112759
1523,1270360728.600000,-1188351360.569552,1111297444.473026,889774819.829290,-749924362.414282,-426562220.118344,249791912.476801,-115577678.119052,636332105.553722,-788038752.233073
1524,1270360728.600000,-1181151534.048147,1097494381.719689,857916278.172116,-707432913.901500,-362077277.936406,175043374.068154,-206607867.674340,733725680.338914,-881189918.968068
1525,1270360728.600000,-1173660276.059665,1083160580.422492,825033295.864584,-663761657.365006,-296559822.516277,99671354.014150,-296559822.516203,825033295.864491,-965989876.491346
1526,1270360728.600000,-1165879434.959922,1068302972.280526,791165138.584064,-618983424.726875,-230196685.907871,23944317.609883,-384964105.922105,909497592.202856,-1041634959.019729
1527,1270360728.600000,-1157810930.555032,1052928742.301256,756352248.408576,-573172894.047902,-163177111.737513,-51868005.327663,-471359358.079133,986417972.005185,-1107408263.310784
1528,1270360728.600000,-1149456753.627723,1037045325.325861,720636195.524832,-526406464.984671,-95692215.553560,-127495581.201896,-555294703.805166,1055156411.674526,-1162686442.895378
1529,1270360728.600000,-1140818965.446147,1020660402.433850,684059628.589072,-478762131.375408,-27934439.834339,-202669034.461290,-636332105.553765,1115142753.514894,-1206945615.653851
1530,1270360728.600000,-1131899697.255288,1003781897.228524,646666223.800220,-430319351.167253,39902994.788381,-277120607.079643,-714048649.422143,1165879434.959884,-1239766328.749429
1531,1270360728.600000,-1122701149.751112,986417972.005233,608500632.745969,-381158913.901740,107626640.524351,-350585112.275489,-788038752.233130,1206945615.653855,-1260837533.864805
1532,1270360728.600000,-1113225592.537570,968577023.804116,569608429.084148,-331362805.979552,175043374.068150,-422800879.072512,-857916278.172062,1238000668.153414,-1269959535.067830
1533,1270360728.600000,-1103475363.566622,950267680.349415,530036054.123123,-281014073.929224,241960947.316646,-493510684.337651,-923316553.932913,1258787003.294948,-1267045881.368953
1534,1270360728.600000,-1093452868.561373,931498795.877135,489830761.366023,-230196685.907880,308188535.591056,-562462668.976202,-983898271.856943,1269132206.793093,-1252124186.034158
1535,1270360728.600000,-1083160580.422489,912279446.853267,449040560.085198,-178995391.664856,373537281.799909,-629411235.020941,-1039345271.131907,1268950469.347857,-1225335864.888610
1536,1270360728.600000,-1072601038.618067,892618927.584432,407714157.994206,-127495581.201927,437820834.990812,-694117920.420248,-1089368187.756059,1258243298.398209,-1186934796.091295
1537,1270360728.600000,-1061776848.557037,872526745.723296,365900903.085753,-75783142.365713,500855881.756113,-756352248.408540,-1133705964.656532,1237099505.618492,-1137284914.081942
1538,1270360728.600000,-1050690680.946339,852012617.670696,323650724.705099,-23944317.609833,562462668.976222,-815892548.434647,-1172127214.080743,1205694470.261356,-1076856760.503251
1539,1270360728.600000,-1039345271.131936,831086463.876929,281014073.929246,27934439.834339,622465516.410304,-872526745.723270,-1204431425.151079,1164288684.457353,-1006223024.785674
1540,1270360728.600000,-1027743418.423939,809758404.044267,238041863.323154,79766610.138444,680693317.672914,-926053116.657596,-1230450010.281045,1113225592.537618,-926053116.657698
1541,1270360728.600000,-1015887985.405900,788038752.233180,194785406.144898,131465751.168927,736980028.167199,-976281007.292546,-1250047184.991584,1052928742.301306,-837106822.018801
1542,1270360728.600000,-1003781897.228524,765938011.874536,151296355.072319,182945642.649346,791165138.584046,-1023031512.439278,-1263120676.536280,983898271.857052,-740227102.300151
1543,1270360728.600000,-991428140.887915,743466870.690266,107626640.524373,234120429.952591,843094132.616563,-1066138112.902059,-1269602257.637209,906706761.178636,-636332105.553925
1544,1270360728.600000,-978829764.488599,720636195.524824,63828408.650872,284904767.283332,892618927.584422,-1105447268.597841,-1269458102.546010,821994482.784425,-526406464.984802
1545,1270360728.600000,-965989876.491443,697457027.090129,19953959.064602,335213960.011915,939598296.712242,-1140818965.446138,-1262688963.572001,730464090.934621,-411491967.388555
1546,1270360728.600000,-952911644.946676,673940574.626352,-23944317.609838,384964105.922195,983898271.856980,-1172127214.080743,-1249330167.156055,632874793.396810,-292677679.934728
1547,1270360728.600000,-939598296.712242,650098210.481206,-67814002.295831,434072235.137900,1025392525.536750,-1199260498.607543,-1229451429.510754,530036054.123180,-171089628.864134
1548,1270360728.600000,-926053116.657605,625941464.610429,-111602710.058573,482456448.494129,1063962731.170852,-1222122173.809452,-1203156492.788963,422800879.072640,-47880127.917750
1549,1270360728.600000,-912279446.853267,601482019.001943,-155258152.658063,530036054.123119,1099498900.504490,-1240630809.384154,-1170582583.679474,312058740.869617,75783142.365587
1550,1270360728.600000,-898280685.746144,576731702.026608,-198728200.986646,576731702.026612,1131899697.255292,-1254720479.988159,-1131899697.255316,198728200.986754,198728200.986535
1551,1270360728.600000,-884060287.321076,551702482.718063,-241960947.316615,622465516.410327,1161072726.087742,-1264341000.054259,-1087309709.812043,83749290.646995,319789873.578005
1552,1270360728.600000,-869621760.248590,526406464.984675,-284904767.283328,667161225.559876,1186934796.091247,-1269458102.546008,-1037045325.325905,-31924286.357062,437820834.990711
1553,1270360728.600000,-854968667.019195,500855881.756126,-327508381.530076,710744289.041450,1209412158.010388,-1270053561.012396,-981368861.030060,-147333064.252487,551702482.717945
1554,1270360728.600000,-840104623.064381,475063089.067746,-369720916.940910,753142022.015289,1228440714.551169,-1266125254.508110,-920570878.446727,-261519773.668290,660355538.110481
1555,1270360728.600000,-825033295.864580,449040560.085189,-411491967.388422,794283716.454432,1243966203.163200,-1257687175.148048,-854968667.019242,-373537281.799818,762750274.911070
1556,1270360728.600000,-809758404.044268,422800879.072546,-452771653.923854,834100759.066712,1255944350.776915,-1244769378.269246,-784904588.257981,-482456448.494058,857916278.171999
1557,1270360728.600000,-794283716.454428,396356735.306697,-493510684.337692,872526745.723299,1264341000.054260,-1227417875.377695,-710744289.041480,-587373833.093486,944951641.067144
1558,1270360728.600000,-778613051.242672,369720916.940918,-533660412.019678,909497592.202944,1269132206.793098,-1205694470.261338,-632874793.396790,-687419188.112759,1023031512.439228
1559,1270360728.600000,-762750274.911163,342906304.820591,-573172894.047898,944951641.067222,1270304308.207366,-1179676538.853056,-551702482.718124,-781762677.591246,1091415914.075891
1560,1270360728.600000,-746699301.362601,315925866.254199,-612000948.437575,978829764.488608,1267853961.888415,-1149456753.627727,-467650974.964121,-869621760.248524,1149456753.627658
1561,1270360728.600000,-730464090.934525,288792648.742395,-650098210.481206,1011075462.859780,1261788155.336331,-1115142753.514954,-381158913.901817,-950267680.349331,1196603966.706083
1562,1270360728.600000,-714048649.422180,261519773.668405,-687419188.112843,1041634959.019794,1252124186.034137,-1076856760.503213,-292677679.934658,-1023031512.439236,1232410729.951374
1563,1270360728.600000,-697457027.090129,234120429.952578,-723919316.230299,1070457287.939931,1238889612.121605,-1034735144.301107,-202669034.461366,-1087309709.811948,1256537695.664936
1564,1270360728.600000,-680693317.672922,206607867.674412,-759555009.910512,1097494381.719692,1222122173.809470,-988927936.606341,-111602710.058649,-1142569110.686489,1268756207.873760
1565,1270360728.600000,-663761657.365006,178995391.664861,-794283716.454421,1122701149.751114,1201869685.757957,-939598296.712279,-19953959.064669,-1188351360.569526,1268950469.347857
1566,1270360728.600000,-646666223.800216,151296355.072310,-828063966.199268,1146035553.917795,1178189900.726758,-886921930.355896,71798926.643944,-1224276714.121541,1257118639.033245
1567,1270360728.600000,-629411235.020977,123524152.905035,-860855422.037708,1167458678.703197,1151150344.885054,-831086463.876967,163177111.737459,-1250047184.991577,1233372849.499959
1568,1270360728.600000,-612000948.437583,95692215.553574,-892618927.584432,1186934796.091254,1120828125.251295,-772290775.917357,253703716.354914,-1265449017.494060,1197938144.239808
1569,1270360728.600000,-594439659.777725,67814002.295831,-923316553.932956,1204431425.151095,1087309709.812018,-710744289.041480,342906304.820525,-1270354459.626237,1151150344.885115
1570,1270360728.600000,-576731702.026608,39902994.788377,-952911644.946673,1219919386.206544,1050690680.946341,-646666223.800239,430319351.167185,-1264722822.719628,1093452868.561430
1571,1270360728.600000,-558881444.357842,11972690.546722,-981368861.030023,1233372849.499938,1011075462.859788,-580284817.896282,515486668.599921,-1248600818.936139,1025392525.536838
1572,1270360728.600000,-540893291.055399,-15963403.581827,-1008654221.327666,1244769378.269244,968577023.804122,-511836513.230857,597963790.220387,-1222122173.809493,947614336.993874
1573,1270360728.600000,-522771680.426948,-43891777.950071,-1034735144.301094,1254089966.166560,923316553.932981,-441565113.728881,677320288.588483,-1185506517.045721,860855422.037808
1574,1270360728.600000,-504521083.708752,-71798926.643985,-1059580486.634367,1261319068.955575,875423119.711281,-369720916.940966,753142022.015224,-1139057560.783182,765938011.874630
1575,1270360728.600000,-486146003.962467,-99671354.014123,-1083160580.422483,1266444630.435185,825033295.864577,-296559822.516312,825033295.864519,-1083160580.422542,663761657.365133
1576,1270360728.600000,-467650974.964058,-127495581.201932,-1105447268.597859,1269458102.546009,772290775.917347,-222342420.721645,892618927.584396,-1018279218.922330,555294703.805321
1577,1270360728.600000,-449040560.085189,-155258152.658071,-1126413938.552821,1270354459.626237,717345962.431025,-147333064.252635,955546204.690670,-944951641.067277,441565113.728970
1578,1270360728.600000,-430319351.167257,-182945642.649333,-1146035553.917793,1269132206.793098,660355538.110577,-71798926.644034,1013486725.485206,-863786069.607910,323650724.705212
1579,1270360728.600000,-411491967.388435,-210544661.751272,-1164288684.457307,1265793382.435917,601482019.001951,3990949.367498,1066138112.902032,-775455740.297647,202669034.461460
1580,1270360728.600000,-392563054.123938,-238041863.323146,-1181151534.048143,1260343554.816631,540893291.055419,79766610.138390,1113225592.537546,-680693317.673020,79766610.138539
1581,1270360728.600000,-373537281.799887,-265423949.962301,-1196603966.706121,1252791812.783418,478762131.375421,155258152.658049,1154503426.629244,-580284817.896346,-43891777.949936
1582,1270360728.600000,-354419344.740915,-292677679.934610,-1210627530.630559,1243150750.612954,415265715.523098,230196685.907853,1189756196.499655,-475063089.067851,-167134195.074102
1583,1270360728.600000,-335213960.011915,-319789873.578123,-1223205480.237645,1231436447.006523,350585112.275515,304315288.616145,1218799926.772406,-365900903.085817,-288792648.742281
1584,1270360728.600000,-315925866.254195,-346747419.676561,-1234322796.156363,1217668438.275085,284904767.283328,377349959.996667,1241483045.493626,-253703716.355073,-407714157.994061
1585,1270360728.600000,-296559822.516277,-373537281.799887,-1243966203.163205,1201869685.757951,218411977.098509,449040560.085143,1257687175.148034,-139402159.390136,-522771680.426821
1586,1270360728.600000,-277120607.079678,-400146504.608484,-1252124186.034132,1184066537.529421,151296355.072310,519131736.323758,1267327750.441514,-23944317.609932,-632874793.396629
1587,1270360728.600000,-257613016.279922,-426562220.118348,-1258787003.294959,1164288684.457310,83749290.646922,587373833.093538,1270354459.626237,91712132.649404,-736980028.167093
1588,1270360728.600000,-238041863.323146,-452771653.923854,-1263946698.853675,1142569110.686516,15963403.581836,653523780.955298,1266751507.065054,206607867.674291,-834100759.066593
1589,1270360728.600000,-218411977.098491,-478762131.375412,-1267597111.500836,1118944038.630378,-51868005.327663,717345962.430991,1256537695.664965,319789873.578005,-923316553.932888
1590,1270360728.600000,-198728200.986660,-504521083.708748,-1269733882.266690,1093452868.561366,-119551505.474618,778613051.242630,1239766328.749474,430319351.167151,-1003781897.228441
1591,1270360728.600000,-178995391.664865,-530036054.123115,-1270354459.626237,1066138112.902063,-186894088.034179,837106822.018706,1216524931.881877,537279502.903334,-1074734203.156909
1592,1270360728.600000,-159218417.908543,-555294703.805231,-1269458102.546009,1037045325.325855,-253703716.354963,892618927.584422,1186934796.091278,639783137.369810,-1135501042.837608
1593,1270360728.600000,-139402159.390042,-580284817.896246,-1267045881.368944,1006223024.785610,-319789873.578123,944951641.067192,1151150344.885085,736980028.167111,-1185506517.045642
1594,1270360728.600000,-119551505.474626,-604994311.398764,-1263120676.536288,973722614.597127,-384964105.922174,993918560.173989,1109358328.351402,828063966.199203,-1224276714.121532
1595,1270360728.600000,-99671354.014123,-629411235.020981,-1257687175.148044,939598296.712245,-449040560.085189,1039345271.131921,1061776848.557077,912279446.853201,-1251444201.324605
1596,1270360728.600000,-79766610.138431,-653523780.955325,-1250751865.366096,903906981.324479,-511836513.230820,1081069969.927261,1008654221.327715,988927936.606261,-1266751507.065039
1597,1270360728.600000,-59842185.045265,-677320288.588541,-1242323028.666673,866708191.958184,-573172894.047907,1118944038.630368,950267680.349445,1057373667.080010,-1270053561.012398
1598,1270360728.600000,-39902994.788372,-700789250.140721,-1232410729.951411,828063966.199275,-632874793.396723,1152832574.753188,886921930.355913,1117048908.483483,-1261319068.955591
1599,1270360728.600000,-19953959.064597,-723919316.230299,-1221026805.528816,788038752.233166,-690771963.086748,1182614871.754447,818947556.950442,1167458678.703151,-1240630809.384194
1600,1270360728.600000,0.000000,-746699301.362601,-1208184848.980492,746699301.362601,-746699301.362608,1208184848.980475,746699301.362659,1208184848.980453,-1208184848.980528
1601,1270360728.600000,19953959.064592,-769118189.338942,-1193900194.929006,704114556.684311,-800497323.714576,1229451429.510729,670554209.142843,1238889612.121587,-1164288684.457373
1602,1270360728.600000,39902994.788372,-791165138.584056,-1178189900.726759,660355538.110547,-852012617.670703,1246338864.561857,590909662.455634,1259318284.472184,-1109358328.351408
1603,1270360728.600000,59842185.045265,-812829487.388919,-1161072726.087749,615495223.926910,-901098280.273421,1258787003.294953,508181306.242016,1269301418.415830,-1043914366.391198
1604,1270360728.600000,79766610.138431,-834100759.066709,-1142569110.686526,569608429.084132,-947614336.993783,1266751507.065045,422800879.072606,1268756207.873772,-968577023.804200
1605,1270360728.600000,99671354.014123,-854968667.019192,-1122701149.751114,522771680.426944,-991428140.887903,1270204007.349516,335213960.011988,1257687175.148057,-884060287.321163
1606,1270360728.600000,119551505.474626,-875423119.711275,-1101492567.679040,475063089.067738,-1032414750.858192,1269132206.793100,245877643.253281,1236186133.410859,-791165138.584173
1607,1270360728.600000,139402159.390042,-895454225.551136,-1078968689.707926,426562220.118348,-1070457287.939919,1263539923.009450,155258152.658125,1204431425.151134,-690771963.086873
1608,1270360728.600000,159218417.908543,-915052297.673760,-1055156411.674567,377349959.996689,-1105447268.597859,1253447074.983291,63828408.650926,1162686442.895476,-583832206.589119
1609,1270360728.600000,178995391.664865,-934207858.625367,-1030084167.898510,327508381.530076,-1137284914.081891,1238889612.121613,-27934439.834263,1111297444.473083,-471359358.079304
1610,1270360728.600000,198728200.986660,-952911644.946679,-1003781897.228527,277120607.079669,-1165879434.959918,1219919386.206558,-119551505.474546,1050690680.946382,-354419344.741063
1611,1270360728.600000,218411977.098495,-971154611.652597,-976281007.292572,226270669.914826,-1191149290.016477,1196603966.706136,-210544661.751183,981368861.030097,-234120429.952689
1612,1270360728.600000,238041863.323146,-988927936.606320,-947614336.993786,175043374.068137,-1213022418.778648,1169026400.100639,-300439038.172171,903906981.324555,-111602710.058721
1613,1270360728.600000,257613016.279922,-1006223024.785610,-917816117.297493,123524152.905026,-1231436447.006525,1137284914.081903,-388765498.502260,818947556.950470,11972690.546591
1614,1270360728.600000,277120607.079678,-1023031512.439305,-886921930.355883,71798926.643985,-1246338864.561861,1101492567.679061,-475063089.067680,727195292.144470,135434623.621850
1615,1270360728.600000,296559822.516277,-1039345271.131934,-854968667.019202,19953959.064584,-1257687175.148043,1061776848.557057,-558881444.357797,629411235.021091,257613016.279812
1616,1270360728.600000,315925866.254195,-1055156411.674564,-821994482.784339,-31924286.357188,-1265449017.494069,1018279218.922301,-639783137.369823,526406464.984790,377349959.996564
1617,1270360728.600000,335213960.011915,-1070457287.939928,-788038752.233176,-83749290.646913,-1269602257.637211,971154611.652638,-717345962.430973,419035365.152861,493510684.337572
1618,1270360728.600000,354419344.740915,-1085240500.560053,-753142022.015282,-135434623.622025,-1270135052.041050,920570878.446718,-791165138.584000,308188535.591166,604994311.398648
1619,1270360728.600000,373537281.799887,-1099498900.504493,-717345962.431036,-186894088.034179,-1267045881.368945,866708191.958210,-860855422.037655,194785406.145005,710744289.041315
1620,1270360728.600000,392563054.123938,-1113225592.537570,-680693317.672929,-238041863.323164,-1260343554.816631,809758404.044296,-926053116.657547,79766610.138539,809758404.044152
1621,1270360728.600000,411491967.388431,-1126413938.552821,-643227854.784671,-288792648.742404,-1250047184.991597,749924362.414337,-986417972.005193,-35913817.800116,901098280.273335
1622,1270360728.600000,430319351.167257,-1139057560.783153,-604994311.398767,-339061805.617836,-1236186133.410829,687419188.112872,-1041634959.019750,-151296355.072211,983898271.856912
1623,1270360728.600000,449040560.085185,-1151150344.885046,-566038342.315151,-388765498.502328,-1218799926.772434,622465516.410371,-1091415914.075917,-265423949.962204,1057373667.079990
1624,1270360728.600000,467650974.964058,-1162686442.895429,-526406464.984687,-437820834.990826,-1197938144.239765,555294703.805256,-1135501042.837640,-377349959.996577,1120828125.251242
1625,1270360728.600000,486146003.962467,-1173660276.059665,-486146003.962471,-486146003.962484,-1173660276.059660,486146003.962509,-1173660276.059644,-486146003.962350,1173660276.059608
1626,1270360728.600000,504521083.708757,-1184066537.529428,-445305034.397477,-533660412.019694,-1146035553.917795,415265715.523131,-1205694470.261302,-590909662.455450,1215369418.878635
1627,1270360728.600000,522771680.426948,-1193900194.929005,-403932324.625839,-580284817.896263,-1115142753.514937,342906304.820634,-1231436447.006507,-690771963.086658,1245560268.004024
1628,1270360728.600000,540893291.055399,-1203156492.788950,-362077277.936398,-625941464.610437,-1081069969.927289,269325506.628984,-1250751865.366082,-784904588.257863,1263946698.853663
1629,1270360728.600000,558881444.357842,-1211830954.845749,-319789873.578127,-670554209.142789,-1043914366.391116,194785406.144934,-1263539923.009436,-872526745.723217,1270354459.626236
1630,1270360728.600000,576731702.026608,-1219919386.206540,-277120607.079691,-714048649.422202,-1003781897.228532,119551505.474680,-1269733882.266689,-952911644.946608,1264722822.719626
1631,1270360728.600000,594439659.777725,-1227417875.377684,-234120429.952591,-756352248.408569,-960787005.704025,43891777.950107,-1269301418.415838,-1025392525.536695,1247105160.258280
1632,1270360728.600000,612000948.437583,-1234322796.156365,-190840688.849815,-797394455.065184,-915052297.673769,-31924286.357135,-1262244788.377407,-1089368187.756041,1217668438.275136
1633,1270360728.600000,629411235.020981,-1240630809.384164,-147333064.252608,-837106822.018729,-866708191.958193,-107626640.524329,-1248600818.936131,-1144307979.230992,1176691634.341867
1634,1270360728.600000,646666223.800216,-1246338864.561865,-103649508.758651,-875423119.711275,-815892548.434705,-182945642.649288,-1228440714.551185,-1189756196.499638,1124563093.643900
1635,1270360728.600000,663761657.365006,-1251444201.324633,-59842185.045274,-912279446.853260,-762750274.911171,-257613016.279896,-1201869685.757973,-1225335864.888552,1061776848.557116
1636,1270360728.600000,680693317.672922,-1255944350.776917,-15963403.581841,-947614336.993783,-707432913.901530,-331362805.979513,-1169026400.100658,-1250751865.366076,988927936.606423
1637,1270360728.600000,697457027.090133,-1259837136.686376,27934439.834330,-981368861.030034,-650098210.481217,-403932324.625774,-1130082258.461005,-1265793382.435909,906706761.178636
1638,1270360728.600000,714048649.422180,-1263120676.536288,71798926.643980,-1013486725.485247,-590909662.455582,-475063089.067713,-1085240500.560098,-1270335652.766821,815892548.434806
1639,1270360728.600000,730464090.934525,-1265793382.435919,115577678.119102,-1043914366.391124,-530036054.123127,-544501740.808897,-1034735144.301128,-1264341000.054274,717345962.431144
1640,1270360728.600000,746699301.362601,-1267853961.888413,159218417.908534,-1072601038.618065,-467650974.964088,-612000948.437551,-978829764.488642,-1247859147.530206,612000948.437701
1641,1270360728.600000,762750274.911163,-1269301418.415835,202669034.461304,-1099498900.504497,-403932324.625847,-677320288.588495,-917816117.297543,-1221026805.528838,500855881.756250
1642,1270360728.600000,778613051.242672,-1270135052.041050,245877643.253231,-1124563093.643829,-339061805.617823,-740227102.300001,-852012617.670759,-1184066537.529471,384964105.922337
1643,1270360728.600000,794283716.454425,-1270354459.626237,288792648.742391,-1147751817.696296,-273224405.161627,-800497323.714548,-781762677.591392,-1137284914.081942,265423949.962407
1644,1270360728.600000,809758404.044264,-1269959535.067834,331362805.979544,-1169026400.100636,-206607867.674416,-857916278.172089,-707432913.901560,-1081069969.927346,143368319.315177
1645,1270360728.600000,825033295.864580,-1268950469.347851,373537281.799883,-1188351360.569552,-139402159.390064,-912279446.853235,-629411235.021039,-1015887985.405971,19953959.064764
1646,1270360728.600000,840104623.064381,-1267327750.441518,415265715.523059,-1205694470.261325,-71798926.643998,-963393195.248634,-548104816.550208,-942279618.849514,-103649508.758521
1647,1270360728.600000,854968667.019195,-1265092163.081297,456498279.089091,-1221026805.528812,-3990949.367552,-1011075462.859750,-463937976.322681,-860855422.037791,-226270669.914693
1648,1270360728.600000,869621760.248593,-1262244788.377399,497185736.558158,-1234322796.156367,63828408.650849,-1055156411.674534,-377349959.996753,-772290775.917415,-346747419.676431
1649,1270360728.600000,884060287.321076,-1258787003.294960,537279502.903433,-1245560268.004053,131465751.168882,-1095479031.108401,-288792648.742461,-677320288.588620,-463937976.322475
1650,1270360728.600000,898280685.746144,-1254720479.988164,576731702.026604,-1254720479.988165,198728200.986642,-1131899697.255265,-198728200.986731,-576731702.026692,-576731702.026495
1651,1270360728.600000,912279446.853267,-1250047184.991594,615495223.926906,-1261788155.336332,265423949.962297,-1164288684.457299,-107626640.524441,-471359358.079304,-684059628.588935
1652,1270360728.600000,926053116.657605,-1244769378.269243,653523780.955313,-1266751507.065048,331362805.979535,-1192530627.370648,-15963403.581922,-362077277.936510,-784904588.257836
1653,1270360728.600000,939598296.712242,-1238889612.121603,690771963.086752,-1269602257.637212,396356735.306692,-1216524931.881838,75783142.365623,-249791912.476884,-878310853.626381
1654,1270360728.600000,952911644.946676,-1232410729.951409,727195292.144378,-1270335652.766820,460220398.800596,-1236186133.410820,167134195.074196,-135434623.622119,-963393195.248587
1655,1270360728.600000,965989876.491443,-1225335864.888582,762750274.911156,-1268950469.347851,522771680.426940,-1251444201.324630,257613016.279847,-19953959.064705,-1039345271.131845
1656,1270360728.600000,978829764.488599,-1217668438.275089,797394455.065173,-1265449017.494067,583832206.588974,-1262244788.377394,346747419.676488,95692215.553470,-1105447268.597806
1657,1270360728.600000,991428140.887915,-1209412158.010393,831086463.876926,-1259837136.686375,643227854.784655,-1268549424.288126,434072235.137841,210544661.751169,-1161072726.087689
1658,1270360728.600000,1003781897.228524,-1200571016.758375,863786069.607844,-1252124186.034130,700789250.140717,-1270335652.766821,519131736.323725,323650724.704998,-1205694470.261268
1659,1270360728.600000,1015887985.405903,-1191149290.016476,895454225.551133,-1242323028.666671,756352248.408558,-1267597111.500839,601482019.001883,434072235.137807,-1238889612.121576
1660,1270360728.600000,1027743418.423939,-1181151534.048148,926053116.657599,-1230450010.281055,809758404.044264,-1260343554.816635,680693317.672853,540893291.055284,-1260343554.816612
1661,1270360728.600000,1039345271.131936,-1170582583.679453,955546204.690706,-1216524931.881850,860855422.037698,-1248600818.936125,756352248.408500,643227854.784562,-1269852975.135360
1662,1270360728.600000,1050690680.946339,-1159447549.961006,983898271.856986,-1200571016.758369,909497592.202932,-1232410729.951424,828063966.199231,740227102.299961,-1267327750.441528
1663,1270360728.600000,1061776848.557037,-1147751817.696295,1011075462.859769,-1182614871.754450,955546204.690694,-1211830954.845764,895454225.551088,831086463.876844,-1252791812.783441
1664,1270360728.600000,1072601038.618065,-1135501042.837662,1037045325.325858,-1162686442.895423,998869945.538822,-1186934796.091257,958171333.579423,915052297.673681,-1226382922.085341
1665,1270360728.600000,1083160580.422487,-1122701149.751110,1061776848.557035,-1140818965.446139,1039345271.131921,-1157810930.555047,1015887985.405873,991428140.887828,-1188351360.569592
1666,1270360728.600000,1093452868.561370,-1109358328.351355,1085240500.560051,-1117048908.483535,1076856760.503184,-1124563093.643856,1068302972.280494,1059580486.634319,-1139057560.783214
1667,1270360728.600000,1103475363.566622,-1095479031.108417,1107408263.310844,-1091415914.075947,1111297444.473028,-1087309709.812025,1115142753.514911,1118944038.630334,-1078968689.707993
1668,1270360728.600000,1113225592.537570,-1081069969.927284,1128253666.210989,-1063962731.170852,1142569110.686514,-1046183470.749128,1156162884.022571,1169026400.100591,-1008654221.327745
1669,1270360728.600000,1122701149.751112,-1066138112.902071,1147751817.696295,-1034735144.301096,1170582583.679449,-1001330862.749375,1191149290.016444,1209412158.010355,-928780539.611957
1670,1270360728.600000,1131899697.255290,-1050690680.946339,1165879434.959917,-1003781897.228521,1195257979.174408,-952911644.946706,1219919386.206514,1239766328.749432,-840104623.064489
1671,1270360728.600000,1140818965.446147,-1034735144.301091,1182614871.754454,-971154611.652600,1216524931.881852,-901098280.273450,1242323028.666658,1259837136.686360,-743466870.690401
1672,1270360728.600000,1149456753.627723,-1018279218.922271,1197938144.239762,-936907701.119185,1234322796.156358,-846075321.170053,1258243298.398182,1269458102.546004,-639783137.369982
1673,1270360728.600000,1157810930.555032,-1001330862.749358,1211830954.845751,-901098280.273437,1248600818.936113,-788038752.233219,1267597111.500831,1268549424.288135,-530036054.123259
1674,1270360728.600000,1165879434.959924,-983898271.856997,1224276714.121569,-863786069.607844,1259318284.472193,-727195292.144422,1270335652.766821,1257118639.033245,-415265715.523213
1675,1270360728.600000,1173660276.059665,-965989876.491443,1235260560.545113,-825033295.864574,1266444630.435184,-663761657.365053,1266444630.435191,1235260560.545142,-296559822.516418
1676,1270360728.600000,1181151534.048147,-947614336.993786,1244769378.269241,-784904588.257952,1269959535.067833,-597963790.220466,1255944350.776928,1203156492.788982,-175043374.068275
1677,1270360728.600000,1188351360.569552,-928780539.611853,1252791812.783419,-743466870.690255,1269852975.135365,-530036054.123160,1238889612.121622,1161072726.087788,-51868005.327847
1678,1270360728.600000,1195257979.174417,-909497592.202938,1259318284.472197,-700789250.140717,1266125254.508106,-460220398.800680,1215369418.878703,1109358328.351419,71798926.643872
1679,1270360728.600000,1201869685.757952,-889774819.829280,1264341000.054263,-656942901.413545,1258787003.294964,-388765498.502367,1185506517.045730,1048442249.698658,194785406.144751
1680,1270360728.600000,1208184848.980489,-869621760.248593,1267853961.888412,-612000948.437571,1247859147.530190,-315925866.254221,1149456753.627752,978829764.488679,315925866.254064
1681,1270360728.600000,1214201910.669998,-849048159.301638,1269852975.135364,-566038342.315143,1233372849.499941,-241960947.316664,1107408263.310886,901098280.273517,434072235.137773
1682,1270360728.600000,1219919386.206540,-828063966.199279,1270335652.766821,-519131736.323774,1215369418.878681,-167134195.074321,1059580486.634422,815892548.434778,548104816.549996
1683,1270360728.600000,1225335864.888583,-806679328.711071,1269301418.415835,-471359358.079187,1193900194.929005,-91712132.649530,1006223024.785644,723919316.230426,656942901.413421
1684,1270360728.600000,1230450010.281059,-784904588.257952,1266751507.065048,-422800879.072533,1169026400.100639,-15963403.581886,947614336.993826,625941464.610523,759555009.910407
1685,1270360728.600000,1235260560.545116,-762750274.911163,1262688963.571995,-373537281.799892,1140818965.446149,59842185.045229,884060287.321128,522771680.427043,854968667.019095
1686,1270360728.600000,1239766328.749459,-740227102.300056,1257118639.033225,-323650724.705085,1109358328.351367,135434623.621957,815892548.434750,415265715.523166,942279618.849333
1687,1270360728.600000,1243966203.163205,-717345962.431021,1250047184.991596,-273224405.161592,1074734203.156981,210544661.751241,743466870.690332,304315288.616255,1020660402.433756
1688,1270360728.600000,1247859147.530188,-694117920.420274,1241483045.493646,-222342420.721628,1037045325.325876,284904767.283288,667161225.559949,190840688.849936,1089368187.756015
1689,1270360728.600000,1251444201.324634,-670554209.142777,1231436447.006525,-171089628.863973,996399169.885202,358250079.230421,587373833.093638,75783142.365844,1147751817.696237
1690,1270360728.600000,1254720479.988164,-646666223.800216,1219919386.206542,-119551505.474622,952911644.946697,430319351.167219,504521083.708823,-39902994.788250,1195257979.174359
1691,1270360728.600000,1257687175.148043,-622465516.410327,1206945615.653890,-67814002.295827,906706761.178560,500855881.756080,419035365.152827,-155258152.657955,1231436447.006493
1692,1270360728.600000,1260343554.816632,-597963790.220434,1192530627.370667,-15963403.581831,857916278.172108,569608429.084112,331362805.979644,-269325506.628817,1255944350.776894
1693,1270360728.600000,1262688963.571994,-573172894.047910,1176691634.341809,35913817.800228,806679328.711088,636332105.553753,241960947.316686,-381158913.901641,1268549424.288121
1694,1270360728.600000,1264722822.719616,-548104816.550135,1159447549.961008,87731144.583704,753142022.015285,700789250.140687,151296355.072381,-489830761.365915,1269132206.793105
1695,1270360728.600000,1266444630.435186,-522771680.426948,1140818965.446153,139402159.390046,697457027.090152,762750274.911127,59842185.045342,-594439659.777637,1257687175.148067
1696,1270360728.600000,1267853961.888413,-497185736.558158,1120828125.251299,190840688.849824,639783137.369877,821994482.784311,-31924286.357098,-694117920.420187,1234322796.156404
1697,1270360728.600000,1268950469.347851,-471359358.079187,1099498900.504497,241960947.316628,580284817.896270,878310853.626449,-123524152.904945,-788038752.233073,1199260498.607599
1698,1270360728.600000,1269733882.266690,-445305034.397468,1076856760.503191,292677679.934623,519131736.323795,931498795.877095,-214479377.837250,-875423119.711183,1152832574.753266
1699,1270360728.600000,1270204007.349517,-419035365.152746,1052928742.301256,342906304.820612,456498279.089129,981368861.030003,-304315288.616088,-955546204.690631,1095479031.108506
1700,1270360728.600000,1270360728.600000,-392563054.123934,1027743418.423947,392563054.123951,392563054.123956,1027743418.423907,-392563054.123861,-1027743418.423873,1027743418.424016
1701,1270360728.600000,1270204007.349517,-365900903.085748,1001330862.749361,441565113.728864,327508381.530076,1070457287.939911,-478762131.375328,-1091415914.075880,950267680.349516
1702,1270360728.600000,1269733882.266691,-339061805.617823,973722614.597138,489830761.366019,261519773.668423,1109358328.351329,-562462668.976169,-1146035553.917731,863786069.607953
1703,1270360728.600000,1268950469.347851,-312058740.869525,944951641.067220,537279502.903449,194785406.144898,1144307979.231033,-643227854.784605,-1191149290.016440,769118189.339057
1704,1270360728.600000,1267853961.888413,-284904767.283332,915052297.673760,583832206.589006,127495581.201958,1175181754.485453,-720636195.524758,-1226382922.085274,667161225.559979
1705,1270360728.600000,1266444630.435186,-257613016.279927,884060287.321082,629411235.020992,59842185.045269,1201869685.757929,-794283716.454358,-1251444201.324617,558881444.357984
1706,1270360728.600000,1264722822.719616,-230196685.907889,852012617.670703,673940574.626371,-7981859.345959,1224276714.121554,-863786069.607774,-1266125254.508095,445305034.397616
1707,1270360728.600000,1262688963.571995,-202669034.461313,818947556.950401,717345962.431021,-75783142.365708,1242323028.666666,-928780539.611806,-1270304308.207367,327508381.530215
1708,1270360728.600000,1260343554.816632,-175043374.068141,784904588.257956,759555009.910523,-143368319.315043,1255944350.776910,-988927936.606269,-1263946698.853687,206607867.674581
1709,1270360728.600000,1257687175.148043,-147333064.252608,749924362.414294,800497323.714579,-210544661.751254,1265092163.081292,-1043914366.391072,-1247105160.258276,83749290.647067
1710,1270360728.600000,1254720479.988164,-119551505.474622,714048649.422195,840104623.064381,-277120607.079678,1269733882.266689,-1093452868.561325,-1219919386.206581,-39902994.788214
1711,1270360728.600000,1251444201.324633,-91712132.649494,677320288.588548,878310853.626488,-342906304.820573,1269852975.135365,-1137284914.081843,-1182614871.754509,-163177111.737365
1712,1270360728.600000,1247859147.530188,-63828408.650858,639783137.369877,915052297.673757,-407714157.994198,1265449017.494071,-1175181754.485448,-1135501042.837707,-284904767.283161
1713,1270360728.600000,1243966203.163206,-35913817.800219,601482019.001951,950267680.349417,-471359358.079166,1256537695.664965,-1206945615.653862,-1078968689.707974,-403932324.625706
1714,1270360728.600000,1239766328.749459,-7981859.345981,562462668.976226,983898271.856992,-533660412.019678,1243150750.612968,-1232410729.951388,-1013486725.485304,-519131736.323638
1715,1270360728.600000,1235260560.545117,19953959.064597,522771680.426960,1015887985.405906,-594439659.777700,1225335864.888597,-1251444201.324617,-939598296.712327,-629411235.020848
1716,1270360728.600000,1230450010.281059,47880127.917651,482456448.494133,1046183470.749097,-653523780.955310,1203156492.788959,-1263946698.853669,-857916278.172199,-733725680.338867
1717,1270360728.600000,1225335864.888583,75783142.365713,441565113.728852,1074734203.156979,-710744289.041446,1176691634.341826,-1269852975.135362,-769118189.339039,-831086463.876827
1718,1270360728.600000,1219919386.206540,103649508.758642,400146504.608502,1101492567.679040,-765938011.874521,1146035553.917821,-1269132206.793102,-673940574.626448,-920570878.446575
1719,1270360728.600000,1214201910.669998,131465751.168909,358250079.230486,1126413938.552823,-818947556.950394,1111297444.473047,-1261788155.336341,-573172894.048039,-1001330862.749283
1720,1270360728.600000,1208184848.980489,159218417.908543,315925866.254208,1149456753.627727,-869621760.248577,1072601038.618099,-1247859147.530206,-467650974.964188,-1072601038.617988
1721,1270360728.600000,1201869685.757953,186894088.034166,273224405.161614,1170582583.679449,-917816117.297490,1030084167.898528,-1227417875.377713,-358250079.230577,-1133705964.656483
1722,1270360728.600000,1195257979.174417,214479377.837317,230196685.907893,1189756196.499681,-963393195.248657,983898271.857029,-1200571016.758399,-245877643.253329,-1184066537.529378
1723,1270360728.600000,1188351360.569552,241960947.316619,186894088.034179,1206945615.653889,-1006223024.785583,934207858.625391,-1167458678.703229,-131465751.169008,-1223205480.237603
1724,1270360728.600000,1181151534.048147,269325506.628963,143368319.315043,1222122173.809465,-1046183470.749084,881189918.968191,-1128253666.211018,-15963403.581958,-1250751865.366069
1725,1270360728.600000,1173660276.059665,296559822.516277,99671354.014132,1235260560.545122,-1083160580.422483,825033295.864632,-1083160580.422523,99671354.014001,-1266444630.435171
1726,1270360728.600000,1165879434.959924,323650724.705094,55855370.821469,1246338864.561864,-1117048908.483524,765938011.874572,-1032414750.858236,214479377.837201,-1270135052.041053
1727,1270360728.600000,1157810930.555032,350585112.275501,11972690.546731,1255338610.225182,-1147751817.696289,704114556.684371,-976281007.292618,327508381.529967,-1261788155.336349
1728,1270360728.600000,1149456753.627724,377349959.996701,-31924286.357179,1262244788.377400,-1175181754.485462,639783137.369908,-915052297.673819,437820834.990677,-1241483045.493678
1729,1270360728.600000,1140818965.446147,403932324.625830,-75783142.365718,1267045881.368945,-1199260498.607543,573172894.047963,-849048159.301712,544501740.808819,-1209412158.010441
1730,1270360728.600000,1131899697.255290,430319351.167261,-119551505.474618,1269733882.266691,-1219919386.206530,504521083.708790,-778613051.242730,646666223.800130,-1165879434.959977
1731,1270360728.600000,1122701149.751112,456498279.089099,-163177111.737499,1270304308.207366,-1237099505.618469,434072235.137947,-704114556.684382,743466870.690182,-1111297444.473107
1732,1270360728.600000,1113225592.537570,482456448.494121,-206607867.674402,1268756207.873766,-1250751865.366088,362077277.936428,-625941464.610503,834100759.066638,-1046183470.749189
1733,1270360728.600000,1103475363.566620,508181306.241954,-249791912.476765,1265092163.081296,-1260837533.864819,288792648.742448,-544501740.808998,917816117.297406,-971154611.652693
1734,1270360728.600000,1093452868.561370,533660412.019681,-292677679.934601,1259318284.472195,-1267327750.441518,214479377.837384,-460220398.800680,993918560.173944,-886921930.356000
1735,1270360728.600000,1083160580.422488,558881444.357834,-335213960.011901,1251444201.324635,-1270204007.349516,139402159.390087,-373537281.799961,1061776848.556975,-794283716.454530
1736,1270360728.600000,1072601038.618065,583832206.588998,-377349959.996689,1241483045.493644,-1269458102.546009,63828408.650926,-284904767.283412,1120828125.251242,-694117920.420403
1737,1270360728.600000,1061776848.557040,608500632.745965,-419035365.152742,1229451429.510742,-1265092163.081301,-11972690.546677,-194785406.144983,1170582583.679393,-587373833.093714
1738,1270360728.600000,1050690680.946339,632874793.396743,-460220398.800617,1215369418.878671,-1257118639.033226,-87731144.583629,-103649508.758741,1210627530.630517,-475063089.067885
1739,1270360728.600000,1039345271.131936,656942901.413553,-500855881.756126,1199260498.607540,-1245560268.004057,-163177111.737473,-11972690.546790,1240630809.384142,-358250079.230612
1740,1270360728.600000,1027743418.423939,680693317.672922,-540893291.055387,1181151534.048147,-1230450010.281064,-238041863.323093,79766610.138354,1260343554.816618,-238041863.323310
1741,1270360728.600000,1015887985.405903,704114556.684322,-580284817.896238,1161072726.087744,-1211830954.845764,-312058740.869451,171089628.863902,1269602257.637208,-115577678.119237
1742,1270360728.600000,1003781897.228524,727195292.144392,-618983424.726863,1139057560.783145,-1189756196.499690,-384964105.922139,261519773.668347,1268330120.631814,7981859.345837
1743,1270360728.600000,991428140.887915,749924362.414297,-656942901.413541,1115142753.514931,-1164288684.457315,-456498279.089069,350585112.275440,1256537695.664975,131465751.168774
1744,1270360728.600000,978829764.488599,772290775.917336,-694117920.420263,1089368187.756073,-1135501042.837674,-526406464.984634,437820834.990745,1234322796.156395,253703716.354808
1745,1270360728.600000,965989876.491443,794283716.454432,-730464090.934518,1061776848.557038,-1103475363.566629,-594439659.777668,522771680.426874,1201869685.757992,373537281.799737
1746,1270360728.600000,952911644.946676,815892548.434684,-765938011.874529,1032414750.858187,-1068302972.280543,-660355538.110523,604994311.398680,1159447549.961067,489830761.365869
1747,1270360728.600000,939598296.712242,837106822.018733,-800497323.714576,1001330862.749366,-1030084167.898515,-723919316.230255,684059628.588984,1107408263.310922,601482019.001788
1748,1270360728.600000,926053116.657608,857916278.172105,-834100759.066702,968577023.804122,-988927936.606341,-784904588.257920,759555009.910465,1046183470.749182,707432913.901395
1749,1270360728.600000,912279446.853267,878310853.626482,-866708191.958190,934207858.625367,-944951641.067228,-843094132.616519,831086463.876871,976281007.292633,806679328.710946
1750,1270360728.600000,898280685.746144,898280685.746141,-898280685.746132,898280685.746138,-898280685.746147,-898280685.746093,898280685.746083,898280685.746214,898280685.746032
1751,1270360728.600000,884060287.321076,917816117.297493,-928780539.611844,860855422.037702,-849048159.301658,-950267680.349379,960787005.703966,812829487.389023,981368861.029934
1752,1270360728.600000,869621760.248593,936907701.119185,-958171333.579467,821994482.784342,-797394455.065187,-998869945.538808,1018279218.922233,720636195.524928,1055156411.674486
1753,1270360728.600000,854968667.019195,955546204.690712,-986417972.005227,781762677.591325,-743466870.690284,-1043914366.391093,1070457287.939892,622465516.410434,1118944038.630299
1754,1270360728.600000,840104623.064378,973722614.597129,-1013486725.485247,740227102.300053,-687419188.112854,-1085240500.560021,1117048908.483500,519131736.323894,1172127214.080706
1755,1270360728.600000,825033295.864577,991428140.887918,-1039345271.131934,697457027.090122,-629411235.021008,-1122701149.751090,1157810930.554995,411491967.388576,1214201910.669950
1756,1270360728.600000,809758404.044264,1008654221.327668,-1063962731.170859,653523780.955302,-569608429.084160,-1156162884.022577,1192530627.370628,300439038.172373,1244769378.269212
1757,1270360728.600000,794283716.454425,1025392525.536756,-1087309709.812004,608500632.745969,-508181306.241995,-1185506517.045668,1221026805.528791,186894088.034313,1263539923.009431
1758,1270360728.600000,778613051.242672,1041634959.019789,-1109358328.351349,562462668.976226,-445305034.397493,-1210627530.630546,1243150750.612936,71798926.644093,1270335652.766819
1759,1270360728.600000,762750274.911167,1057373667.080081,-1130082258.460965,515486668.599958,-381158913.901748,-1231436447.006516,1258787003.294948,-43891777.949972,1265092163.081313
1760,1270360728.600000,746699301.362601,1072601038.618067,-1149456753.627722,467650974.964041,-315925866.254221,-1247859147.530178,1267853961.888407,-159218417.908413,1247859147.530224
1761,1270360728.600000,730464090.934525,1087309709.812006,-1167458678.703192,419035365.152725,-249791912.476778,-1259837136.686367,1270304308.207367,-273224405.161481,1218799926.772470
1762,1270360728.600000,714048649.422180,1101492567.679031,-1184066537.529424,369720916.940918,-182945642.649364,-1267327750.441515,1266125254.508112,-384964105.922071,1178189900.726825
1763,1270360728.600000,697457027.090133,1115142753.514941,-1199260498.607546,319789873.578114,-115577678.119129,-1270304308.207366,1255338610.225196,-493510684.337584,1126413938.552900
1764,1270360728.600000,680693317.672922,1128253666.210989,-1213022418.778651,269325506.628950,-47880127.917678,-1268756207.873769,1238000668.153458,-597963790.220303,1063962731.170953
1765,1270360728.600000,663761657.365006,1140818965.446147,-1225335864.888583,218411977.098473,19953959.064579,-1262688963.572001,1214201910.670028,-697457027.090009,991428140.888011
1766,1270360728.600000,646666223.800216,1152832574.753203,-1236186133.410826,167134195.074272,87731144.583650,-1252124186.034146,1184066537.529453,-791165138.583943,909497592.203061
1767,1270360728.600000,629411235.020981,1164288684.457312,-1245560268.004048,115577678.119115,155258152.658049,-1237099505.618486,1147751817.696332,-878310853.626407,818947556.950498
1768,1270360728.600000,612000948.437583,1175181754.485474,-1253447074.983285,63828408.650854,222342420.721628,-1217668438.275099,1105447268.597908,-958171333.579408,720636195.524958
1769,1270360728.600000,594439659.777725,1185506517.045695,-1259837136.686376,11972690.546704,288792648.742373,-1193900194.929022,1057373667.080133,-1030084167.898428,615495223.927053
1770,1270360728.600000,576731702.026608,1195257979.174417,-1264722822.719616,-39902994.788394,354419344.740907,-1165879434.959949,1003781897.228591,-1093452868.561306,504521083.708889
1771,1270360728.600000,558881444.357842,1204431425.151095,-1268098299.069239,-91712132.649490,419035365.152720,-1133705964.656583,944951641.067268,-1147751817.696242,388765498.502492
1772,1270360728.600000,540893291.055399,1213022418.778652,-1269959535.067833,-143368319.315043,482456448.494112,-1097494381.719723,881189918.968217,-1192530627.370623,269325506.629126
1773,1270360728.600000,522771680.426948,1221026805.528813,-1270304308.207366,-194785406.144907,544501740.808917,-1057373667.080100,812829487.388995,-1227417875.377647,147333064.252765
1774,1270360728.600000,504521083.708757,1228440714.551171,-1269132206.793099,-245877643.253254,604994311.398744,-1013486725.485283,740227102.300141,-1252124186.034108,23944317.609991
1775,1270360728.600000,486146003.962467,1235260560.545117,-1266444630.435186,-296559822.516309,663761657.365006,-965989876.491466,663761657.365103,-1266444630.435174,-99671354.013943
1776,1270360728.600000,467650974.964054,1241483045.493643,-1262244788.377400,-346747419.676571,720636195.524806,-915052297.673794,583832206.589075,-1270260426.257234,-222342420.721499
1777,1270360728.600000,449040560.085185,1247105160.258253,-1256537695.664957,-396356735.306705,775455740.297547,-860855422.037765,500855881.756217,-1263539923.009456,-342906304.820434
1778,1270360728.600000,430319351.167257,1252124186.034132,-1249330167.156044,-445305034.397489,828063966.199258,-803592291.778615,415265715.523166,-1246338864.561890,-460220398.800474
1779,1270360728.600000,411491967.388431,1256537695.664956,-1240630809.384167,-493510684.337717,878310853.626475,-743466870.690314,327508381.530180,-1218799926.772464,-573172894.047746
1780,1270360728.600000,392563054.123938,1260343554.816631,-1230450010.281060,-540893291.055428,926053116.657587,-680693317.672960,238041863.323225,-1181151534.048192,-680693317.672803
1781,1270360728.600000,373537281.799887,1263539923.009445,-1218799926.772431,-587373833.093582,971154611.652588,-615495223.926970,147333064.252693,-1133705964.656616,-781762677.591190
1782,1270360728.600000,354419344.740915,1266125254.508105,-1205694470.261326,-632874793.396755,1013486725.485228,-548104816.550175,55855370.821550,-1076856760.503270,-875423119.711157
1783,1270360728.600000,335213960.011915,1268098299.069240,-1191149290.016479,-677320288.588525,1052928742.301244,-478762131.375466,-35913817.800116,-1011075462.859862,-960787005.703904
1784,1270360728.600000,315925866.254195,1269458102.546009,-1175181754.485477,-720636195.524817,1089368187.756089,-407714157.994236,-127495581.201824,-936907701.119283,-1037045325.325756
1785,1270360728.600000,296559822.516282,1270204007.349517,-1157810930.555032,-762750274.911167,1122701149.751101,-335213960.011967,-218411977.098411,-854968667.019295,-1103475363.566537
1786,1270360728.600000,277120607.079678,1270335652.766820,-1139057560.783154,-803592291.778584,1152832574.753203,-261519773.668471,-308188535.590965,-765938011.874611,-1159447549.960938
1787,1270360728.600000,257613016.279922,1269852975.135364,-1118944038.630385,-843094132.616573,1179676538.853032,-186894088.034219,-396356735.306602,-670554209.142885,-1204431425.151044
1788,1270360728.600000,238041863.323146,1268756207.873766,-1097494381.719696,-881189918.968145,1203156492.788943,-111602710.058649,-482456448.494025,-569608429.084257,-1238000668.153395
1789,1270360728.600000,218411977.098496,1267045881.368944,-1074734203.156979,-917816117.297490,1223205480.237636,-35913817.800264,-566038342.315042,-463937976.322714,-1259837136.686358
1790,1270360728.600000,198728200.986660,1264722822.719615,-1050690680.946344,-952911644.946679,1239766328.749455,39902994.788309,-646666223.800142,-354419344.741028,-1269733882.266685
1791,1270360728.600000,178995391.664865,1261788155.336331,-1025392525.536761,-986417972.005238,1252791812.783413,115577678.119075,-723919316.230226,-241960947.316770,-1267597111.500847
1792,1270360728.600000,159218417.908543,1258243298.398192,-998869945.538833,-1018279218.922284,1262244788.377396,190840688.849753,-797394455.065100,-127495581.202080,-1253447074.983311
1793,1270360728.600000,139402159.390042,1254089966.166560,-971154611.652600,-1048442249.698581,1268098299.069239,265423949.962226,-866708191.958112,-11972690.546862,-1227417875.377723
1794,1270360728.600000,119551505.474627,1249330167.156043,-942279618.849441,-1076856760.503191,1270335652.766820,339061805.617771,-931498795.877080,103649508.758507,-1189756196.499741
1795,1270360728.600000,99671354.014123,1243966203.163207,-912279446.853270,-1103475363.566626,1268950469.347852,411491967.388401,-991428140.887859,218411977.098397,-1140818965.446203
1796,1270360728.600000,79766610.138435,1238000668.153435,-881189918.968162,-1128253666.210999,1263946698.853679,482456448.494079,-1046183470.749043,331362805.979430,-1081069969.927365
1797,1270360728.600000,59842185.045264,1231436447.006525,-849048159.301645,-1151150344.885043,1255338610.225184,551702482.718010,-1095479031.108364,441565113.728729,-1011075462.859883
1798,1270360728.600000,39902994.788368,1224276714.121568,-815892548.434698,-1172127214.080756,1243150750.612961,618983424.726836,-1139057560.783101,548104816.550029,-931498795.877255
1799,1270360728.600000,19953959.064593,1216524931.881856,-781762677.591328,-1191149290.016477,1227417875.377691,684059628.589015,-1176691634.341761,650098210.481109,-843094132.616684
1800,1270360728.600000,0.000000,1208184848.980488,-746699301.362605,-1208184848.980493,1208184848.980490,746699301.362568,-1208184848.980460,746699301.362481,-746699301.362729
1801,1270360728.600000,-19953959.064597,1199260498.607549,-710744289.041450,-1223205480.237652,1185506517.045703,806679328.711029,-1233372849.499909,837106822.018624,-643227854.784826
1802,1270360728.600000,-39902994.788372,1189756196.499679,-673940574.626356,-1236186133.410828,1159447549.961008,863786069.607791,-1252124186.034114,920570878.446590,-533660412.019812
1803,1270360728.600000,-59842185.045264,1179676538.853044,-636332105.553808,-1247105160.258254,1130082258.460982,917816117.297456,-1264341000.054255,996399169.885110,-419035365.152908
1804,1270360728.600000,-79766610.138431,1169026400.100628,-597963790.220442,-1255944350.776919,1097494381.719698,968577023.804095,-1269959535.067831,1063962731.170812,-300439038.172385
1805,1270360728.600000,-99671354.014123,1157810930.555034,-558881444.357842,-1262688963.571996,1061776848.557057,1015887985.405873,-1268950469.347856,1122701149.751050,-178995391.665017
1806,1270360728.600000,-119551505.474627,1146035553.917793,-519131736.323799,-1267327750.441520,1023031512.439316,1059580486.634339,-1261319068.955586,1172127214.080706,-55855370.821599
1807,1270360728.600000,-139402159.390038,1133705964.656565,-478762131.375425,-1269852975.135364,981368861.030051,1099498900.504472,-1247105160.258276,1211830954.845713,67814002.295665
1808,1270360728.600000,-159218417.908543,1120828125.251295,-437820834.990821,-1270260426.257233,936907701.119201,1135501042.837634,-1226382922.085332,1241483045.493618,190840688.849646
1809,1270360728.600000,-178995391.664865,1107408263.310851,-396356735.306701,-1268549424.288128,889774819.829283,1167458678.703165,-1199260498.607579,1260837533.864803,312058740.869367
1810,1270360728.600000,-198728200.986660,1093452868.561370,-354419344.740915,-1264722822.719614,840104623.064398,1195257979.174396,-1165879434.959963,1269733882.266686,430319351.167083
1811,1270360728.600000,-218411977.098491,1078968689.707924,-312058740.869533,-1258787003.294956,788038752.233180,1218799926.772416,-1126413938.552873,1268098299.069249,544501740.808819
1812,1270360728.600000,-238041863.323146,1063962731.170864,-269325506.628972,-1250751865.366095,733725680.339007,1238000668.153422,-1081069969.927327,1255944350.776939,653523780.955174
1813,1270360728.600000,-257613016.279922,1048442249.698586,-226270669.914849,-1240630809.384163,677320288.588548,1252791812.783406,-1030084167.898557,1233372849.499959,756352248.408442
1814,1270360728.600000,-277120607.079678,1032414750.858192,-182945642.649346,-1228440714.551167,618983424.726903,1263120676.536282,-973722614.597193,1200571016.758418,852012617.670559
1815,1270360728.600000,-296559822.516277,1015887985.405903,-139402159.390046,-1214201910.669990,558881444.357854,1268950469.347847,-912279446.853339,1157810930.555086,939598296.712145
1816,1270360728.600000,-315925866.254195,998869945.538824,-95692215.553587,-1197938144.239765,497185736.558195,1270260426.257233,-846075321.170107,1105447268.597926,1018279218.922169
1817,1270360728.600000,-335213960.011915,981368861.030029,-51868005.327694,-1179676538.853042,434072235.137914,1267045881.368949,-775455740.297647,1043914366.391191,1087309709.811922
1818,1270360728.600000,-354419344.740911,963393195.248669,-7981859.345990,-1159447549.960999,369720916.940953,1259318284.472205,-700789250.140792,973722614.597231,1146035553.917725
1819,1270360728.600000,-373537281.799887,944951641.067214,35913817.800210,-1137284914.081877,304315288.616184,1247105160.258266,-622465516.410414,895454225.551245,1193900194.928951
1820,1270360728.600000,-392563054.123943,926053116.657608,79766610.138426,-1113225592.537555,238041863.323190,1230450010.281070,-540893291.055497,809758404.044379,1230450010.281013
1821,1270360728.600000,-411491967.388435,906706761.178554,123524152.905030,-1087309709.812006,171089628.864013,1209412158.010414,-456498279.089209,717345962.431144,1255338610.225155
1822,1270360728.600000,-430319351.167257,886921930.355874,167134195.074249,-1059580486.634369,103649508.758692,1184066537.529453,-369720916.941035,618983424.726966,1268330120.631798
1823,1270360728.600000,-449040560.085189,866708191.958197,210544661.751258,-1030084167.898515,35913817.800251,1154503426.629291,-281014073.929365,515486668.600090,1269301418.415843
1824,1270360728.600000,-467650974.964059,846075321.170023,253703716.354967,-998869945.538833,-31924286.357135,1120828125.251329,-190840688.849878,407714157.994326,1258243298.398213
1825,1270360728.600000,-486146003.962467,825033295.864584,296559822.516277,-965989876.491443,-99671354.014087,1083160580.422516,-99671354.014199,296559822.516405,1235260560.545159
1826,1270360728.600000,-504521083.708752,803592291.778577,339061805.617814,-931498795.877132,-167134195.074244,1041634959.019827,-7981859.346071,182945642.649458,1200571016.758430
1827,1270360728.600000,-522771680.426948,781762677.591325,381158913.901731,-895454225.551127,-234120429.952542,996399169.885225,83749290.646810,67814002.295958,1154503426.629336
1828,1270360728.600000,-540893291.055399,759555009.910520,422800879.072533,-857916278.172119,-300439038.172205,947614336.993826,175043374.068042,-47880127.917494,1097494381.719771
1829,1270360728.600000,-558881444.357842,736980028.167195,463937976.322597,-818947556.950397,-365900903.085710,895454225.551194,265423949.962226,-163177111.737365,1030084167.898613
1830,1270360728.600000,-576731702.026608,714048649.422180,504521083.708744,-778613051.242672,-430319351.167231,840104623.064425,354419344.740837,-277120607.079538,952911644.946769
1831,1270360728.600000,-594439659.777725,690771963.086756,544501740.808933,-736980028.167185,-493510684.337651,781762677.591353,441565113.728763,-388765498.502190,866708191.958316
1832,1270360728.600000,-612000948.437583,667161225.559864,583832206.588990,-694117920.420251,-555294703.805199,720636195.524869,526406464.984589,-497185736.558037,772290775.917461
1833,1270360728.600000,-629411235.020977,643227854.784659,622465516.410320,-650098210.481217,-615495223.926871,656942901.413611,608500632.745870,-601482019.001831,670554209.142935
1834,1270360728.600000,-646666223.800216,618983424.726871,660355538.110558,-604994311.398760,-673940574.626322,590909662.455601,687419188.112747,-700789250.140607,562462668.976388
1835,1270360728.600000,-663761657.365006,594439659.777725,697457027.090126,-558881444.357834,-730464090.934510,522771680.427010,762750274.911099,-794283716.454329,449040560.085349
1836,1270360728.600000,-680693317.672922,569608429.084148,733725680.338973,-511836513.230824,-784904588.257920,452771653.923905,834100759.066638,-881189918.968068,331362805.979748
1837,1270360728.600000,-697457027.090129,544501740.808945,769118189.338938,-463937976.322580,-837106822.018716,381158913.901805,901098280.273361,-960787005.703904,210544661.751423
1838,1270360728.600000,-714048649.422180,519131736.323787,803592291.778566,-415265715.523076,-886921930.355842,308188535.591131,963393195.248601,-1032414750.858108,87731144.583871
1839,1270360728.600000,-730464090.934525,493510684.337692,837106822.018726,-365900903.085748,-934207858.625349,234120429.952640,1020660402.433777,-1095479031.108346,-35913817.800044
1840,1270360728.600000,-746699301.362601,467650974.964059,869621760.248586,-315925866.254186,-978829764.488570,159218417.908618,1072601038.618000,-1149456753.627664,-159218417.908377
1841,1270360728.600000,-762750274.911164,441565113.728844,901098280.273424,-265423949.962279,-1020660402.433828,83749290.646958,1118944038.630334,-1193900194.928958,-281014073.929080
1842,1270360728.600000,-778613051.242676,415265715.523072,931498795.877132,-214479377.837290,-1059580486.634367,7981859.346058,1159447549.960962,-1228440714.551137,-400146504.608313
1843,1270360728.600000,-794283716.454428,388765498.502320,960787005.703995,-163177111.737513,-1095479031.108401,-67814002.295786,1193900194.928963,-1252791812.783399,-515486668.599834
1844,1270360728.600000,-809758404.044264,362077277.936393,988927936.606312,-111602710.058577,-1128253666.210982,-143368319.314971,1222122173.809436,-1266751507.065039,-625941464.610279
1845,1270360728.600000,-825033295.864581,335213960.011910,1015887985.405900,-59842185.045247,-1157810930.555016,-218411977.098411,1243966203.163185,-1270204007.349519,-730464090.934393
1846,1270360728.600000,-840104623.064381,308188535.591052,1041634959.019779,-7981859.345963,-1184066537.529417,-292677679.934548,1259318284.472184,-1263120676.536304,-828063966.199159
1847,1270360728.600000,-854968667.019195,281014073.929229,1066138112.902066,43891777.950067,-1206945615.653873,-365900903.085710,1268098299.069235,-1245560268.004079,-917816117.297366
1848,1270360728.600000,-869621760.248590,253703716.354971,1089368187.756085,95692215.553578,-1226382922.085293,-437820834.990758,1270260426.257234,-1217668438.275130,-998869945.538718
1849,1270360728.600000,-884060287.321076,226270669.914836,1111297444.473023,147333064.252617,-1242323028.666663,-508181306.241892,1265793382.435926,-1179676538.853096,-1070457287.939841
1850,1270360728.600000,-898280685.746144,198728200.986664,1131899697.255288,198728200.986678,-1254720479.988159,-576731702.026559,1254720479.988181,-1131899697.255349,-1131899697.255216
1851,1270360728.600000,-912279446.853267,171089628.863987,1151150344.885041,249791912.476796,-1263539923.009444,-643227854.784605,1237099505.618500,-1074734203.157047,-1182614871.754389
1852,1270360728.600000,-926053116.657606,143368319.315043,1169026400.100626,300439038.172227,-1268756207.873765,-707432913.901466,1213022418.778688,-1008654221.327745,-1222122173.809413
1853,1270360728.600000,-939598296.712242,115577678.119115,1185506517.045692,350585112.275510,-1270354459.626237,-769118189.338892,1182614871.754491,-934207858.625449,-1250047184.991565
1854,1270360728.600000,-952911644.946676,87731144.583691,1200571016.758366,400146504.608506,-1268330120.631809,-828063966.199214,1146035553.917836,-852012617.670786,-1266125254.508092
1855,1270360728.600000,-965989876.491440,59842185.045260,1214201910.669992,449040560.085210,-1262688963.571997,-884060287.321031,1103475363.566676,-762750274.911286,-1270204007.349520
1856,1270360728.600000,-978829764.488599,31924286.357188,1226382922.085297,497185736.558191,-1253447074.983293,-936907701.119158,1055156411.674630,-667161225.559991,-1262244788.377415
1857,1270360728.600000,-991428140.887915,3990949.367520,1237099505.618472,544501740.808949,-1240630809.384171,-986417972.005193,1001330862.749433,-566038342.315272,-1242323028.666709
1858,1270360728.600000,-1003781897.228524,-23944317.609838,1246338864.561864,590909662.455566,-1224276714.121581,-1032414750.858150,942279618.849529,-460220398.800747,-1210627530.630613
1859,1270360728.600000,-1015887985.405900,-51868005.327690,1254089966.166557,636332105.553815,-1204431425.151103,-1074734203.156948,878310853.626557,-350585112.275631,-1167458678.703258
1860,1270360728.600000,-1027743418.423939,-79766610.138431,1260343554.816629,680693317.672914,-1181151534.048152,-1113225592.537536,809758404.044351,-238041863.323274,-1113225592.537659
1861,1270360728.600000,-1039345271.131936,-107626640.524364,1265092163.081297,723919316.230303,-1154503426.629282,-1147751817.696258,736980028.167291,-123524152.905165,-1048442249.698685
1862,1270360728.600000,-1050690680.946339,-135434623.622007,1268330120.631806,765938011.874539,-1124563093.643840,-1178189900.726734,660355538.110670,-7981859.346108,-973722614.597239
1863,1270360728.600000,-1061776848.557040,-163177111.737517,1270053561.012395,806679328.711085,-1091415914.075974,-1204431425.151079,580284817.896335,107626640.524243,-889774819.829396
1864,1270360728.600000,-1072601038.618068,-190840688.849802,1270260426.257233,846075321.170013,-1055156411.674577,-1226382922.085284,497185736.558262,222342420.721485,-797394455.065328
1865,1270360728.600000,-1083160580.422490,-218411977.098491,1268950469.347852,884060287.321073,-1015887985.405928,-1243966203.163190,411491967.388508,335213960.011775,-697457027.090254
1866,1270360728.600000,-1093452868.561373,-245877643.253227,1266125254.508106,920570878.446690,-973722614.597147,-1257118639.033215,323650724.705178,445305034.397341,-590909662.455709
1867,1270360728.600000,-1103475363.566622,-273224405.161605,1261788155.336331,955546204.690717,-928780539.611859,-1265793382.435915,234120429.952676,551702482.717945,-478762131.375567
1868,1270360728.600000,-1113225592.537570,-300439038.172223,1255944350.776917,988927936.606329,-881189918.968175,-1269959535.067832,143368319.315142,653523780.955174,-362077277.936545
1869,1270360728.600000,-1122701149.751112,-327508381.530076,1248600818.936120,1020660402.433842,-831086463.876940,-1269602257.637214,51868005.327798,749924362.414188,-241960947.316770
1870,1270360728.600000,-1131899697.255288,-354419344.740911,1239766328.749462,1050690680.946339,-778613051.242701,-1264722822.719621,-39902994.788250,840104623.064286,-119551505.474802
1871,1270360728.600000,-1140818965.446147,-381158913.901744,1229451429.510746,1078968689.707926,-723919316.230318,-1255338610.225192,-131465751.168824,923316553.932878,3990949.367353
1872,1270360728.600000,-1149456753.627724,-407714157.994198,1217668438.275090,1105447268.597870,-667161225.559899,-1241483045.493655,-222342420.721535,998869945.538755,127495581.201774
1873,1270360728.600000,-1157810930.555032,-434072235.137896,1204431425.151093,1130082258.460963,-608500632.745981,-1223205480.237663,-312058740.869416,1066138112.901992,249791912.476583
1874,1270360728.600000,-1165879434.959922,-460220398.800617,1189756196.499686,1152832574.753203,-548104816.550175,-1200571016.758399,-400146504.608382,1124563093.643764,369720916.940741
1875,1270360728.600000,-1173660276.059665,-486146003.962467,1173660276.059669,1173660276.059664,-486146003.962488,-1173660276.059688,-486146003.962350,1173660276.059608,486146003.962304
1876,1270360728.600000,-1181151534.048147,-511836513.230836,1156162884.022603,1192530627.370665,-422800879.072550,-1142569110.686554,-569608429.084027,1213022418.778609,597963790.220291
1877,1270360728.600000,-1188351360.569552,-537279502.903437,1137284914.081887,1209412158.010399,-358250079.230508,-1107408263.310875,-650098210.481120,1242323028.666636,704114556.684157
1878,1270360728.600000,-1195257979.174417,-562462668.976226,1117048908.483546,1224276714.121564,-292677679.934623,-1068302972.280562,-727195292.144300,1261319068.955558,803592291.778461
1879,1270360728.600000,-1201869685.757953,-587373833.093574,1095479031.108424,1237099505.618472,-226270669.914875,-1025392525.536783,-800497323.714492,1269852975.135360,895454225.551012
1880,1270360728.600000,-1208184848.980489,-612000948.437575,1072601038.618070,1247859147.530188,-159218417.908561,-978829764.488642,-869621760.248498,1267853961.888422,978829764.488493
1881,1270360728.600000,-1214201910.669997,-636332105.553796,1048442249.698586,1256537695.664957,-91712132.649530,-928780539.611908,-934207858.625275,1255338610.225201,1052928742.301163
1882,1270360728.600000,-1219919386.206540,-660355538.110562,1023031512.439305,1263120676.536289,-23944317.609860,-875423119.711317,-993918560.173930,1232410729.951447,1117048908.483466
1883,1270360728.600000,-1225335864.888583,-684059628.589064,996399169.885202,1267597111.500836,43891777.950031,-818947556.950425,-1048442249.698540,1199260498.607599,1170582583.679379
1884,1270360728.600000,-1230450010.281059,-707432913.901511,968577023.804122,1269959535.067833,111602710.058559,-759555009.910566,-1097494381.719648,1156162884.022663,1213022418.778599
1885,1270360728.600000,-1235260560.545117,-730464090.934525,939598296.712245,1270204007.349517,178995391.664856,-697457027.090194,-1140818965.446105,1103475363.566694,1243966203.163171
1886,1270360728.600000,-1239766328.749460,-753142022.015285,909497592.202948,1268330120.631806,245877643.253205,-632874793.396790,-1178189900.726720,1041634959.019890,1263120676.536266
1887,1270360728.600000,-1243966203.163207,-775455740.297550,878310853.626492,1264341000.054261,312058740.869507,-566038342.315207,-1209412158.010361,971154611.652684,1270304308.207365
1888,1270360728.600000,-1247859147.530189,-797394455.065184,846075321.170030,1258243298.398194,377349959.996667,-497185736.558208,-1234322796.156346,892618927.584528,1265449017.494084
1889,1270360728.600000,-1251444201.324634,-818947556.950394,812829487.388926,1250047184.991595,441565113.728830,-426562220.118412,-1252791812.783405,806679328.711172,1248600818.936150
1890,1270360728.600000,-1254720479.988164,-840104623.064384,778613051.242676,1239766328.749459,504521083.708719,-354419344.740993,-1264722822.719607,714048649.422285,1219919386.206598
1891,1270360728.600000,-1257687175.148043,-860855422.037715,743466870.690273,1227417875.377682,566038342.315127,-281014073.929295,-1270053561.012393,615495223.927053,1179676538.853104
1892,1270360728.600000,-1260343554.816631,-881189918.968158,707432913.901519,1213022418.778646,625941464.610425,-206607867.674487,-1268756207.873773,511836513.230977,1128253666.211077
1893,1270360728.600000,-1262688963.571995,-901098280.273434,670554209.142781,1196603966.706124,684059628.589045,-131465751.168972,-1260837533.864837,403932324.625972,1066138112.902172
1894,1270360728.600000,-1264722822.719616,-920570878.446687,632874793.396762,1178189900.726758,740227102.300049,-55855370.821527,-1246338864.561883,292677679.934750,993918560.174126
1895,1270360728.600000,-1266444630.435186,-939598296.712239,594439659.777741,1157810930.555027,794283716.454404,19953959.064543,-1225335864.888610,178995391.665040,912279446.853379
1896,1270360728.600000,-1267853961.888413,-958171333.579473,555294703.805239,1135501042.837652,846075321.170013,95692215.553506,-1197938144.239801,63828408.650998,821994482.784480
1897,1270360728.600000,-1268950469.347851,-976281007.292563,515486668.599974,1111297444.473030,895454225.551114,171089628.863902,-1164288684.457359,-51868005.327554,723919316.230455
1898,1270360728.600000,-1269733882.266691,-993918560.174020,475063089.067755,1085240500.560053,942279618.849429,245877643.253169,-1124563093.643890,-167134195.074137,618983424.727029
1899,1270360728.600000,-1270204007.349517,-1011075462.859772,434072235.137896,1057373667.080073,986417972.005207,319789873.578075,-1078968689.707993,-281014073.929115,508181306.242148
1900,1270360728.600000,-1270360728.600000,-1027743418.423942,392563054.123956,1027743418.423952,1027743418.423928,392563054.123882,-1027743418.424002,-392563054.123792,392563054.124092
1901,1270360728.600000,-1270204007.349517,-1043914366.391119,350585112.275515,996399169.885202,1066138112.902071,463937976.322529,-971154611.652670,-500855881.755993,273224405.161790
1902,1270360728.600000,-1269733882.266690,-1059580486.634376,308188535.591061,963393195.248675,1101492567.679022,533660412.019632,-909497592.202995,-604994311.398628,151296355.072489
1903,1270360728.600000,-1268950469.347851,-1074734203.156977,265423949.962301,928780539.611850,1133705964.656559,601482019.001883,-843094132.616630,-704114556.684198,27934439.834506
1904,1270360728.600000,-1267853961.888413,-1089368187.756092,222342420.721632,892618927.584451,1162686442.895416,667161225.559822,-772290775.917415,-797394455.065044,-95692215.553411
1905,1270360728.600000,-1266444630.435186,-1103475363.566622,178995391.664879,854968667.019205,1188351360.569543,730464090.934470,-697457027.090224,-884060287.320953,-218411977.098304
1906,1270360728.600000,-1264722822.719616,-1117048908.483541,135434623.622016,815892548.434695,1210627530.630550,791165138.584017,-618983424.726946,-963393195.248587,-339061805.617645
1907,1270360728.600000,-1262688963.571994,-1130082258.460969,91712132.649499,775455740.297550,1229451429.510739,849048159.301591,-537279502.903515,-1034735144.301020,-456498279.088935
1908,1270360728.600000,-1260343554.816631,-1142569110.686524,47880127.917647,733725680.338977,1244769378.269234,903906981.324451,-452771653.923951,-1097494381.719630,-569608429.083995
1909,1270360728.600000,-1257687175.148043,-1154503426.629265,3990949.367539,690771963.086771,1256537695.664952,955546204.690670,-365900903.085852,-1151150344.884981,-677320288.588373
1910,1270360728.600000,-1254720479.988163,-1165879434.959922,-39902994.788359,646666223.800228,1264722822.719611,1003781897.228477,-277120607.079788,-1195257979.174367,-778613051.242527
1911,1270360728.600000,-1251444201.324634,-1176691634.341805,-83749290.646896,601482019.001951,1269301418.415833,1048442249.698553,-186894088.034291,-1229451429.510708,-872526745.723165
1912,1270360728.600000,-1247859147.530188,-1186934796.091249,-127495581.201932,555294703.805223,1270260426.257233,1089368187.756052,-95692215.553668,-1253447074.983263,-958171333.579337
1913,1270360728.600000,-1243966203.163205,-1196603966.706121,-171089628.863987,508181306.241950,1267597111.500839,1126413938.552798,-3990949.367624,-1267045881.368932,-1034735144.301000
1914,1270360728.600000,-1239766328.749459,-1205694470.261322,-214479377.837321,460220398.800634,1261319068.955581,1159447549.960976,87731144.583578,-1270135052.041054,-1101492567.678939
1915,1270360728.600000,-1235260560.545116,-1214201910.669997,-257613016.279913,411491967.388439,1251444201.324641,1188351360.569531,178995391.664749,-1262688963.572009,-1157810930.554956
1916,1270360728.600000,-1230450010.281059,-1222122173.809462,-300439038.172205,362077277.936393,1238000668.153449,1213022418.778631,269325506.628839,-1244769378.269268,-1203156492.788892
1917,1270360728.600000,-1225335864.888583,-1229451429.510744,-342906304.820573,312058740.869512,1221026805.528825,1233372849.499912,358250079.230352,-1216524931.881892,-1237099505.618436
1918,1270360728.600000,-1219919386.206541,-1236186133.410830,-384964105.922174,261519773.668387,1200571016.758383,1249330167.156031,445305034.397375,-1178189900.726817,-1259318284.472173
1919,1270360728.600000,-1214201910.669998,-1242323028.666672,-426562220.118340,210544661.751281,1176691634.341826,1260837533.864816,530036054.123013,-1130082258.461038,-1269602257.637206
1920,1270360728.600000,-1208184848.980489,-1247859147.530189,-467650974.964050,159218417.908548,1149456753.627737,1267853961.888409,612000948.437476,-1072601038.618145,-1267853961.888424
1921,1270360728.600000,-1201869685.757952,-1252791812.783419,-508181306.241958,107626640.524355,1118944038.630404,1270354459.626237,690771963.086646,-1006223024.785696,-1254089966.166587
1922,1270360728.600000,-1195257979.174419,-1257118639.033224,-548104816.550138,55855370.821442,1085240500.560072,1268330120.631810,765938011.874453,-931498795.877255,-1228440714.551212
1923,1270360728.600000,-1188351360.569552,-1260837533.864821,-587373833.093582,3990949.367539,1048442249.698617,1261788155.336339,837106822.018652,-849048159.301766,-1191149290.016542
1924,1270360728.600000,-1181151534.048147,-1263946698.853675,-625941464.610437,-47880127.917638,1008654221.327693,1250751865.366106,903906981.324426,-759555009.910624,-1142569110.686601
1925,1270360728.600000,-1173660276.059665,-1266444630.435185,-663761657.364987,-99671354.014123,965989876.491481,1235260560.545134,965989876.491384,-663761657.365114,-1083160580.422598
1926,1270360728.600000,-1165879434.959924,-1268330120.631807,-700789250.140698,-151296355.072319,920570878.446718,1215369418.878703,1023031512.439249,-562462668.976335,-1013486725.485348
1927,1270360728.600000,-1157810930.555032,-1269602257.637211,-736980028.167181,-202669034.461326,872526745.723316,1191149290.016500,1074734203.156921,-456498279.089242,-934207858.625498
1928,1270360728.600000,-1149456753.627723,-1270260426.257233,-772290775.917325,-253703716.354963,821994482.784369,1162686442.895461,1120828125.251242,-346747419.676713,-846075321.170161
1929,1270360728.600000,-1140818965.446147,-1270304308.207366,-806679328.711068,-304315288.616158,769118189.338971,1130082258.460998,1161072726.087698,-234120429.952724,-749924362.414435
1930,1270360728.600000,-1131899697.255288,-1269733882.266690,-840104623.064378,-354419344.740920,714048649.422225,1093452868.561412,1195257979.174384,-119551505.474766,-646666223.800363
1931,1270360728.600000,-1122701149.751110,-1268549424.288128,-872526745.723296,-403932324.625843,656942901.413579,1052928742.301286,1223205480.237617,-3990949.367696,-537279502.903613
1932,1270360728.600000,-1113225592.537568,-1266751507.065048,-903906981.324474,-452771653.923879,597963790.220486,1008654221.327715,1244769378.269219,111602710.058415,-422800879.072686
1933,1270360728.600000,-1103475363.566622,-1264341000.054263,-934207858.625361,-500855881.756126,537279502.903470,960787005.704063,1259837136.686360,226270669.914715,-304315288.616338
1934,1270360728.600000,-1093452868.561370,-1261319068.955574,-963393195.248669,-548104816.550138,475063089.067772,909497592.202985,1268330120.631799,339061805.617701,-182945642.649507
1935,1270360728.600000,-1083160580.422487,-1257687175.148042,-991428140.887903,-594439659.777733,411491967.388473,854968667.019232,1270204007.349519,449040560.085075,-59842185.045427
1936,1270360728.600000,-1072601038.618065,-1253447074.983286,-1018279218.922263,-639783137.369885,346747419.676596,797394455.065234,1265449017.494078,555294703.805089,63828408.650669
1937,1270360728.600000,-1061776848.557039,-1248600818.936115,-1043914366.391113,-684059628.589056,281014073.929282,736980028.167262,1254089966.166579,656942901.413421,186894088.033987
1938,1270360728.600000,-1050690680.946339,-1243150750.612954,-1068302972.280521,-727195292.144389,214479377.837348,673940574.626406,1236186133.410859,753142022.015165,308188535.590881
1939,1270360728.600000,-1039345271.131936,-1237099505.618474,-1091415914.075954,-769118189.338949,147333064.252657,608500632.746032,1211830954.845793,843094132.616455,426562220.118191
1940,1270360728.600000,-1027743418.423941,-1230450010.281060,-1113225592.537570,-809758404.044247,79766610.138467,540893291.055452,1181151534.048200,926053116.657488,540893291.055219
1941,1270360728.600000,-1015887985.405903,-1223205480.237646,-1133705964.656557,-849048159.301629,11972690.546776,471359358.079258,1144307979.231097,1001330862.749252,650098210.481078
1942,1270360728.600000,-1003781897.228524,-1215369418.878677,-1152832574.753201,-886921930.355867,-55855370.821415,400146504.608544,1101492567.679079,1068302972.280455,753142022.015136
1943,1270360728.600000,-991428140.887915,-1206945615.653886,-1170582583.679451,-923316553.932963,-123524152.905017,327508381.530146,1052928742.301306,1126413938.552764,849048159.301511
1944,1270360728.600000,-978829764.488602,-1197938144.239765,-1186934796.091249,-958171333.579479,-190840688.849766,253703716.355060,998869945.538891,1175181754.485426,936907701.119051
1945,1270360728.600000,-965989876.491443,-1188351360.569550,-1201869685.757948,-991428140.887903,-257613016.279896,178995391.664932,939598296.712318,1214201910.669950,1015887985.405808
1946,1270360728.600000,-952911644.946676,-1178189900.726759,-1215369418.878674,-1023031512.439300,-323650724.705046,103649508.758728,875423119.711360,1243150750.612921,1085240500.559957
1947,1270360728.600000,-939598296.712242,-1167458678.703193,-1227417875.377684,-1052928742.301251,-388765498.502294,27934439.834398,806679328.711172,1261788155.336313,1144307979.230954
1948,1270360728.600000,-926053116.657608,-1156162884.022601,-1238000668.153431,-1081069969.927287,-452771653.923812,-47880127.917565,733725680.339066,1269959535.067830,1192530627.370603
1949,1270360728.600000,-912279446.853267,-1144307979.231044,-1247105160.258251,-1107408263.310855,-515486668.599933,-123524152.904945,656942901.413641,1267597111.500848,1229451429.510693
1950,1270360728.600000,-898280685.746141,-1131899697.255288,-1254720479.988162,-1131899697.255282,-576731702.026559,-198728200.986585,576731702.026712,1254720479.988192,1254720479.988133
1951,1270360728.600000,-884060287.321076,-1118944038.630376,-1260837533.864821,-1154503426.629265,-636332105.553765,-273224405.161553,493510684.337809,1231436447.006567,1268098299.069228
1952,1270360728.600000,-869621760.248590,-1105447268.597861,-1265449017.494068,-1175181754.485475,-694117920.420248,-346747419.676501,407714157.994326,1197938144.239808,1269458102.546016
1953,1270360728.600000,-854968667.019192,-1091415914.075956,-1268549424.288129,-1193900194.929008,-749924362.414257,-419035365.152665,319789873.578219,1154503426.629321,1258787003.294988
1954,1270360728.600000,-840104623.064377,-1076856760.503194,-1270135052.041050,-1210627530.630557,-803592291.778556,-489830761.365948,230196685.908000,1101492567.679114,1236186133.410867
1955,1270360728.600000,-825033295.864580,-1061776848.557039,-1270204007.349517,-1225335864.888581,-854968667.019158,-558881444.357797,139402159.390158,1039345271.132027,1201869685.758016
1956,1270360728.600000,-809758404.044264,-1046183470.749102,-1268756207.873767,-1238000668.153435,-903906981.324461,-625941464.610374,47880127.917773,968577023.804215,1156162884.022678
1957,1270360728.600000,-794283716.454425,-1030084167.898504,-1265793382.435920,-1248600818.936118,-950267680.349379,-690771963.086689,-43891777.949936,889774819.829387,1099498900.504583
1958,1270360728.600000,-778613051.242672,-1013486725.485250,-1261319068.955576,-1257118639.033225,-993918560.173997,-753142022.015235,-135434623.621863,803592291.778717,1032414750.858292
1959,1270360728.600000,-762750274.911167,-996399169.885194,-1255338610.225184,-1263539923.009444,-1034735144.301083,-812829487.388863,-226270669.914729,710744289.041588,955546204.690839
1960,1270360728.600000,-746699301.362601,-978829764.488602,-1247859147.530189,-1267853961.888413,-1072601038.618045,-869621760.248550,-315925866.254076,612000948.437733,869621760.248754
1961,1270360728.600000,-730464090.934525,-960787005.704001,-1238889612.121604,-1270053561.012395,-1107408263.310838,-923316553.932913,-403932324.625740,508181306.242082,775455740.297693
1962,1270360728.600000,-714048649.422184,-942279618.849441,-1228440714.551171,-1270135052.041050,-1139057560.783133,-973722614.597074,-489830761.365915,400146504.608613,673940574.626529
1963,1270360728.600000,-697457027.090133,-923316553.932959,-1216524931.881855,-1268098299.069239,-1167458678.703185,-1020660402.433806,-573172894.047810,288792648.742553,566038342.315325
1964,1270360728.600000,-680693317.672922,-903906981.324482,-1203156492.788951,-1263946698.853676,-1192530627.370648,-1063962731.170820,-653523780.955217,175043374.068297,452771653.924040
1965,1270360728.600000,-663761657.365006,-884060287.321073,-1188351360.569560,-1257687175.148043,-1214201910.669988,-1103475363.566591,-730464090.934451,59842185.045414,335213960.012093
1966,1270360728.600000,-646666223.800220,-863786069.607844,-1172127214.080765,-1249330167.156042,-1232410729.951397,-1139057560.783117,-803592291.778500,-55855370.821306,214479377.837526
1967,1270360728.600000,-629411235.020981,-843094132.616563,-1154503426.629274,-1238889612.121601,-1247105160.258247,-1170582583.679430,-872526745.723217,-171089628.863844,91712132.649661
1968,1270360728.600000,-612000948.437583,-821994482.784339,-1135501042.837667,-1226382922.085294,-1258243298.398190,-1197938144.239739,-936907701.119109,-284904767.283161,-31924286.356990
1969,1270360728.600000,-594439659.777725,-800497323.714586,-1115142753.514946,-1211830954.845753,-1265793382.435915,-1221026805.528787,-996399169.885119,-396356735.306534,-155258152.657883
1970,1270360728.600000,-576731702.026612,-778613051.242680,-1093452868.561373,-1195257979.174417,-1269733882.266690,-1239766328.749444,-1050690680.946265,-504521083.708633,-277120607.079502
1971,1270360728.600000,-558881444.357842,-756352248.408572,-1070457287.939931,-1176691634.341804,-1270053561.012396,-1254089966.166552,-1099498900.504443,-608500632.745850,-396356735.306534
1972,1270360728.600000,-540893291.055395,-733725680.338988,-1046183470.749097,-1156162884.022594,-1266751507.065050,-1263946698.853669,-1142569110.686473,-707432913.901376,-511836513.230655
1973,1270360728.600000,-522771680.426944,-710744289.041443,-1020660402.433852,-1133705964.656567,-1259837136.686382,-1269301418.415831,-1179676538.853001,-800497323.714463,-622465516.410158
1974,1270360728.600000,-504521083.708752,-687419188.112846,-993918560.174023,-1109358328.351355,-1249330167.156049,-1270135052.041052,-1210627530.630524,-886921930.355764,-727195292.144241
1975,1270360728.600000,-486146003.962463,-663761657.365006,-965989876.491455,-1083160580.422485,-1235260560.545128,-1266444630.435192,-1235260560.545085,-965989876.491346,-825033295.864419
1976,1270360728.600000,-467650974.964054,-639783137.369873,-936907701.119197,-1055156411.674577,-1217668438.275099,-1258243298.398201,-1253447074.983263,-1037045325.325777,-915052297.673641
1977,1270360728.600000,-449040560.085189,-615495223.926914,-906706761.178557,-1025392525.536761,-1196603966.706128,-1245560268.004065,-1265092163.081287,-1099498900.504406,-996399169.885074
1978,1270360728.600000,-430319351.167257,-590909662.455549,-875423119.711278,-993918560.174023,-1172127214.080772,-1228440714.551194,-1270135052.041048,-1152832574.753133,-1068302972.280424
1979,1270360728.600000,-411491967.388431,-566038342.315143,-843094132.616563,-960787005.704001,-1144307979.231056,-1206945615.653909,-1268549424.288136,-1196603966.706079,-1130082258.460871
1980,1270360728.600000,-392563054.123938,-540893291.055390,-809758404.044278,-926053116.657599,-1113225592.537590,-1181151534.048178,-1260343554.816644,-1230450010.281028,-1181151534.048084
1981,1270360728.600000,-373537281.799892,-515486668.599962,-775455740.297561,-889774819.829293,-1078968689.707936,-1151150344.885075,-1245560268.004072,-1254089966.166534,-1221026805.528757
1982,1270360728.600000,-354419344.740915,-489830761.366010,-740227102.300063,-852012617.670706,-1041634959.019814,-1117048908.483577,-1224276714.121600,-1267327750.441508,-1249330167.156009
1983,1270360728.600000,-335213960.011915,-463937976.322605,-704114556.684322,-812829487.388922,-1001330862.749375,-1078968689.707955,-1196603966.706152,-1270053561.012398,-1265793382.435903
1984,1270360728.600000,-315925866.254195,-437820834.990812,-667161225.559868,-772290775.917328,-958171333.579482,-1037045325.325905,-1162686442.895467,-1262244788.377415,-1270260426.257235
1985,1270360728.600000,-296559822.516282,-411491967.388435,-629411235.020992,-730464090.934544,-912279446.853289,-991428140.887974,-1122701149.751160,-1243966203.163235,-1262688963.572016
1986,1270360728.600000,-277120607.079678,-384964105.922186,-590909662.455566,-687419188.112854,-863786069.607857,-942279618.849490,-1076856760.503251,-1215369418.878727,-1243150750.612993
1987,1270360728.600000,-257613016.279922,-358250079.230482,-551702482.718075,-643227854.784671,-812829487.388949,-889774819.829319,-1025392525.536825,-1176691634.341872,-1211830954.845808
1988,1270360728.600000,-238041863.323150,-331362805.979552,-511836513.230841,-597963790.220434,-759555009.910538,-834100759.066760,-968577023.804200,-1128253666.211067,-1169026400.100715
1989,1270360728.600000,-218411977.098495,-304315288.616163,-471359358.079203,-551702482.718059,-704114556.684352,-775455740.297618,-906706761.178620,-1070457287.939999,-1115142753.515023
1990,1270360728.600000,-198728200.986660,-277120607.079674,-430319351.167270,-504521083.708769,-646666223.800239,-714048649.422236,-840104623.064462,-1003781897.228621,-1050690680.946450
1991,1270360728.600000,-178995391.664865,-249791912.476769,-388765498.502333,-456498279.089107,-587373833.093618,-650098210.481279,-769118189.339039,-928780539.611957,-976281007.292688
1992,1270360728.600000,-159218417.908547,-222342420.721628,-346747419.676575,-407714157.994202,-526406464.984704,-583832206.589054,-694117920.420372,-846075321.170134,-892618927.584564
1993,1270360728.600000,-139402159.390042,-194785406.144893,-304315288.616163,-358250079.230473,-463937976.322614,-515486668.600036,-615495223.927033,-756352248.408688,-800497323.714719
1994,1270360728.600000,-119551505.474622,-167134195.074258,-261519773.668400,-308188535.591039,-400146504.608523,-445305034.397527,-533660412.019812,-660355538.110681,-700789250.140882
1995,1270360728.600000,-99671354.014118,-139402159.390037,-218411977.098486,-257613016.279935,-335213960.011932,-373537281.799961,-449040560.085295,-558881444.357996,-594439659.777864
1996,1270360728.600000,-79766610.138431,-111602710.058577,-175043374.068168,-206607867.674416,-269325506.628998,-300439038.172280,-362077277.936510,-452771653.924019,-482456448.494296
1997,1270360728.600000,-59842185.045260,-83749290.646909,-131465751.168936,-155258152.658067,-202669034.461330,-226270669.914911,-273224405.161733,-342906304.820751,-365900903.085921
1998,1270360728.600000,-39902994.788368,-55855370.821455,-87731144.583704,-103649508.758633,-135434623.622047,-151296355.072394,-182945642.649471,-230196685.908013,-245877643.253435
1999,1270360728.600000,-19953959.064597,-27934439.834339,-43891777.950085,-51868005.327667,-67814002.295863,-75783142.365785,-91712132.649638,-115577678.119273,-123524152.905237
