iteration,original,freq5,freq7,freq11,freq13,freq17,freq19,freq23,freq29,freq31
0,116.650000,0.000000,0.000000,0.000000,0.000000,0.000000,0.000000,0.000000,0.000000,0.000000
1,100.650000,1.580941,2.213231,3.477522,4.109474,5.372867,6.004258,7.266303,9.157158,9.786752
2,95.000000,2.984022,4.176971,6.560702,7.751108,10.128060,11.314230,13.681024,17.214548,18.387199
3,91.950000,4.331438,6.061859,9.515625,11.237743,14.669391,16.377701,19.776260,24.819907,26.484279
4,90.950000,5.710798,7.990066,12.532027,14.791850,19.282047,21.509584,25.922502,32.415660,34.540909
5,90.300000,7.084856,9.909008,15.525198,18.311693,23.827736,26.551841,31.918778,39.726507,42.254062
6,89.800000,8.450927,11.814479,18.486462,21.785411,28.285789,31.477982,37.723698,46.679597,49.537799
7,89.800000,9.854141,13.769104,21.511617,25.324191,32.795118,36.439022,43.508485,53.465469,56.586022
8,89.800000,11.254924,15.717071,24.511084,28.820736,37.210927,41.270271,49.066212,59.807866,63.097967
9,89.750000,12.645886,17.647605,27.465981,32.251249,41.497506,45.928934,54.337603,65.617625,68.973496
10,89.750000,14.039993,19.578356,30.401728,35.644023,45.686467,50.446983,59.352740,70.916412,74.230482
11,89.700000,15.422040,21.487662,33.282621,38.955638,49.717434,54.754825,64.022442,75.584845,78.740080
12,89.700000,16.808104,23.397483,36.140707,42.222143,53.632077,58.895742,68.391093,79.665839,82.544797
13,89.700000,18.190020,25.295990,38.955638,45.418232,57.393781,62.826880,72.402828,83.086038,85.567221
14,89.700000,19.567449,27.182264,41.724052,48.538576,60.991818,66.534237,76.036711,85.817071,87.778707
15,89.700000,20.940049,29.055392,44.442643,51.577971,64.415929,70.004608,79.273777,87.836286,89.158298
16,89.700000,22.307483,30.914470,47.108164,54.531348,67.656349,73.225631,82.097133,89.126935,89.692918
17,89.700000,23.669413,32.758598,49.717434,57.393781,70.703837,76.185834,84.492045,89.678311,89.377500
18,89.700000,25.025502,34.586884,52.267336,60.160496,73.549704,78.874673,86.446014,89.485842,88.215035
19,89.700000,26.375417,36.398444,54.754825,62.826880,76.185834,81.282571,87.948843,88.551124,86.216538
20,89.700000,27.718824,38.192402,57.176932,65.388486,78.604709,83.400951,88.992689,86.881910,83.400951
21,89.700000,29.055392,39.967891,59.530763,67.841041,80.799432,85.222267,89.572104,84.492045,79.794956
22,89.700000,30.384791,41.724052,61.813509,70.180456,82.763745,86.740033,89.684065,81.401353,75.432729
23,89.700000,31.706693,43.460035,64.022442,72.402828,84.492045,87.948843,89.327987,77.635469,70.355611
24,89.700000,33.020772,45.175001,66.154927,74.504452,85.979404,88.844390,88.505729,73.225631,64.611720
25,89.700000,34.326704,46.868121,68.208415,76.481823,87.221582,89.423485,87.221582,68.208415,58.255490
26,89.700000,35.624166,48.538576,70.180456,78.331642,88.215035,89.684065,85.482247,62.625438,51.347162
27,89.700000,36.912838,50.185559,72.068694,80.050826,88.956931,89.625202,83.296802,56.523008,43.952206
28,89.700000,38.192402,51.808271,73.870874,81.636506,89.445153,89.247106,80.676651,49.951743,36.140707
29,89.700000,39.462544,53.405930,75.584845,83.086038,89.678311,88.551124,77.635469,42.966148,27.986696
30,89.700000,40.722948,54.977763,77.208560,84.397005,89.655738,87.539734,74.189128,35.624166,19.567449
31,89.700000,41.973304,56.523008,78.740080,85.567221,89.377500,86.216538,70.355611,27.986696,10.962757
32,89.700000,43.213305,58.040920,80.177576,86.594733,88.844390,84.586251,66.154927,20.117087,2.254170
33,89.700000,44.442643,59.530763,81.519332,87.477829,88.057927,82.654679,61.608996,12.080616,-6.475781
34,89.700000,45.661015,60.991818,82.763745,88.215035,87.020356,80.428701,56.741544,3.943940,-15.144360
35,89.700000,46.868121,62.423378,83.909330,88.805122,85.734633,77.916247,51.577971,-4.225449,-23.669413
36,89.700000,48.063664,63.824750,84.954718,89.247106,84.204427,75.126265,46.145226,-12.359789,-31.970146
37,89.700000,49.247347,65.195258,85.898662,89.540250,82.434100,72.068694,40.471661,-20.391610,-39.967891
38,89.700000,50.418879,66.534237,86.740033,89.684065,80.428701,68.754423,34.586884,-28.254291,-47.586853
39,89.700000,51.577971,67.841041,87.477829,89.678311,78.193948,65.195258,28.521607,-35.882614,-54.754825
40,89.700000,52.724337,69.115038,88.111166,89.522998,75.736215,61.403875,22.307483,-43.213305,-61.403875
41,89.700000,53.857694,70.355611,88.639290,89.218384,73.062509,57.393781,15.976942,-50.185559,-67.470989
42,89.700000,54.977763,71.562161,89.061570,88.764978,70.180456,53.179257,9.563021,-56.741544,-72.898667
43,89.700000,56.084266,72.734104,89.377500,88.163536,67.098273,48.775315,3.099193,-62.826880,-77.635469
44,89.700000,57.176932,73.870874,89.586705,87.415060,63.824750,44.197643,-3.380809,-68.391093,-81.636506
45,89.700000,58.255490,74.971920,89.688934,86.520800,60.369222,39.462544,-9.843168,-73.388030,-84.863857
46,89.700000,59.319674,76.036711,89.684065,85.482247,56.741544,34.586884,-16.254157,-77.776242,-87.286936
47,89.700000,60.369222,77.064731,89.572104,84.301132,52.952058,29.588031,-22.580320,-81.519332,-88.882781
48,89.700000,61.403875,78.055483,89.353185,82.979425,49.011573,24.483789,-28.788642,-84.586251,-89.636266
49,89.700000,62.423378,79.008488,89.027569,81.519332,44.931324,19.292338,-34.846723,-86.951562,-89.540250
50,89.700000,63.427478,79.923285,88.595644,79.923285,40.722948,14.032172,-40.722948,-88.595644,-88.595644
51,89.700000,64.415929,80.799432,88.057927,78.193948,36.398444,8.722024,-46.386650,-89.504861,-86.811400
52,89.700000,65.388486,81.636506,87.415060,76.334205,31.970146,3.380809,-51.808271,-89.671672,-84.204427
53,89.700000,66.344909,82.434100,86.667811,74.347157,27.450680,-1.972447,-56.959519,-89.094692,-80.799432
54,89.700000,67.284963,83.191830,85.817071,72.236117,22.852934,-7.318678,-61.813509,-87.778707,-76.628686
55,89.700000,68.208415,83.909330,84.863857,70.004608,18.190020,-12.638841,-66.344909,-85.734633,-71.731714
56,89.700000,69.115038,84.586251,83.809306,67.656349,13.475235,-17.913985,-70.530072,-82.979425,-66.154927
57,89.700000,70.004608,85.222267,82.654679,65.195258,8.722024,-23.125323,-74.347157,-79.535937,-59.951176
58,89.700000,70.876905,85.817071,81.401353,62.625438,3.943940,-28.254291,-77.776242,-75.432729,-53.179257
59,89.700000,71.731714,86.370374,80.050826,59.951176,-0.845390,-33.282621,-80.799432,-70.703837,-45.903347
60,89.700000,72.568824,86.881910,78.604709,57.176932,-5.632310,-38.192402,-83.400951,-65.388486,-38.192402
61,89.700000,73.388030,87.351430,77.064731,54.307332,-10.403168,-42.966148,-85.567221,-59.530763,-30.119501
62,89.700000,74.189128,87.778707,75.432729,51.347162,-15.144360,-47.586853,-87.286936,-53.179257,-21.761151
63,89.700000,74.971920,88.163536,73.710653,48.301358,-19.842366,-52.038061,-88.551124,-46.386650,-13.196566
64,89.700000,75.736215,88.505729,71.900559,45.175001,-24.483789,-56.303915,-89.353185,-39.209284,-4.506915
65,89.700000,76.481823,88.805122,70.004608,41.973304,-29.055392,-60.369222,-89.688934,-31.706693,4.225449
66,89.700000,77.208560,89.061570,68.025064,38.701607,-33.544141,-64.219503,-89.556619,-23.941108,12.917767
67,89.700000,77.916247,89.274948,65.964291,35.365366,-37.937233,-67.841041,-88.956931,-15.976942,21.487662
68,89.700000,78.604709,89.445153,63.824750,31.970146,-42.222143,-71.220939,-87.892998,-7.880252,29.853913
69,89.700000,79.273777,89.572104,61.608996,28.521607,-46.386650,-74.347157,-86.370374,0.281800,37.937233
70,89.700000,79.923285,89.655738,59.319674,25.025502,-50.418879,-77.208560,-84.397005,8.441516,45.661015
71,89.700000,80.553074,89.696016,56.959519,21.487662,-54.307332,-79.794956,-81.983189,16.531212,52.952058
72,89.700000,81.162987,89.692918,54.531348,17.913985,-58.040920,-82.097133,-79.141523,24.483789,59.741265
73,89.700000,81.752874,89.646444,52.038061,14.310433,-61.608996,-84.106891,-75.886837,32.233282,65.964291
74,89.700000,82.322590,89.556619,49.482635,10.683015,-65.001386,-85.817071,-72.236117,39.715413,71.562161
75,89.700000,82.871994,89.423485,46.868121,7.037781,-68.208415,-87.221582,-68.208415,46.868121,76.481823
76,89.700000,83.400951,89.247106,44.197643,3.380809,-71.220939,-88.315421,-63.824750,53.632077,80.676651
77,89.700000,83.909330,89.027569,41.474387,-0.281800,-74.030366,-89.094692,-59.108000,59.951176,84.106891
78,89.700000,84.397005,88.764978,38.701607,-3.943940,-76.628686,-89.556619,-54.082780,65.773005,86.740033
79,89.700000,84.863857,88.459461,35.882614,-7.599503,-79.008488,-89.699557,-48.775315,71.049272,88.551124
80,89.700000,85.309770,88.111166,33.020772,-11.242391,-81.162987,-89.522998,-43.213305,75.736215,89.522998
81,89.700000,85.734633,87.720262,30.119501,-14.866530,-83.086038,-89.027569,-37.425774,79.794956,89.646444
82,89.700000,86.138344,87.286936,27.182264,-18.465876,-84.772158,-88.215035,-31.442929,83.191830,88.920295
83,89.700000,86.520800,86.811400,24.212568,-22.034426,-86.216538,-87.088291,-25.295990,85.898662,87.351430
84,89.700000,86.881910,86.293882,21.213960,-25.566228,-87.415060,-85.651350,-19.017038,87.892998,84.954718
85,89.700000,87.221582,85.734633,18.190020,-29.055392,-88.364307,-83.909330,-12.638841,89.158298,81.752874
86,89.700000,87.539734,85.133924,15.144360,-32.496100,-89.061570,-81.868435,-6.194684,89.684065,77.776242
87,89.700000,87.836286,84.492045,12.080616,-35.882614,-89.504861,-79.535937,0.281800,89.465939,73.062509
88,89.700000,88.111166,83.809306,9.002446,-39.209284,-89.692918,-76.920141,6.756814,88.505729,67.656349
89,89.700000,88.364307,83.086038,5.913526,-42.470564,-89.625202,-74.030366,13.196566,86.811400,61.608996
90,89.700000,88.595644,82.322590,2.817545,-45.661015,-89.301908,-70.876905,19.567449,84.397005,54.977763
91,89.700000,88.805122,81.519332,-0.281800,-48.775315,-88.723958,-67.470989,25.836214,81.282571,47.825494
92,89.700000,88.992689,80.676651,-3.380809,-51.808271,-87.892998,-63.824750,31.970146,77.493931,40.219974
93,89.700000,89.158298,79.794956,-6.475781,-54.754825,-86.811400,-59.951176,37.937233,73.062509,32.233282
94,89.700000,89.301908,78.874673,-9.563021,-57.610063,-85.482247,-55.864064,43.706336,68.025064,23.941108
95,89.700000,89.423485,77.916247,-12.638841,-60.369222,-83.909330,-51.577971,49.247347,62.423378,15.422040
96,89.700000,89.522998,76.920141,-15.699568,-63.027702,-82.097133,-47.108164,54.531348,56.303915,6.756814
97,89.700000,89.600422,75.886837,-18.741549,-65.581069,-80.050826,-42.470564,59.530763,49.717434,-1.972447
98,89.700000,89.655738,74.816835,-21.761151,-68.025064,-77.776242,-37.681690,64.219503,42.718567,-10.683015
99,89.700000,89.688934,73.710653,-24.754768,-70.355611,-75.279869,-32.758598,68.573096,35.365366,-19.292338
100,89.700000,89.700000,72.568824,-27.718824,-72.568824,-72.568824,-27.718824,72.568824,27.718824,-27.718824
101,89.700000,89.688934,71.391902,-30.649782,-74.661012,-69.650840,-22.580320,76.185834,19.842366,-35.882614
102,89.700000,89.655738,70.180456,-33.544141,-76.628686,-66.534237,-17.361387,79.405249,11.801323,-43.706336
103,89.700000,89.600422,68.935070,-36.398444,-78.468563,-63.227902,-12.080616,82.210267,3.662393,-51.115845
104,89.700000,89.522998,67.656349,-39.209284,-80.177576,-59.741265,-6.756814,84.586251,-4.506915,-58.040920
105,89.700000,89.423485,66.344909,-41.973304,-81.752874,-56.084266,-1.408946,86.520800,-12.638841,-64.415929
106,89.700000,89.301908,65.001386,-44.687204,-83.191830,-52.267336,3.943940,88.003819,-20.665932,-70.180456
107,89.700000,89.158298,63.626428,-47.347742,-84.492045,-48.301358,9.282779,89.027569,-28.521607,-75.279869
108,89.700000,88.992689,62.220702,-49.951743,-85.651350,-44.197643,14.588554,89.586705,-36.140707,-79.665839
109,89.700000,88.805122,60.784885,-52.496096,-86.667811,-39.967891,19.842366,89.678311,-43.460035,-83.296802
110,89.700000,88.595644,59.319674,-54.977763,-87.539734,-35.624166,25.025502,89.301908,-50.418879,-86.138344
111,89.700000,88.364307,57.825777,-57.393781,-88.265663,-31.178853,30.119501,88.459461,-56.959519,-88.163536
112,89.700000,88.111166,56.303915,-59.741265,-88.844390,-26.644630,35.106218,87.155366,-63.027702,-89.353185
113,89.700000,87.836286,54.754825,-62.017411,-89.274948,-22.034426,39.967891,85.396430,-68.573096,-89.696016
114,89.700000,87.539734,53.179257,-64.219503,-89.556619,-17.361387,44.687204,83.191830,-73.549704,-89.188781
115,89.700000,87.221582,51.577971,-66.344909,-89.688934,-12.638841,49.247347,80.553074,-77.916247,-87.836286
116,89.700000,86.881910,49.951743,-68.391093,-89.671672,-7.880252,53.632077,77.493931,-81.636506,-85.651350
117,89.700000,86.520800,48.301358,-70.355611,-89.504861,-3.099193,57.825777,74.030366,-84.679622,-82.654679
118,89.700000,86.138344,46.627616,-72.236117,-89.188781,1.690705,61.813509,70.180456,-87.020356,-78.874673
119,89.700000,85.734633,44.931324,-74.030366,-88.723958,6.475781,65.581069,65.964291,-88.639290,-74.347157
120,89.700000,85.309770,43.213305,-75.736215,-88.111166,11.242391,69.115038,61.403875,-89.522998,-69.115038
121,89.700000,84.863857,41.474387,-77.351627,-87.351430,15.976942,72.402828,56.523008,-89.664148,-63.227902
122,89.700000,84.397005,39.715413,-78.874673,-86.446014,20.665932,75.432729,51.347162,-89.061570,-56.741544
123,89.700000,83.909330,37.937233,-80.303535,-85.396430,25.295990,78.193948,45.903347,-87.720262,-49.717434
124,89.700000,83.400951,36.140707,-81.636506,-84.204427,29.853913,80.676651,40.219974,-85.651350,-42.222143
125,89.700000,82.871994,34.326704,-82.871994,-82.871994,34.326704,82.871994,34.326704,-82.871994,-34.326704
126,89.700000,82.322590,32.496100,-84.008525,-81.401353,38.701607,84.772158,28.254291,-79.405249,-26.105944
127,89.700000,81.752874,30.649782,-85.044741,-79.794956,42.966148,86.370374,22.034426,-75.279869,-17.637773
128,89.700000,81.162987,28.788642,-85.979404,-78.055483,47.108164,87.660951,15.699568,-70.530072,-9.002446
129,89.700000,80.553074,26.913580,-86.811400,-76.185834,51.115845,88.639290,9.282779,-65.195258,-0.281800
130,89.700000,79.923285,25.025502,-87.539734,-74.189128,54.977763,89.301908,2.817545,-59.319674,8.441516
131,89.700000,79.273777,23.125323,-88.163536,-72.068694,58.682903,89.646444,-3.662393,-52.952058,17.084830
132,89.700000,78.604709,21.213960,-88.682062,-69.828068,62.220702,89.671672,-10.123218,-46.145226,25.566228
133,89.700000,77.916247,19.292338,-89.094692,-67.470989,65.581069,89.377500,-16.531212,-38.955638,33.805330
134,89.700000,77.208560,17.361387,-89.400934,-65.001386,68.754423,88.764978,-22.852934,-31.442929,41.724052
135,89.700000,76.481823,15.422040,-89.600422,-62.423378,71.731714,87.836286,-29.055392,-23.669413,49.247347
136,89.700000,75.736215,13.475235,-89.692918,-59.741265,74.504452,86.594733,-35.106218,-15.699568,56.303915
137,89.700000,74.971920,11.521914,-89.678311,-56.959519,77.064731,85.044741,-40.973833,-7.599503,62.826880
138,89.700000,74.189128,9.563021,-89.556619,-54.082780,79.405249,83.191830,-46.627616,0.563598,68.754423
139,89.700000,73.388030,7.599503,-89.327987,-51.115845,81.519332,81.042601,-52.038061,8.722024,74.030366
140,89.700000,72.568824,5.632310,-88.992689,-48.063664,83.400951,78.604709,-57.176932,16.808104,78.604709
141,89.700000,71.731714,3.662393,-88.551124,-44.931324,85.044741,75.886837,-62.017411,24.754768,82.434100
142,89.700000,70.876905,1.690705,-88.003819,-41.724052,86.446014,72.898667,-66.534237,32.496100,85.482247
143,89.700000,70.004608,-0.281800,-87.351430,-38.447195,87.600774,69.650840,-70.703837,39.967891,87.720262
144,89.700000,69.115038,-2.254170,-86.594733,-35.106218,88.505729,66.154927,-74.504452,47.108164,89.126935
145,89.700000,68.208415,-4.225449,-85.734633,-31.706693,89.158298,62.423378,-77.916247,53.857694,89.688934
146,89.700000,67.284963,-6.194684,-84.772158,-28.254291,89.556619,58.469485,-80.921416,60.160496,89.400934
147,89.700000,66.344909,-8.160924,-83.708456,-24.754768,89.699557,54.307332,-83.504277,65.964291,88.265663
148,89.700000,65.388486,-10.123218,-82.544797,-21.213960,89.586705,49.951743,-85.651350,71.220939,86.293882
149,89.700000,64.415929,-12.080616,-81.282571,-17.637773,89.218384,45.418232,-87.351430,75.886837,83.504277
150,89.700000,63.427478,-14.032172,-79.923285,-14.032172,88.595644,40.722948,-88.595644,79.923285,79.923285
151,89.700000,62.423378,-15.976942,-78.468563,-10.403168,87.720262,35.882614,-89.377500,83.296802,75.584845
152,89.700000,61.403875,-17.913985,-76.920141,-6.756814,86.594733,30.914470,-89.692918,85.979404,70.530072
153,89.700000,60.369222,-19.842366,-75.279869,-3.099193,85.222267,25.836214,-89.540250,87.948843,64.806872
154,89.700000,59.319674,-21.761151,-73.549704,0.563598,83.606779,20.665932,-88.920295,89.188781,58.469485
155,89.700000,58.255490,-23.669413,-71.731714,4.225449,81.752874,15.422040,-87.836286,89.688934,51.577971
156,89.700000,57.176932,-25.566228,-69.828068,7.880252,79.665839,10.123218,-86.293882,89.445153,44.197643
157,89.700000,56.084266,-27.450680,-67.841041,11.521914,77.351627,4.788338,-84.301132,88.459461,36.398444
158,89.700000,54.977763,-29.321856,-65.773005,15.144360,74.816835,-0.563598,-81.868435,86.740033,28.254291
159,89.700000,53.857694,-31.178853,-63.626428,18.741549,72.068694,-5.913526,-79.008488,84.301132,19.842366
160,89.700000,52.724337,-33.020772,-61.403875,22.307483,69.115038,-11.242391,-75.736215,81.162987,11.242391
161,89.700000,51.577971,-34.846723,-59.108000,25.836214,65.964291,-16.531212,-72.068694,77.351627,2.535870
162,89.700000,50.418879,-36.655822,-56.741544,29.321856,62.625438,-21.761151,-68.025064,72.898667,-6.194684
163,89.700000,49.247347,-38.447195,-54.307332,32.758598,59.108000,-26.913580,-63.626428,67.841041,-14.866530
164,89.700000,48.063664,-40.219974,-51.808271,36.140707,55.422007,-31.970146,-58.895742,62.220702,-23.397483
165,89.700000,46.868121,-41.973304,-49.247347,39.462544,51.577971,-36.912838,-53.857694,56.084266,-31.706693
166,89.700000,45.661015,-43.706336,-46.627616,42.718567,47.586853,-41.724052,-48.538576,49.482635,-39.715413
167,89.700000,44.442643,-45.418232,-43.952206,45.903347,43.460035,-46.386650,-42.966148,42.470564,-47.347742
168,89.700000,43.213305,-47.108164,-41.224313,49.011573,39.209284,-50.884025,-37.169490,35.106218,-54.531348
169,89.700000,41.973304,-48.775315,-38.447195,52.038061,34.846723,-55.200157,-31.178853,27.450680,-61.198149
170,89.700000,40.722948,-50.418879,-35.624166,54.977763,30.384791,-59.319674,-25.025502,19.567449,-67.284963
171,89.700000,39.462544,-52.038061,-32.758598,57.825777,25.836214,-63.227902,-18.741549,11.521914,-72.734104
172,89.700000,38.192402,-53.632077,-29.853913,60.577353,21.213960,-66.910921,-12.359789,3.380809,-77.493931
173,89.700000,36.912838,-55.200157,-26.913580,63.227902,16.531212,-70.355611,-5.913526,-4.788338,-81.519332
174,89.700000,35.624166,-56.741544,-23.941108,65.773005,11.801323,-73.549704,0.563598,-12.917767,-84.772158
175,89.700000,34.326704,-58.255490,-20.940049,68.208415,7.037781,-76.481823,7.037781,-20.940049,-87.221582
176,89.700000,33.020772,-59.741265,-17.913985,70.530072,2.254170,-79.141523,13.475235,-28.788642,-88.844390
177,89.700000,31.706693,-61.198149,-14.866530,72.734104,-2.535870,-81.519332,19.842366,-36.398444,-89.625202
178,89.700000,30.384791,-62.625438,-11.801323,74.816835,-7.318678,-83.606779,26.105944,-43.706336,-89.556619
179,89.700000,29.055392,-64.022442,-8.722024,76.774792,-12.080616,-85.396430,32.233282,-50.651702,-88.639290
180,89.700000,27.718824,-65.388486,-5.632310,78.604709,-16.808104,-86.881910,38.192402,-57.176932,-86.881910
181,89.700000,26.375417,-66.722908,-2.535870,80.303535,-21.487662,-88.057927,43.952206,-63.227902,-84.301132
182,89.700000,25.025502,-68.025064,0.563598,81.868435,-26.105944,-88.920295,49.482635,-68.754423,-80.921416
183,89.700000,23.669413,-69.294323,3.662393,83.296802,-30.649782,-89.465939,54.754825,-73.710653,-76.774792
184,89.700000,22.307483,-70.530072,6.756814,84.586251,-35.106218,-89.692918,59.741265,-78.055483,-71.900559
185,89.700000,20.940049,-71.731714,9.843168,85.734633,-39.462544,-89.600422,64.415929,-81.752874,-66.344909
186,89.700000,19.567449,-72.898667,12.917767,86.740033,-43.706336,-89.188781,68.754423,-84.772158,-60.160496
187,89.700000,18.190020,-74.030366,15.976942,87.600774,-47.825494,-88.459461,72.734104,-87.088291,-53.405930
188,89.700000,16.808104,-75.126265,19.017038,88.315421,-51.808271,-87.415060,76.334205,-88.682062,-46.145226
189,89.700000,15.422040,-76.185834,22.034426,88.882781,-55.643310,-86.059299,79.535937,-89.540250,-38.447195
190,89.700000,14.032172,-77.208560,25.025502,89.301908,-59.319674,-84.397005,82.322590,-89.655738,-30.384791
191,89.700000,12.638841,-78.193948,27.986696,89.572104,-62.826880,-82.434100,84.679622,-89.027569,-22.034426
192,89.700000,11.242391,-79.141523,30.914470,89.692918,-66.154927,-80.177576,86.594733,-87.660951,-13.475235
193,89.700000,9.843168,-80.050826,33.805330,89.664148,-69.294323,-77.635469,88.057927,-85.567221,-4.788338
194,89.700000,8.441516,-80.921416,36.655822,89.485842,-72.236117,-74.816835,89.061570,-82.763745,3.943940
195,89.700000,7.037781,-81.752874,39.462544,89.158298,-74.971920,-71.731714,89.600422,-79.273777,12.638841
196,89.700000,5.632310,-82.544797,42.222143,88.682062,-77.493931,-68.391093,89.671672,-75.126265,21.213960
197,89.700000,4.225449,-83.296802,44.931324,88.057927,-79.794956,-64.806872,89.274948,-70.355611,29.588031
198,89.700000,2.817545,-84.008525,47.586853,87.286936,-81.868435,-60.991818,88.412320,-65.001386,37.681690
199,89.700000,1.408946,-84.679622,50.185559,86.370374,-83.708456,-56.959519,87.088291,-59.108000,45.418232
200,89.700000,0.000000,-85.309770,52.724337,85.309770,-85.309770,-52.724337,85.309770,-52.724337,52.724337
201,89.700000,-1.408946,-85.898662,55.200157,84.106891,-86.667811,-48.301358,83.086038,-45.903347,59.530763
202,89.700000,-2.817545,-86.446014,57.610063,82.763745,-87.778707,-43.706336,80.428701,-38.701607,65.773005
203,89.700000,-4.225449,-86.951562,59.951176,81.282571,-88.639290,-38.955638,77.351627,-31.178853,71.391902
204,89.700000,-5.632310,-87.415060,62.220702,79.665839,-89.247106,-34.066185,73.870874,-23.397483,76.334205
205,89.700000,-7.037781,-87.836286,64.415929,77.916247,-89.600422,-29.055392,70.004608,-15.422040,80.553074
206,89.700000,-8.441516,-88.215035,66.534237,76.036711,-89.698229,-23.941108,65.773005,-7.318678,84.008525
207,89.700000,-9.843168,-88.551124,68.573096,74.030366,-89.540250,-18.741549,61.198149,0.845390,86.667811
208,89.700000,-11.242391,-88.844390,70.530072,71.900559,-89.126935,-13.475235,56.303915,9.002446,88.505729
209,89.700000,-12.638841,-89.094692,72.402828,69.650840,-88.459461,-8.160924,51.115845,17.084830,89.504861
210,89.700000,-14.032172,-89.301908,74.189128,67.284963,-87.539734,-2.817545,45.661015,25.025502,89.655738
211,89.700000,-15.422040,-89.465939,75.886837,64.806872,-86.370374,2.535870,39.967891,32.758598,88.956931
212,89.700000,-16.808104,-89.586705,77.493931,62.220702,-84.954718,7.880252,34.066185,40.219974,87.415060
213,89.700000,-18.190020,-89.664148,79.008488,59.530763,-83.296802,13.196566,27.986696,47.347742,85.044741
214,89.700000,-19.567449,-89.698229,80.428701,56.741544,-81.401353,18.465876,21.761151,54.082780,81.868435
215,89.700000,-20.940049,-89.688934,81.752874,53.857694,-79.273777,23.669413,15.422040,60.369222,77.916247
216,89.700000,-22.307483,-89.636266,82.979425,50.884025,-76.920141,28.788642,9.002446,66.154927,73.225631
217,89.700000,-23.669413,-89.540250,84.106891,47.825494,-74.347157,33.805330,2.535870,71.391902,67.841041
218,89.700000,-25.025502,-89.400934,85.133924,44.687204,-71.562161,38.701607,-3.943940,76.036711,61.813509
219,89.700000,-26.375417,-89.218384,86.059299,41.474387,-68.573096,43.460035,-10.403168,80.050826,55.200157
220,89.700000,-27.718824,-88.992689,86.881910,38.192402,-65.388486,48.063664,-16.808104,83.400951,48.063664
221,89.700000,-29.055392,-88.723958,87.600774,34.846723,-62.017411,52.496096,-23.125323,86.059299,40.471661
222,89.700000,-30.384791,-88.412320,88.215035,31.442929,-58.469485,56.741544,-29.321856,88.003819,32.496100
223,89.700000,-31.706693,-88.057927,88.723958,27.986696,-54.754825,60.784885,-35.365366,89.218384,24.212568
224,89.700000,-33.020772,-87.660951,89.126935,24.483789,-50.884025,64.611720,-41.224313,89.692918,15.699568
225,89.700000,-34.326704,-87.221582,89.423485,20.940049,-46.868121,68.208415,-46.868121,89.423485,7.037781
226,89.700000,-35.624166,-86.740033,89.613254,17.361387,-42.718567,71.562161,-52.267336,88.412320,-1.690705
227,89.700000,-36.912838,-86.216538,89.696016,13.753771,-38.447195,74.661012,-57.393781,86.667811,-10.403168
228,89.700000,-38.192402,-85.651350,89.671672,10.123218,-34.066185,77.493931,-62.220702,84.204427,-19.017038
229,89.700000,-39.462544,-85.044741,89.540250,6.475781,-29.588031,80.050826,-66.722908,81.042601,-27.450680
230,89.700000,-40.722948,-84.397005,89.301908,2.817545,-25.025502,82.322590,-70.876905,77.208560,-35.624166
231,89.700000,-41.973304,-83.708456,88.956931,-0.845390,-20.391610,84.301132,-74.661012,72.734104,-43.460035
232,89.700000,-43.213305,-82.979425,88.505729,-4.506915,-15.699568,85.979404,-78.055483,67.656349,-50.884025
233,89.700000,-44.442643,-82.210267,87.948843,-8.160924,-10.962757,87.351430,-81.042601,62.017411,-57.825777
234,89.700000,-45.661015,-81.401353,87.286936,-11.801323,-6.194684,88.412320,-83.606779,55.864064,-64.219503
235,89.700000,-46.868121,-80.553074,86.520800,-15.422040,-1.408946,89.158298,-85.734633,49.247347,-70.004608
236,89.700000,-48.063664,-79.665839,85.651350,-19.017038,3.380809,89.586705,-87.415060,42.222143,-75.126265
237,89.700000,-49.247347,-78.740080,84.679622,-22.580320,8.160924,89.696016,-88.639290,34.846723,-79.535937
238,89.700000,-50.418879,-77.776242,83.606779,-26.105944,12.917767,89.485842,-89.400934,27.182264,-83.191830
239,89.700000,-51.577971,-76.774792,82.434100,-29.588031,17.637773,88.956931,-89.696016,19.292338,-86.059299
240,89.700000,-52.724337,-75.736215,81.162987,-33.020772,22.307483,88.111166,-89.522998,11.242391,-88.111166
241,89.700000,-53.857694,-74.661012,79.794956,-36.398444,26.913580,86.951562,-88.882781,3.099193,-89.327987
242,89.700000,-54.977763,-73.549704,78.331642,-39.715413,31.442929,85.482247,-87.778707,-5.069713,-89.698229
243,89.700000,-56.084266,-72.402828,76.774792,-42.966148,35.882614,83.708456,-86.216538,-13.196566,-89.218384
244,89.700000,-57.176932,-71.220939,75.126265,-46.145226,40.219974,81.636506,-84.204427,-21.213960,-87.892998
245,89.700000,-58.255490,-70.004608,73.388030,-49.247347,44.442643,79.273777,-81.752874,-29.055392,-85.734633
246,89.700000,-59.319674,-68.754423,71.562161,-52.267336,48.538576,76.628686,-78.874673,-36.655822,-82.763745
247,89.700000,-60.369222,-67.470989,69.650840,-55.200157,52.496096,73.710653,-75.584845,-43.952206,-79.008488
248,89.700000,-61.403875,-66.154927,67.656349,-58.040920,56.303915,70.530072,-71.900559,-50.884025,-74.504452
249,89.700000,-62.423378,-64.806872,65.581069,-60.784885,59.951176,67.098273,-67.841041,-57.393781,-69.294323
250,89.700000,-63.427478,-63.427478,63.427478,-63.427478,63.427478,63.427478,-63.427478,-63.427478,-63.427478
251,89.700000,-64.415929,-62.017411,61.198149,-65.964291,66.722908,59.530763,-58.682903,-68.935070,-56.959519
252,89.700000,-65.388486,-60.577353,58.895742,-68.391093,69.828068,55.422007,-53.632077,-73.870874,-49.951743
253,89.700000,-66.344909,-59.108000,56.523008,-70.703837,72.734104,51.115845,-48.301358,-78.193948,-42.470564
254,89.700000,-67.284963,-57.610063,54.082780,-72.898667,75.432729,46.627616,-42.718567,-81.868435,-34.586884
255,89.700000,-68.208415,-56.084266,51.577971,-74.971920,77.916247,41.973304,-36.912838,-84.863857,-26.375417
256,89.700000,-69.115038,-54.531348,49.011573,-76.920141,80.177576,37.169490,-30.914470,-87.155366,-17.913985
257,89.700000,-70.004608,-52.952058,46.386650,-78.740080,82.210267,32.233282,-24.754768,-88.723958,-9.282779
258,89.700000,-70.876905,-51.347162,43.706336,-80.428701,84.008525,27.182264,-18.465876,-89.556619,-0.563598
259,89.700000,-71.731714,-49.717434,40.973833,-81.983189,85.567221,22.034426,-12.080616,-89.646444,8.160924
260,89.700000,-72.568824,-48.063664,38.192402,-83.400951,86.881910,16.808104,-5.632310,-88.992689,16.808104
261,89.700000,-73.388030,-46.386650,35.365366,-84.679622,87.948843,11.521914,0.845390,-87.600774,25.295990
262,89.700000,-74.189128,-44.687204,32.496100,-85.817071,88.764978,6.194684,7.318678,-85.482247,33.544141
263,89.700000,-74.971920,-42.966148,29.588031,-86.811400,89.327987,0.845390,13.753771,-82.654679,41.474387
264,89.700000,-75.736215,-41.224313,26.644630,-87.660951,89.636266,-4.506915,20.117087,-79.141523,49.011573
265,89.700000,-76.481823,-39.462544,23.669413,-88.364307,89.688934,-9.843168,26.375417,-74.971920,56.084266
266,89.700000,-77.208560,-37.681690,20.665932,-88.920295,89.485842,-15.144360,32.496100,-70.180456,62.625438
267,89.700000,-77.916247,-35.882614,17.637773,-89.327987,89.027569,-20.391610,38.447195,-64.806872,68.573096
268,89.700000,-78.604709,-34.066185,14.588554,-89.586705,88.315421,-25.566228,44.197643,-58.895742,73.870874
269,89.700000,-79.273777,-32.233282,11.521914,-89.696016,87.351430,-30.649782,49.717434,-52.496096,78.468563
270,89.700000,-79.923285,-30.384791,8.441516,-89.655738,86.138344,-35.624166,54.977763,-45.661015,82.322590
271,89.700000,-80.553074,-28.521607,5.351037,-89.465939,84.679622,-40.471661,59.951176,-38.447195,85.396430
272,89.700000,-81.162987,-26.644630,2.254170,-89.126935,82.979425,-45.175001,64.611720,-30.914470,87.660951
273,89.700000,-81.752874,-24.754768,-0.845390,-88.639290,81.042601,-49.717434,68.935070,-23.125323,89.094692
274,89.700000,-82.322590,-22.852934,-3.943940,-88.003819,78.874673,-54.082780,72.898667,-15.144360,89.684065
275,89.700000,-82.871994,-20.940049,-7.037781,-87.221582,76.481823,-58.255490,76.481823,-7.037781,89.423485
276,89.700000,-83.400951,-19.017038,-10.123218,-86.293882,73.870874,-62.220702,79.665839,1.127174,88.315421
277,89.700000,-83.909330,-17.084830,-13.196566,-85.222267,71.049272,-65.964291,82.434100,9.282779,86.370374
278,89.700000,-84.397005,-15.144360,-16.254157,-84.008525,68.025064,-69.472924,84.772158,17.361387,83.606779
279,89.700000,-84.863857,-13.196566,-19.292338,-82.654679,64.806872,-72.734104,86.667811,25.295990,80.050826
280,89.700000,-85.309770,-11.242391,-22.307483,-81.162987,61.403875,-75.736215,88.111166,33.020772,75.736215
281,89.700000,-85.734633,-9.282779,-25.295990,-79.535937,57.825777,-78.468563,89.094692,40.471661,70.703837
282,89.700000,-86.138344,-7.318678,-28.254291,-77.776242,54.082780,-80.921416,89.613254,47.586853,65.001386
283,89.700000,-86.520800,-5.351037,-31.178853,-75.886837,50.185559,-83.086038,89.664148,54.307332,58.682903
284,89.700000,-86.881910,-3.380809,-34.066185,-73.870874,46.145226,-84.954718,89.247106,60.577353,51.808271
285,89.700000,-87.221582,-1.408946,-36.912838,-71.731714,41.973304,-86.520800,88.364307,66.344909,44.442643
286,89.700000,-87.539734,0.563598,-39.715413,-69.472924,37.681690,-87.778707,87.020356,71.562161,36.655822
287,89.700000,-87.836286,2.535870,-42.470564,-67.098273,33.282621,-88.723958,85.222267,76.185834,28.521607
288,89.700000,-88.111166,4.506915,-45.175001,-64.611720,28.788642,-89.353185,82.979425,80.177576,20.117087
289,89.700000,-88.364307,6.475781,-47.825494,-62.017411,24.212568,-89.664148,80.303535,83.504277,11.521914
290,89.700000,-88.595644,8.441516,-50.418879,-59.319674,19.567449,-89.655738,77.208560,86.138344,2.817545
291,89.700000,-88.805122,10.403168,-52.952058,-56.523008,14.866530,-89.327987,73.710653,88.057927,-5.913526
292,89.700000,-88.992689,12.359789,-55.422007,-53.632077,10.123218,-88.682062,69.828068,89.247106,-14.588554
293,89.700000,-89.158298,14.310433,-57.825777,-50.651702,5.351037,-87.720262,65.581069,89.696016,-23.125323
294,89.700000,-89.301908,16.254157,-60.160496,-47.586853,0.563598,-86.446014,60.991818,89.400934,-31.442929
295,89.700000,-89.423485,18.190020,-62.423378,-44.442643,-4.225449,-84.863857,56.084266,88.364307,-39.462544
296,89.700000,-89.522998,20.117087,-64.611720,-41.224313,-9.002446,-82.979425,50.884025,86.594733,-47.108164
297,89.700000,-89.600422,22.034426,-66.722908,-37.937233,-13.753771,-80.799432,45.418232,84.106891,-54.307332
298,89.700000,-89.655738,23.941108,-68.754423,-34.586884,-18.465876,-78.331642,39.715413,80.921416,-60.991818
299,89.700000,-89.688934,25.836214,-70.703837,-31.178853,-23.125323,-75.584845,33.805330,77.064731,-67.098273
300,89.700000,-89.700000,27.718824,-72.568824,-27.718824,-27.718824,-72.568824,27.718824,72.568824,-72.568824
301,89.700000,-89.688934,29.588031,-74.347157,-24.212568,-32.233282,-69.294323,21.487662,67.470989,-77.351627
302,89.700000,-89.655738,31.442929,-76.036711,-20.665932,-36.655822,-65.773005,15.144360,61.813509,-81.401353
303,89.700000,-89.600422,33.282621,-77.635469,-17.084830,-40.973833,-62.017411,8.722024,55.643310,-84.679622
304,89.700000,-89.522998,35.106218,-79.141523,-13.475235,-45.175001,-58.040920,2.254170,49.011573,-87.155366
305,89.700000,-89.423485,36.912838,-80.553074,-9.843168,-49.247347,-53.857694,-4.225449,41.973304,-88.805122
306,89.700000,-89.301908,38.701607,-81.868435,-6.194684,-53.179257,-49.482635,-10.683015,34.586884,-89.613254
307,89.700000,-89.158298,40.471661,-83.086038,-2.535870,-56.959519,-44.931324,-17.084830,26.913580,-89.572104
308,89.700000,-88.992689,42.222143,-84.204427,1.127174,-60.577353,-40.219974,-23.397483,19.017038,-88.682062
309,89.700000,-88.805122,43.952206,-85.222267,4.788338,-64.022442,-35.365366,-29.588031,10.962757,-86.951562
310,89.700000,-88.595644,45.661015,-86.138344,8.441516,-67.284963,-30.384791,-35.624166,2.817545,-84.397005
311,89.700000,-88.364307,47.347742,-86.951562,12.080616,-70.355611,-25.295990,-41.474387,-5.351037,-81.042601
312,89.700000,-88.111166,49.011573,-87.660951,15.699568,-73.225631,-20.117087,-47.108164,-13.475235,-76.920141
313,89.700000,-87.836286,50.651702,-88.265663,19.292338,-75.886837,-14.866530,-52.496096,-21.487662,-72.068694
314,89.700000,-87.539734,52.267336,-88.764978,22.852934,-78.331642,-9.563021,-57.610063,-29.321856,-66.534237
315,89.700000,-87.221582,53.857694,-89.158298,26.375417,-80.553074,-4.225449,-62.423378,-36.912838,-60.369222
316,89.700000,-86.881910,55.422007,-89.445153,29.853913,-82.544797,1.127174,-66.910921,-44.197643,-53.632077
317,89.700000,-86.520800,56.959519,-89.625202,33.282621,-84.301132,6.475781,-71.049272,-51.115845,-46.386650
318,89.700000,-86.138344,58.469485,-89.698229,36.655822,-85.817071,11.801323,-74.816835,-57.610063,-38.701607
319,89.700000,-85.734633,59.951176,-89.664148,39.967891,-87.088291,17.084830,-78.193948,-63.626428,-30.649782
320,89.700000,-85.309770,61.403875,-89.522998,43.213305,-88.111166,22.307483,-81.162987,-69.115038,-22.307483
321,89.700000,-84.863857,62.826880,-89.274948,46.386650,-88.882781,27.450680,-83.708456,-74.030366,-13.753771
322,89.700000,-84.397005,64.219503,-88.920295,49.482635,-89.400934,32.496100,-85.817071,-78.331642,-5.069713
323,89.700000,-83.909330,65.581069,-88.459461,52.496096,-89.664148,37.425774,-87.477829,-81.983189,3.662393
324,89.700000,-83.400951,66.910921,-87.892998,55.422007,-89.671672,42.222143,-88.682062,-84.954718,12.359789
325,89.700000,-82.871994,68.208415,-87.221582,58.255490,-89.423485,46.868121,-89.423485,-87.221582,20.940049
326,89.700000,-82.322590,69.472924,-86.446014,60.991818,-88.920295,51.347162,-89.698229,-88.764978,29.321856
327,89.700000,-81.752874,70.703837,-85.567221,63.626428,-88.163536,55.643310,-89.504861,-89.572104,37.425774
328,89.700000,-81.162987,71.900559,-84.586251,66.154927,-87.155366,59.741265,-88.844390,-89.636266,45.175001
329,89.700000,-80.553074,73.062509,-83.504277,68.573096,-85.898662,63.626428,-87.720262,-88.956931,52.496096
330,89.700000,-79.923285,74.189128,-82.322590,70.876905,-84.397005,67.284963,-86.138344,-87.539734,59.319674
331,89.700000,-79.273777,75.279869,-81.042601,73.062509,-82.654679,70.703837,-84.106891,-85.396430,65.581069
332,89.700000,-78.604709,76.334205,-79.665839,75.126265,-80.676651,73.870874,-81.636506,-82.544797,71.220939
333,89.700000,-77.916247,77.351627,-78.193948,77.064731,-78.468563,76.774792,-78.740080,-79.008488,76.185834
334,89.700000,-77.208560,78.331642,-76.628686,78.874673,-76.036711,79.405249,-75.432729,-74.816835,80.428701
335,89.700000,-76.481823,79.273777,-74.971920,80.553074,-73.388030,81.752874,-71.731714,-70.004608,83.909330
336,89.700000,-75.736215,80.177576,-73.225631,82.097133,-70.530072,83.809306,-67.656349,-64.611720,86.594733
337,89.700000,-74.971920,81.042601,-71.391902,83.504277,-67.470989,85.567221,-63.227902,-58.682903,88.459461
338,89.700000,-74.189128,81.868435,-69.472924,84.772158,-64.219503,87.020356,-58.469485,-52.267336,89.485842
339,89.700000,-73.388030,82.654679,-67.470989,85.898662,-60.784885,88.163536,-53.405930,-45.418232,89.664148
340,89.700000,-72.568824,83.400951,-65.388486,86.881910,-57.176932,88.992689,-48.063664,-38.192402,88.992689
341,89.700000,-71.731714,84.106891,-63.227902,87.720262,-53.405930,89.504861,-42.470564,-30.649782,87.477829
342,89.700000,-70.876905,84.772158,-60.991818,88.412320,-49.482635,89.698229,-36.655822,-22.852934,85.133924
343,89.700000,-70.004608,85.396430,-58.682903,88.956931,-45.418232,89.572104,-30.649782,-14.866530,81.983189
344,89.700000,-69.115038,85.979404,-56.303915,89.353185,-41.224313,89.126935,-24.483789,-6.756814,78.055483
345,89.700000,-68.208415,86.520800,-53.857694,89.600422,-36.912838,88.364307,-18.190020,1.408946,73.388030
346,89.700000,-67.284963,87.020356,-51.347162,89.698229,-32.496100,87.286936,-11.801323,9.563021,68.025064
347,89.700000,-66.344909,87.477829,-48.775315,89.646444,-27.986696,85.898662,-5.351037,17.637773,62.017411
348,89.700000,-65.388486,87.892998,-46.145226,89.445153,-23.397483,84.204427,1.127174,25.566228,55.422007
349,89.700000,-64.415929,88.265663,-43.460035,89.094692,-18.741549,82.210267,7.599503,33.282621,48.301358
350,89.700000,-63.427478,88.595644,-40.722948,88.595644,-14.032172,79.923285,14.032172,40.722948,40.722948
351,89.700000,-62.423378,88.882781,-37.937233,87.948843,-9.282779,77.351627,20.391610,47.825494,32.758598
352,89.700000,-61.403875,89.126935,-35.106218,87.155366,-4.506915,74.504452,26.644630,54.531348,24.483789
353,89.700000,-60.369222,89.327987,-32.233282,86.216538,0.281800,71.391902,32.758598,60.784885,15.976942
354,89.700000,-59.319674,89.485842,-29.321856,85.133924,5.069713,68.025064,38.701607,66.534237,7.318678
355,89.700000,-58.255490,89.600422,-26.375417,83.909330,9.843168,64.415929,44.442643,71.731714,-1.408946
356,89.700000,-57.176932,89.671672,-23.397483,82.544797,14.588554,60.577353,49.951743,76.334205,-10.123218
357,89.700000,-56.084266,89.699557,-20.391610,81.042601,19.292338,56.523008,55.200157,80.303535,-18.741549
358,89.700000,-54.977763,89.684065,-17.361387,79.405249,23.941108,52.267336,60.160496,83.606779,-27.182264
359,89.700000,-53.857694,89.625202,-14.310433,77.635469,28.521607,47.825494,64.806872,86.216538,-35.365366
360,89.700000,-52.724337,89.522998,-11.242391,75.736215,33.020772,43.213305,69.115038,88.111166,-43.213305
361,89.700000,-51.577971,89.377500,-8.160924,73.710653,37.425774,38.447195,73.062509,89.274948,-50.651702
362,89.700000,-50.418879,89.188781,-5.069713,71.562161,41.724052,33.544141,76.628686,89.698229,-57.610063
363,89.700000,-49.247347,88.956931,-1.972447,69.294323,45.903347,28.521607,79.794956,89.377500,-64.022442
364,89.700000,-48.063664,88.682062,1.127174,66.910921,49.951743,23.397483,82.544797,88.315421,-69.828068
365,89.700000,-46.868121,88.364307,4.225449,64.415929,53.857694,18.190020,84.863857,86.520800,-74.971920
366,89.700000,-45.661015,88.003819,7.318678,61.813509,57.610063,12.917767,86.740033,84.008525,-79.405249
367,89.700000,-44.442643,87.600774,10.403168,59.108000,61.198149,7.599503,88.163536,80.799432,-83.086038
368,89.700000,-43.213305,87.155366,13.475235,56.303915,64.611720,2.254170,89.126935,76.920141,-85.979404
369,89.700000,-41.973304,86.667811,16.531212,53.405930,67.841041,-3.099193,89.625202,72.402828,-88.057927
370,89.700000,-40.722948,86.138344,19.567449,50.418879,70.876905,-8.441516,89.655738,67.284963,-89.301908
371,89.700000,-39.462544,85.567221,22.580320,47.347742,73.710653,-13.753771,89.218384,61.608996,-89.699557
372,89.700000,-38.192402,84.954718,25.566228,44.197643,76.334205,-19.017038,88.315421,55.422007,-89.247106
373,89.700000,-36.912838,84.301132,28.521607,40.973833,78.740080,-24.212568,86.951562,48.775315,-87.948843
374,89.700000,-35.624166,83.606779,31.442929,37.681690,80.921416,-29.321856,85.133924,41.724052,-85.817071
375,89.700000,-34.326704,82.871994,34.326704,34.326704,82.871994,-34.326704,82.871994,34.326704,-82.871994
376,89.700000,-33.020772,82.097133,37.169490,30.914470,84.586251,-39.209284,80.177576,26.644630,-79.141523
377,89.700000,-31.706693,81.282571,39.967891,27.450680,86.059299,-43.952206,77.064731,18.741549,-74.661012
378,89.700000,-30.384791,80.428701,42.718567,23.941108,87.286936,-48.538576,73.549704,10.683015,-69.472924
379,89.700000,-29.055392,79.535937,45.418232,20.391610,88.265663,-52.952058,69.650840,2.535870,-63.626428
380,89.700000,-27.718824,78.604709,48.063664,16.808104,88.992689,-57.176932,65.388486,-5.632310,-57.176932
381,89.700000,-26.375417,77.635469,50.651702,13.196566,89.465939,-61.198149,60.784885,-13.753771,-50.185559
382,89.700000,-25.025502,76.628686,53.179257,9.563021,89.684065,-65.001386,55.864064,-21.761151,-42.718567
383,89.700000,-23.669413,75.584845,55.643310,5.913526,89.646444,-68.573096,50.651702,-29.588031,-34.846723
384,89.700000,-22.307483,74.504452,58.040920,2.254170,89.353185,-71.900559,45.175001,-37.169490,-26.644630
385,89.700000,-20.940049,73.388030,60.369222,-1.408946,88.805122,-74.971920,39.462544,-44.442643,-18.190020
386,89.700000,-19.567449,72.236117,62.625438,-5.069713,88.003819,-77.776242,33.544141,-51.347162,-9.563021
387,89.700000,-18.190020,71.049272,64.806872,-8.722024,86.951562,-80.303535,27.450680,-57.825777,-0.845390
388,89.700000,-16.808104,69.828068,66.910921,-12.359789,85.651350,-82.544797,21.213960,-63.824750,7.880252
389,89.700000,-15.422040,68.573096,68.935070,-15.976942,84.106891,-84.492045,14.866530,-69.294323,16.531212
390,89.700000,-14.032172,67.284963,70.876905,-19.567449,82.322590,-86.138344,8.441516,-74.189128,25.025502
391,89.700000,-12.638841,65.964291,72.734104,-23.125323,80.303535,-87.477829,1.972447,-78.468563,33.282621
392,89.700000,-11.242391,64.611720,74.504452,-26.644630,78.055483,-88.505729,-4.506915,-82.097133,41.224313
393,89.700000,-9.843168,63.227902,76.185834,-30.119501,75.584845,-89.218384,-10.962757,-85.044741,48.775315
394,89.700000,-8.441516,61.813509,77.776242,-33.544141,72.898667,-89.613254,-17.361387,-87.286936,55.864064
395,89.700000,-7.037781,60.369222,79.273777,-36.912838,70.004608,-89.688934,-23.669413,-88.805122,62.423378
396,89.700000,-5.632310,58.895742,80.676651,-40.219974,66.910921,-89.445153,-29.853913,-89.586705,68.391093
397,89.700000,-4.225449,57.393781,81.983189,-43.460035,63.626428,-88.882781,-35.882614,-89.625202,73.710653
398,89.700000,-2.817545,55.864064,83.191830,-46.627616,60.160496,-88.003819,-41.724052,-88.920295,78.331642
399,89.700000,-1.408946,54.307332,84.301132,-49.717434,56.523008,-86.811400,-47.347742,-87.477829,82.210267
400,89.700000,0.000000,52.724337,85.309770,-52.724337,52.724337,-85.309770,-52.724337,-85.309770,85.309770
401,89.700000,1.408946,51.115845,86.216538,-55.643310,48.775315,-83.504277,-57.825777,-82.434100,87.600774
402,89.700000,2.817545,49.482635,87.020356,-58.469485,44.687204,-81.401353,-62.625438,-78.874673,89.061570
403,89.700000,4.225449,47.825494,87.720262,-61.198149,40.471661,-79.008488,-67.098273,-74.661012,89.678311
404,89.700000,5.632310,46.145226,88.315421,-63.824750,36.140707,-76.334205,-71.220939,-69.828068,89.445153
405,89.700000,7.037781,44.442643,88.805122,-66.344909,31.706693,-73.388030,-74.971920,-64.415929,88.364307
406,89.700000,8.441516,42.718567,89.188781,-68.754423,27.182264,-70.180456,-78.331642,-58.469485,86.446014
407,89.700000,9.843168,40.973833,89.465939,-71.049272,22.580320,-66.722908,-81.282571,-52.038061,83.708456
408,89.700000,11.242391,39.209284,89.636266,-73.225631,17.913985,-63.027702,-83.809306,-45.175001,80.177576
409,89.700000,12.638841,37.425774,89.699557,-75.279869,13.196566,-59.108000,-85.898662,-37.937233,75.886837
410,89.700000,14.032172,35.624166,89.655738,-77.208560,8.441516,-54.977763,-87.539734,-30.384791,70.876905
411,89.700000,15.422040,33.805330,89.504861,-79.008488,3.662393,-50.651702,-88.723958,-22.580320,65.195258
412,89.700000,16.808104,31.970146,89.247106,-80.676651,-1.127174,-46.145226,-89.445153,-14.588554,58.895742
413,89.700000,18.190020,30.119501,88.882781,-82.210267,-5.913526,-41.474387,-89.699557,-6.475781,52.038061
414,89.700000,19.567449,28.254291,88.412320,-83.606779,-10.683015,-36.655822,-89.485842,1.690705,44.687204
415,89.700000,20.940049,26.375417,87.836286,-84.863857,-15.422040,-31.706693,-88.805122,9.843168,36.912838
416,89.700000,22.307483,24.483789,87.155366,-85.979404,-20.117087,-26.644630,-87.660951,17.913985,28.788642
417,89.700000,23.669413,22.580320,86.370374,-86.951562,-24.754768,-21.487662,-86.059299,25.836214,20.391610
418,89.700000,25.025502,20.665932,85.482247,-87.778707,-29.321856,-16.254157,-84.008525,33.544141,11.801323
419,89.700000,26.375417,18.741549,84.492045,-88.459461,-33.805330,-10.962757,-81.519332,40.973833,3.099193
420,89.700000,27.718824,16.808104,83.400951,-88.992689,-38.192402,-5.632310,-78.604709,48.063664,-5.632310
421,89.700000,29.055392,14.866530,82.210267,-89.377500,-42.470564,-0.281800,-75.279869,54.754825,-14.310433
422,89.700000,30.384791,12.917767,80.921416,-89.613254,-46.627616,5.069713,-71.562161,60.991818,-22.852934
423,89.700000,31.706693,10.962757,79.535937,-89.699557,-50.651702,10.403168,-67.470989,66.722908,-31.178853
424,89.700000,33.020772,9.002446,78.055483,-89.636266,-54.531348,15.699568,-63.027702,71.900559,-39.209284
425,89.700000,34.326704,7.037781,76.481823,-89.423485,-58.255490,20.940049,-58.255490,76.481823,-46.868121
426,89.700000,35.624166,5.069713,74.816835,-89.061570,-61.813509,26.105944,-53.179257,80.428701,-54.082780
427,89.700000,36.912838,3.099193,73.062509,-88.551124,-65.195258,31.178853,-47.825494,83.708456,-60.784885
428,89.700000,38.192402,1.127174,71.220939,-87.892998,-68.391093,36.140707,-42.222143,86.293882,-66.910921
429,89.700000,39.462544,-0.845390,69.294323,-87.088291,-71.391902,40.973833,-36.398444,88.163536,-72.402828
430,89.700000,40.722948,-2.817545,67.284963,-86.138344,-74.189128,45.661015,-30.384791,89.301908,-77.208560
431,89.700000,41.973304,-4.788338,65.195258,-85.044741,-76.774792,50.185559,-24.212568,89.699557,-81.282571
432,89.700000,43.213305,-6.756814,63.027702,-83.809306,-79.141523,54.531348,-17.913985,89.353185,-84.586251
433,89.700000,44.442643,-8.722024,60.784885,-82.434100,-81.282571,58.682903,-11.521914,88.265663,-87.088291
434,89.700000,45.661015,-10.683015,58.469485,-80.921416,-83.191830,62.625438,-5.069713,86.446014,-88.764978
435,89.700000,46.868121,-12.638841,56.084266,-79.273777,-84.863857,66.344909,1.408946,83.909330,-89.600422
436,89.700000,48.063664,-14.588554,53.632077,-77.493931,-86.293882,69.828068,7.880252,80.676651,-89.586705
437,89.700000,49.247347,-16.531212,51.115845,-75.584845,-87.477829,73.062509,14.310433,76.774792,-88.723958
438,89.700000,50.418879,-18.465876,48.538576,-73.549704,-88.412320,76.036711,20.665932,72.236117,-87.020356
439,89.700000,51.577971,-20.391610,45.903347,-71.391902,-89.094692,78.740080,26.913580,67.098273,-84.492045
440,89.700000,52.724337,-22.307483,43.213305,-69.115038,-89.522998,81.162987,33.020772,61.403875,-81.162987
441,89.700000,53.857694,-24.212568,40.471661,-66.722908,-89.696016,83.296802,38.955638,55.200157,-77.064731
442,89.700000,54.977763,-26.105944,37.681690,-64.219503,-89.613254,85.133924,44.687204,48.538576,-72.236117
443,89.700000,56.084266,-27.986696,34.846723,-61.608996,-89.274948,86.667811,50.185559,41.474387,-66.722908
444,89.700000,57.176932,-29.853913,31.970146,-58.895742,-88.682062,87.892998,55.422007,34.066185,-60.577353
445,89.700000,58.255490,-31.706693,29.055392,-56.084266,-87.836286,88.805122,60.369222,26.375417,-53.857694
446,89.700000,59.319674,-33.544141,26.105944,-53.179257,-86.740033,89.400934,65.001386,18.465876,-46.627616
447,89.700000,60.369222,-35.365366,23.125323,-50.185559,-85.396430,89.678311,69.294323,10.403168,-38.955638
448,89.700000,61.403875,-37.169490,20.117087,-47.108164,-83.809306,89.636266,73.225631,2.254170,-30.914470
449,89.700000,62.423378,-38.955638,17.084830,-43.952206,-81.983189,89.274948,76.774792,-5.913526,-22.580320
450,89.700000,63.427478,-40.722948,14.032172,-40.722948,-79.923285,88.595644,79.923285,-14.032172,-14.032172
451,89.700000,64.415929,-42.470564,10.962757,-37.425774,-77.635469,87.600774,82.654679,-22.034426,-5.351037
452,89.700000,65.388486,-44.197643,7.880252,-34.066185,-75.126265,86.293882,84.954718,-29.853913,3.380809
453,89.700000,66.344909,-45.903347,4.788338,-30.649782,-72.402828,84.679622,86.811400,-37.425774,12.080616
454,89.700000,67.284963,-47.586853,1.690705,-27.182264,-69.472924,82.763745,88.215035,-44.687204,20.665932
455,89.700000,68.208415,-49.247347,-1.408946,-23.669413,-66.344909,80.553074,89.158298,-51.577971,29.055392
456,89.700000,69.115038,-50.884025,-4.506915,-20.117087,-63.027702,78.055483,89.636266,-58.040920,37.169490
457,89.700000,70.004608,-52.496096,-7.599503,-16.531212,-59.530763,75.279869,89.646444,-64.022442,44.931324
458,89.700000,70.876905,-54.082780,-10.683015,-12.917767,-55.864064,72.236117,89.188781,-69.472924,52.267336
459,89.700000,71.731714,-55.643310,-13.753771,-9.282779,-52.038061,68.935070,88.265663,-74.347157,59.108000
460,89.700000,72.568824,-57.176932,-16.808104,-5.632310,-48.063664,65.388486,86.881910,-78.604709,65.388486
461,89.700000,73.388030,-58.682903,-19.842366,-1.972447,-43.952206,61.608996,85.044741,-82.210267,71.049272
462,89.700000,74.189128,-60.160496,-22.852934,1.690705,-39.715413,57.610063,82.763745,-85.133924,76.036711
463,89.700000,74.971920,-61.608996,-25.836214,5.351037,-35.365366,53.405930,80.050826,-87.351430,80.303535
464,89.700000,75.736215,-63.027702,-28.788642,9.002446,-30.914470,49.011573,76.920141,-88.844390,83.809306
465,89.700000,76.481823,-64.415929,-31.706693,12.638841,-26.375417,44.442643,73.388030,-89.600422,86.520800
466,89.700000,77.208560,-65.773005,-34.586884,16.254157,-21.761151,39.715413,69.472924,-89.613254,88.412320
467,89.700000,77.916247,-67.098273,-37.425774,19.842366,-17.084830,34.846723,65.195258,-88.882781,89.465939
468,89.700000,78.604709,-68.391093,-40.219974,23.397483,-12.359789,29.853913,60.577353,-87.415060,89.671672
469,89.700000,79.273777,-69.650840,-42.966148,26.913580,-7.599503,24.754768,55.643310,-85.222267,89.027569
470,89.700000,79.923285,-70.876905,-45.661015,30.384791,-2.817545,19.567449,50.418879,-82.322590,87.539734
471,89.700000,80.553074,-72.068694,-48.301358,33.805330,1.972447,14.310433,44.931324,-78.740080,85.222267
472,89.700000,81.162987,-73.225631,-50.884025,37.169490,6.756814,9.002446,39.209284,-74.504452,82.097133
473,89.700000,81.752874,-74.347157,-53.405930,40.471661,11.521914,3.662393,33.282621,-69.650840,78.193948
474,89.700000,82.322590,-75.432729,-55.864064,43.706336,16.254157,-1.690705,27.182264,-64.219503,73.549704
475,89.700000,82.871994,-76.481823,-58.255490,46.868121,20.940049,-7.037781,20.940049,-58.255490,68.208415
476,89.700000,83.400951,-77.493931,-60.577353,49.951743,25.566228,-12.359789,14.588554,-51.808271,62.220702
477,89.700000,83.909330,-78.468563,-62.826880,52.952058,30.119501,-17.637773,8.160924,-44.931324,55.643310
478,89.700000,84.397005,-79.405249,-65.001386,55.864064,34.586884,-22.852934,1.690705,-37.681690,48.538576
479,89.700000,84.863857,-80.303535,-67.098273,58.682903,38.955638,-27.986696,-4.788338,-30.119501,40.973833
480,89.700000,85.309770,-81.162987,-69.115038,61.403875,43.213305,-33.020772,-11.242391,-22.307483,33.020772
481,89.700000,85.734633,-81.983189,-71.049272,64.022442,47.347742,-37.937233,-17.637773,-14.310433,24.754768
482,89.700000,86.138344,-82.763745,-72.898667,66.534237,51.347162,-42.718567,-23.941108,-6.194684,16.254157
483,89.700000,86.520800,-83.504277,-74.661012,68.935070,55.200157,-47.347742,-30.119501,1.972447,7.599503
484,89.700000,86.881910,-84.204427,-76.334205,71.220939,58.895742,-51.808271,-36.140707,10.123218,-1.127174
485,89.700000,87.221582,-84.863857,-77.916247,73.388030,62.423378,-56.084266,-41.973304,18.190020,-9.843168
486,89.700000,87.539734,-85.482247,-79.405249,75.432729,65.773005,-60.160496,-47.586853,26.105944,-18.465876
487,89.700000,87.836286,-86.059299,-80.799432,77.351627,68.935070,-64.022442,-52.952058,33.805330,-26.913580
488,89.700000,88.111166,-86.594733,-82.097133,79.141523,71.900559,-67.656349,-58.040920,41.224313,-35.106218
489,89.700000,88.364307,-87.088291,-83.296802,80.799432,74.661012,-71.049272,-62.826880,48.301358,-42.966148
490,89.700000,88.595644,-87.539734,-84.397005,82.322590,77.208560,-74.189128,-67.284963,54.977763,-50.418879
491,89.700000,88.805122,-87.948843,-85.396430,83.708456,79.535937,-77.064731,-71.391902,61.198149,-57.393781
492,89.700000,88.992689,-88.315421,-86.293882,84.954718,81.636506,-79.665839,-75.126265,66.910921,-63.824750
493,89.700000,89.158298,-88.639290,-87.088291,86.059299,83.504277,-81.983189,-78.468563,72.068694,-69.650840
494,89.700000,89.301908,-88.920295,-87.778707,87.020356,85.133924,-84.008525,-81.401353,76.628686,-74.816835
495,89.700000,89.423485,-89.158298,-88.364307,87.836286,86.520800,-85.734633,-83.909330,80.553074,-79.273777
496,89.700000,89.522998,-89.353185,-88.844390,88.505729,87.660951,-87.155366,-85.979404,83.809306,-82.979425
497,89.700000,89.600422,-89.504861,-89.218384,89.027569,88.551124,-88.265663,-87.600774,86.370374,-85.898662
498,89.700000,89.655738,-89.613254,-89.485842,89.400934,89.188781,-89.061570,-88.764978,88.215035,-88.003819
499,89.700000,89.688934,-89.678311,-89.646444,89.625202,89.572104,-89.540250,-89.465939,89.327987,-89.274948
500,89.700000,89.700000,-89.700000,-89.700000,89.700000,89.700000,-89.700000,-89.700000,89.700000,-89.700000
501,89.700000,89.688934,-89.678311,-89.646444,89.625202,89.572104,-89.540250,-89.465939,89.327987,-89.274948
502,89.700000,89.655738,-89.613254,-89.485842,89.400934,89.188781,-89.061570,-88.764978,88.215035,-88.003819
503,89.700000,89.600422,-89.504861,-89.218384,89.027569,88.551124,-88.265663,-87.600774,86.370374,-85.898662
504,89.700000,89.522998,-89.353185,-88.844390,88.505729,87.660951,-87.155366,-85.979404,83.809306,-82.979425
505,89.700000,89.423485,-89.158298,-88.364307,87.836286,86.520800,-85.734633,-83.909330,80.553074,-79.273777
506,89.700000,89.301908,-88.920295,-87.778707,87.020356,85.133924,-84.008525,-81.401353,76.628686,-74.816835
507,89.700000,89.158298,-88.639290,-87.088291,86.059299,83.504277,-81.983189,-78.468563,72.068694,-69.650840
508,89.700000,88.992689,-88.315421,-86.293882,84.954718,81.636506,-79.665839,-75.126265,66.910921,-63.824750
509,89.700000,88.805122,-87.948843,-85.396430,83.708456,79.535937,-77.064731,-71.391902,61.198149,-57.393781
510,89.700000,88.595644,-87.539734,-84.397005,82.322590,77.208560,-74.189128,-67.284963,54.977763,-50.418879
511,89.700000,88.364307,-87.088291,-83.296802,80.799432,74.661012,-71.049272,-62.826880,48.301358,-42.966148
512,89.700000,88.111166,-86.594733,-82.097133,79.141523,71.900559,-67.656349,-58.040920,41.224313,-35.106218
513,89.700000,87.836286,-86.059299,-80.799432,77.351627,68.935070,-64.022442,-52.952058,33.805330,-26.913580
514,89.700000,87.539734,-85.482247,-79.405249,75.432729,65.773005,-60.160496,-47.586853,26.105944,-18.465876
515,89.700000,87.221582,-84.863857,-77.916247,73.388030,62.423378,-56.084266,-41.973304,18.190020,-9.843168
516,89.700000,86.881910,-84.204427,-76.334205,71.220939,58.895742,-51.808271,-36.140707,10.123218,-1.127174
517,89.700000,86.520800,-83.504277,-74.661012,68.935070,55.200157,-47.347742,-30.119501,1.972447,7.599503
518,89.700000,86.138344,-82.763745,-72.898667,66.534237,51.347162,-42.718567,-23.941108,-6.194684,16.254157
519,89.700000,85.734633,-81.983189,-71.049272,64.022442,47.347742,-37.937233,-17.637773,-14.310433,24.754768
520,89.700000,85.309770,-81.162987,-69.115038,61.403875,43.213305,-33.020772,-11.242391,-22.307483,33.020772
521,89.700000,84.863857,-80.303535,-67.098273,58.682903,38.955638,-27.986696,-4.788338,-30.119501,40.973833
522,89.700000,84.397005,-79.405249,-65.001386,55.864064,34.586884,-22.852934,1.690705,-37.681690,48.538576
523,89.700000,83.909330,-78.468563,-62.826880,52.952058,30.119501,-17.637773,8.160924,-44.931324,55.643310
524,89.700000,83.400951,-77.493931,-60.577353,49.951743,25.566228,-12.359789,14.588554,-51.808271,62.220702
525,89.700000,82.871994,-76.481823,-58.255490,46.868121,20.940049,-7.037781,20.940049,-58.255490,68.208415
526,89.700000,82.322590,-75.432729,-55.864064,43.706336,16.254157,-1.690705,27.182264,-64.219503,73.549704
527,89.700000,81.752874,-74.347157,-53.405930,40.471661,11.521914,3.662393,33.282621,-69.650840,78.193948
528,89.700000,81.162987,-73.225631,-50.884025,37.169490,6.756814,9.002446,39.209284,-74.504452,82.097133
529,89.700000,80.553074,-72.068694,-48.301358,33.805330,1.972447,14.310433,44.931324,-78.740080,85.222267
530,89.700000,79.923285,-70.876905,-45.661015,30.384791,-2.817545,19.567449,50.418879,-82.322590,87.539734
531,89.700000,79.273777,-69.650840,-42.966148,26.913580,-7.599503,24.754768,55.643310,-85.222267,89.027569
532,89.700000,78.604709,-68.391093,-40.219974,23.397483,-12.359789,29.853913,60.577353,-87.415060,89.671672
533,89.700000,77.916247,-67.098273,-37.425774,19.842366,-17.084830,34.846723,65.195258,-88.882781,89.465939
534,89.700000,77.208560,-65.773005,-34.586884,16.254157,-21.761151,39.715413,69.472924,-89.613254,88.412320
535,89.700000,76.481823,-64.415929,-31.706693,12.638841,-26.375417,44.442643,73.388030,-89.600422,86.520800
536,89.700000,75.736215,-63.027702,-28.788642,9.002446,-30.914470,49.011573,76.920141,-88.844390,83.809306
537,89.700000,74.971920,-61.608996,-25.836214,5.351037,-35.365366,53.405930,80.050826,-87.351430,80.303535
538,89.700000,74.189128,-60.160496,-22.852934,1.690705,-39.715413,57.610063,82.763745,-85.133924,76.036711
539,89.700000,73.388030,-58.682903,-19.842366,-1.972447,-43.952206,61.608996,85.044741,-82.210267,71.049272
540,89.700000,72.568824,-57.176932,-16.808104,-5.632310,-48.063664,65.388486,86.881910,-78.604709,65.388486
541,89.700000,71.731714,-55.643310,-13.753771,-9.282779,-52.038061,68.935070,88.265663,-74.347157,59.108000
542,89.700000,70.876905,-54.082780,-10.683015,-12.917767,-55.864064,72.236117,89.188781,-69.472924,52.267336
543,89.700000,70.004608,-52.496096,-7.599503,-16.531212,-59.530763,75.279869,89.646444,-64.022442,44.931324
544,89.700000,69.115038,-50.884025,-4.506915,-20.117087,-63.027702,78.055483,89.636266,-58.040920,37.169490
545,89.700000,68.208415,-49.247347,-1.408946,-23.669413,-66.344909,80.553074,89.158298,-51.577971,29.055392
546,89.700000,67.284963,-47.586853,1.690705,-27.182264,-69.472924,82.763745,88.215035,-44.687204,20.665932
547,89.700000,66.344909,-45.903347,4.788338,-30.649782,-72.402828,84.679622,86.811400,-37.425774,12.080616
548,89.700000,65.388486,-44.197643,7.880252,-34.066185,-75.126265,86.293882,84.954718,-29.853913,3.380809
549,89.700000,64.415929,-42.470564,10.962757,-37.425774,-77.635469,87.600774,82.654679,-22.034426,-5.351037
550,89.700000,63.427478,-40.722948,14.032172,-40.722948,-79.923285,88.595644,79.923285,-14.032172,-14.032172
551,89.700000,62.423378,-38.955638,17.084830,-43.952206,-81.983189,89.274948,76.774792,-5.913526,-22.580320
552,89.700000,61.403875,-37.169490,20.117087,-47.108164,-83.809306,89.636266,73.225631,2.254170,-30.914470
553,89.700000,60.369222,-35.365366,23.125323,-50.185559,-85.396430,89.678311,69.294323,10.403168,-38.955638
554,89.700000,59.319674,-33.544141,26.105944,-53.179257,-86.740033,89.400934,65.001386,18.465876,-46.627616
555,89.700000,58.255490,-31.706693,29.055392,-56.084266,-87.836286,88.805122,60.369222,26.375417,-53.857694
556,89.700000,57.176932,-29.853913,31.970146,-58.895742,-88.682062,87.892998,55.422007,34.066185,-60.577353
557,89.700000,56.084266,-27.986696,34.846723,-61.608996,-89.274948,86.667811,50.185559,41.474387,-66.722908
558,89.700000,54.977763,-26.105944,37.681690,-64.219503,-89.613254,85.133924,44.687204,48.538576,-72.236117
559,89.700000,53.857694,-24.212568,40.471661,-66.722908,-89.696016,83.296802,38.955638,55.200157,-77.064731
560,89.700000,52.724337,-22.307483,43.213305,-69.115038,-89.522998,81.162987,33.020772,61.403875,-81.162987
561,89.700000,51.577971,-20.391610,45.903347,-71.391902,-89.094692,78.740080,26.913580,67.098273,-84.492045
562,89.700000,50.418879,-18.465876,48.538576,-73.549704,-88.412320,76.036711,20.665932,72.236117,-87.020356
563,89.700000,49.247347,-16.531212,51.115845,-75.584845,-87.477829,73.062509,14.310433,76.774792,-88.723958
564,89.700000,48.063664,-14.588554,53.632077,-77.493931,-86.293882,69.828068,7.880252,80.676651,-89.586705
565,89.700000,46.868121,-12.638841,56.084266,-79.273777,-84.863857,66.344909,1.408946,83.909330,-89.600422
566,89.700000,45.661015,-10.683015,58.469485,-80.921416,-83.191830,62.625438,-5.069713,86.446014,-88.764978
567,89.700000,44.442643,-8.722024,60.784885,-82.434100,-81.282571,58.682903,-11.521914,88.265663,-87.088291
568,89.700000,43.213305,-6.756814,63.027702,-83.809306,-79.141523,54.531348,-17.913985,89.353185,-84.586251
569,89.700000,41.973304,-4.788338,65.195258,-85.044741,-76.774792,50.185559,-24.212568,89.699557,-81.282571
570,89.700000,40.722948,-2.817545,67.284963,-86.138344,-74.189128,45.661015,-30.384791,89.301908,-77.208560
571,89.700000,39.462544,-0.845390,69.294323,-87.088291,-71.391902,40.973833,-36.398444,88.163536,-72.402828
572,89.700000,38.192402,1.127174,71.220939,-87.892998,-68.391093,36.140707,-42.222143,86.293882,-66.910921
573,89.700000,36.912838,3.099193,73.062509,-88.551124,-65.195258,31.178853,-47.825494,83.708456,-60.784885
574,89.700000,35.624166,5.069713,74.816835,-89.061570,-61.813509,26.105944,-53.179257,80.428701,-54.082780
575,89.700000,34.326704,7.037781,76.481823,-89.423485,-58.255490,20.940049,-58.255490,76.481823,-46.868121
576,89.700000,33.020772,9.002446,78.055483,-89.636266,-54.531348,15.699568,-63.027702,71.900559,-39.209284
577,89.700000,31.706693,10.962757,79.535937,-89.699557,-50.651702,10.403168,-67.470989,66.722908,-31.178853
578,89.700000,30.384791,12.917767,80.921416,-89.613254,-46.627616,5.069713,-71.562161,60.991818,-22.852934
579,89.700000,29.055392,14.866530,82.210267,-89.377500,-42.470564,-0.281800,-75.279869,54.754825,-14.310433
580,89.700000,27.718824,16.808104,83.400951,-88.992689,-38.192402,-5.632310,-78.604709,48.063664,-5.632310
581,89.700000,26.375417,18.741549,84.492045,-88.459461,-33.805330,-10.962757,-81.519332,40.973833,3.099193
582,89.700000,25.025502,20.665932,85.482247,-87.778707,-29.321856,-16.254157,-84.008525,33.544141,11.801323
583,89.700000,23.669413,22.580320,86.370374,-86.951562,-24.754768,-21.487662,-86.059299,25.836214,20.391610
584,89.700000,22.307483,24.483789,87.155366,-85.979404,-20.117087,-26.644630,-87.660951,17.913985,28.788642
585,89.700000,20.940049,26.375417,87.836286,-84.863857,-15.422040,-31.706693,-88.805122,9.843168,36.912838
586,89.700000,19.567449,28.254291,88.412320,-83.606779,-10.683015,-36.655822,-89.485842,1.690705,44.687204
587,89.700000,18.190020,30.119501,88.882781,-82.210267,-5.913526,-41.474387,-89.699557,-6.475781,52.038061
588,89.700000,16.808104,31.970146,89.247106,-80.676651,-1.127174,-46.145226,-89.445153,-14.588554,58.895742
589,89.700000,15.422040,33.805330,89.504861,-79.008488,3.662393,-50.651702,-88.723958,-22.580320,65.195258
590,89.700000,14.032172,35.624166,89.655738,-77.208560,8.441516,-54.977763,-87.539734,-30.384791,70.876905
591,89.700000,12.638841,37.425774,89.699557,-75.279869,13.196566,-59.108000,-85.898662,-37.937233,75.886837
592,89.700000,11.242391,39.209284,89.636266,-73.225631,17.913985,-63.027702,-83.809306,-45.175001,80.177576
593,89.700000,9.843168,40.973833,89.465939,-71.049272,22.580320,-66.722908,-81.282571,-52.038061,83.708456
594,89.700000,8.441516,42.718567,89.188781,-68.754423,27.182264,-70.180456,-78.331642,-58.469485,86.446014
595,89.700000,7.037781,44.442643,88.805122,-66.344909,31.706693,-73.388030,-74.971920,-64.415929,88.364307
596,89.700000,5.632310,46.145226,88.315421,-63.824750,36.140707,-76.334205,-71.220939,-69.828068,89.445153
597,89.700000,4.225449,47.825494,87.720262,-61.198149,40.471661,-79.008488,-67.098273,-74.661012,89.678311
598,89.700000,2.817545,49.482635,87.020356,-58.469485,44.687204,-81.401353,-62.625438,-78.874673,89.061570
599,89.700000,1.408946,51.115845,86.216538,-55.643310,48.775315,-83.504277,-57.825777,-82.434100,87.600774
600,89.700000,0.000000,52.724337,85.309770,-52.724337,52.724337,-85.309770,-52.724337,-85.309770,85.309770
601,89.700000,-1.408946,54.307332,84.301132,-49.717434,56.523008,-86.811400,-47.347742,-87.477829,82.210267
602,89.700000,-2.817545,55.864064,83.191830,-46.627616,60.160496,-88.003819,-41.724052,-88.920295,78.331642
603,89.700000,-4.225449,57.393781,81.983189,-43.460035,63.626428,-88.882781,-35.882614,-89.625202,73.710653
604,89.700000,-5.632310,58.895742,80.676651,-40.219974,66.910921,-89.445153,-29.853913,-89.586705,68.391093
605,89.700000,-7.037781,60.369222,79.273777,-36.912838,70.004608,-89.688934,-23.669413,-88.805122,62.423378
606,89.700000,-8.441516,61.813509,77.776242,-33.544141,72.898667,-89.613254,-17.361387,-87.286936,55.864064
607,89.700000,-9.843168,63.227902,76.185834,-30.119501,75.584845,-89.218384,-10.962757,-85.044741,48.775315
608,89.700000,-11.242391,64.611720,74.504452,-26.644630,78.055483,-88.505729,-4.506915,-82.097133,41.224313
609,89.700000,-12.638841,65.964291,72.734104,-23.125323,80.303535,-87.477829,1.972447,-78.468563,33.282621
610,89.700000,-14.032172,67.284963,70.876905,-19.567449,82.322590,-86.138344,8.441516,-74.189128,25.025502
611,89.700000,-15.422040,68.573096,68.935070,-15.976942,84.106891,-84.492045,14.866530,-69.294323,16.531212
612,89.700000,-16.808104,69.828068,66.910921,-12.359789,85.651350,-82.544797,21.213960,-63.824750,7.880252
613,89.700000,-18.190020,71.049272,64.806872,-8.722024,86.951562,-80.303535,27.450680,-57.825777,-0.845390
614,89.700000,-19.567449,72.236117,62.625438,-5.069713,88.003819,-77.776242,33.544141,-51.347162,-9.563021
615,89.700000,-20.940049,73.388030,60.369222,-1.408946,88.805122,-74.971920,39.462544,-44.442643,-18.190020
616,89.700000,-22.307483,74.504452,58.040920,2.254170,89.353185,-71.900559,45.175001,-37.169490,-26.644630
617,89.700000,-23.669413,75.584845,55.643310,5.913526,89.646444,-68.573096,50.651702,-29.588031,-34.846723
618,89.700000,-25.025502,76.628686,53.179257,9.563021,89.684065,-65.001386,55.864064,-21.761151,-42.718567
619,89.700000,-26.375417,77.635469,50.651702,13.196566,89.465939,-61.198149,60.784885,-13.753771,-50.185559
620,89.700000,-27.718824,78.604709,48.063664,16.808104,88.992689,-57.176932,65.388486,-5.632310,-57.176932
621,89.700000,-29.055392,79.535937,45.418232,20.391610,88.265663,-52.952058,69.650840,2.535870,-63.626428
622,89.700000,-30.384791,80.428701,42.718567,23.941108,87.286936,-48.538576,73.549704,10.683015,-69.472924
623,89.700000,-31.706693,81.282571,39.967891,27.450680,86.059299,-43.952206,77.064731,18.741549,-74.661012
624,89.700000,-33.020772,82.097133,37.169490,30.914470,84.586251,-39.209284,80.177576,26.644630,-79.141523
625,89.700000,-34.326704,82.871994,34.326704,34.326704,82.871994,-34.326704,82.871994,34.326704,-82.871994
626,89.700000,-35.624166,83.606779,31.442929,37.681690,80.921416,-29.321856,85.133924,41.724052,-85.817071
627,89.700000,-36.912838,84.301132,28.521607,40.973833,78.740080,-24.212568,86.951562,48.775315,-87.948843
628,89.700000,-38.192402,84.954718,25.566228,44.197643,76.334205,-19.017038,88.315421,55.422007,-89.247106
629,89.700000,-39.462544,85.567221,22.580320,47.347742,73.710653,-13.753771,89.218384,61.608996,-89.699557
630,89.700000,-40.722948,86.138344,19.567449,50.418879,70.876905,-8.441516,89.655738,67.284963,-89.301908
631,89.700000,-41.973304,86.667811,16.531212,53.405930,67.841041,-3.099193,89.625202,72.402828,-88.057927
632,89.700000,-43.213305,87.155366,13.475235,56.303915,64.611720,2.254170,89.126935,76.920141,-85.979404
633,89.700000,-44.442643,87.600774,10.403168,59.108000,61.198149,7.599503,88.163536,80.799432,-83.086038
634,89.700000,-45.661015,88.003819,7.318678,61.813509,57.610063,12.917767,86.740033,84.008525,-79.405249
635,89.700000,-46.868121,88.364307,4.225449,64.415929,53.857694,18.190020,84.863857,86.520800,-74.971920
636,89.700000,-48.063664,88.682062,1.127174,66.910921,49.951743,23.397483,82.544797,88.315421,-69.828068
637,89.700000,-49.247347,88.956931,-1.972447,69.294323,45.903347,28.521607,79.794956,89.377500,-64.022442
638,89.700000,-50.418879,89.188781,-5.069713,71.562161,41.724052,33.544141,76.628686,89.698229,-57.610063
639,89.700000,-51.577971,89.377500,-8.160924,73.710653,37.425774,38.447195,73.062509,89.274948,-50.651702
640,89.700000,-52.724337,89.522998,-11.242391,75.736215,33.020772,43.213305,69.115038,88.111166,-43.213305
641,89.700000,-53.857694,89.625202,-14.310433,77.635469,28.521607,47.825494,64.806872,86.216538,-35.365366
642,89.700000,-54.977763,89.684065,-17.361387,79.405249,23.941108,52.267336,60.160496,83.606779,-27.182264
643,89.700000,-56.084266,89.699557,-20.391610,81.042601,19.292338,56.523008,55.200157,80.303535,-18.741549
644,89.700000,-57.176932,89.671672,-23.397483,82.544797,14.588554,60.577353,49.951743,76.334205,-10.123218
645,89.700000,-58.255490,89.600422,-26.375417,83.909330,9.843168,64.415929,44.442643,71.731714,-1.408946
646,89.700000,-59.319674,89.485842,-29.321856,85.133924,5.069713,68.025064,38.701607,66.534237,7.318678
647,89.700000,-60.369222,89.327987,-32.233282,86.216538,0.281800,71.391902,32.758598,60.784885,15.976942
648,89.700000,-61.403875,89.126935,-35.106218,87.155366,-4.506915,74.504452,26.644630,54.531348,24.483789
649,89.700000,-62.423378,88.882781,-37.937233,87.948843,-9.282779,77.351627,20.391610,47.825494,32.758598
650,89.700000,-63.427478,88.595644,-40.722948,88.595644,-14.032172,79.923285,14.032172,40.722948,40.722948
651,89.700000,-64.415929,88.265663,-43.460035,89.094692,-18.741549,82.210267,7.599503,33.282621,48.301358
652,89.700000,-65.388486,87.892998,-46.145226,89.445153,-23.397483,84.204427,1.127174,25.566228,55.422007
653,89.700000,-66.344909,87.477829,-48.775315,89.646444,-27.986696,85.898662,-5.351037,17.637773,62.017411
654,89.700000,-67.284963,87.020356,-51.347162,89.698229,-32.496100,87.286936,-11.801323,9.563021,68.025064
655,89.700000,-68.208415,86.520800,-53.857694,89.600422,-36.912838,88.364307,-18.190020,1.408946,73.388030
656,89.700000,-69.115038,85.979404,-56.303915,89.353185,-41.224313,89.126935,-24.483789,-6.756814,78.055483
657,89.700000,-70.004608,85.396430,-58.682903,88.956931,-45.418232,89.572104,-30.649782,-14.866530,81.983189
658,89.700000,-70.876905,84.772158,-60.991818,88.412320,-49.482635,89.698229,-36.655822,-22.852934,85.133924
659,89.700000,-71.731714,84.106891,-63.227902,87.720262,-53.405930,89.504861,-42.470564,-30.649782,87.477829
660,89.700000,-72.568824,83.400951,-65.388486,86.881910,-57.176932,88.992689,-48.063664,-38.192402,88.992689
661,89.700000,-73.388030,82.654679,-67.470989,85.898662,-60.784885,88.163536,-53.405930,-45.418232,89.664148
662,89.700000,-74.189128,81.868435,-69.472924,84.772158,-64.219503,87.020356,-58.469485,-52.267336,89.485842
663,89.700000,-74.971920,81.042601,-71.391902,83.504277,-67.470989,85.567221,-63.227902,-58.682903,88.459461
664,89.700000,-75.736215,80.177576,-73.225631,82.097133,-70.530072,83.809306,-67.656349,-64.611720,86.594733
665,89.700000,-76.481823,79.273777,-74.971920,80.553074,-73.388030,81.752874,-71.731714,-70.004608,83.909330
666,89.700000,-77.208560,78.331642,-76.628686,78.874673,-76.036711,79.405249,-75.432729,-74.816835,80.428701
667,89.700000,-77.916247,77.351627,-78.193948,77.064731,-78.468563,76.774792,-78.740080,-79.008488,76.185834
668,89.700000,-78.604709,76.334205,-79.665839,75.126265,-80.676651,73.870874,-81.636506,-82.544797,71.220939
669,89.700000,-79.273777,75.279869,-81.042601,73.062509,-82.654679,70.703837,-84.106891,-85.396430,65.581069
670,89.700000,-79.923285,74.189128,-82.322590,70.876905,-84.397005,67.284963,-86.138344,-87.539734,59.319674
671,89.700000,-80.553074,73.062509,-83.504277,68.573096,-85.898662,63.626428,-87.720262,-88.956931,52.496096
672,89.700000,-81.162987,71.900559,-84.586251,66.154927,-87.155366,59.741265,-88.844390,-89.636266,45.175001
673,89.700000,-81.752874,70.703837,-85.567221,63.626428,-88.163536,55.643310,-89.504861,-89.572104,37.425774
674,89.700000,-82.322590,69.472924,-86.446014,60.991818,-88.920295,51.347162,-89.698229,-88.764978,29.321856
675,89.700000,-82.871994,68.208415,-87.221582,58.255490,-89.423485,46.868121,-89.423485,-87.221582,20.940049
676,89.700000,-83.400951,66.910921,-87.892998,55.422007,-89.671672,42.222143,-88.682062,-84.954718,12.359789
677,89.700000,-83.909330,65.581069,-88.459461,52.496096,-89.664148,37.425774,-87.477829,-81.983189,3.662393
678,89.700000,-84.397005,64.219503,-88.920295,49.482635,-89.400934,32.496100,-85.817071,-78.331642,-5.069713
679,89.700000,-84.863857,62.826880,-89.274948,46.386650,-88.882781,27.450680,-83.708456,-74.030366,-13.753771
680,89.700000,-85.309770,61.403875,-89.522998,43.213305,-88.111166,22.307483,-81.162987,-69.115038,-22.307483
681,89.700000,-85.734633,59.951176,-89.664148,39.967891,-87.088291,17.084830,-78.193948,-63.626428,-30.649782
682,89.700000,-86.138344,58.469485,-89.698229,36.655822,-85.817071,11.801323,-74.816835,-57.610063,-38.701607
683,89.700000,-86.520800,56.959519,-89.625202,33.282621,-84.301132,6.475781,-71.049272,-51.115845,-46.386650
684,89.700000,-86.881910,55.422007,-89.445153,29.853913,-82.544797,1.127174,-66.910921,-44.197643,-53.632077
685,89.700000,-87.221582,53.857694,-89.158298,26.375417,-80.553074,-4.225449,-62.423378,-36.912838,-60.369222
686,89.700000,-87.539734,52.267336,-88.764978,22.852934,-78.331642,-9.563021,-57.610063,-29.321856,-66.534237
687,89.700000,-87.836286,50.651702,-88.265663,19.292338,-75.886837,-14.866530,-52.496096,-21.487662,-72.068694
688,89.700000,-88.111166,49.011573,-87.660951,15.699568,-73.225631,-20.117087,-47.108164,-13.475235,-76.920141
689,89.700000,-88.364307,47.347742,-86.951562,12.080616,-70.355611,-25.295990,-41.474387,-5.351037,-81.042601
690,89.700000,-88.595644,45.661015,-86.138344,8.441516,-67.284963,-30.384791,-35.624166,2.817545,-84.397005
691,89.700000,-88.805122,43.952206,-85.222267,4.788338,-64.022442,-35.365366,-29.588031,10.962757,-86.951562
692,89.700000,-88.992689,42.222143,-84.204427,1.127174,-60.577353,-40.219974,-23.397483,19.017038,-88.682062
693,89.700000,-89.158298,40.471661,-83.086038,-2.535870,-56.959519,-44.931324,-17.084830,26.913580,-89.572104
694,89.700000,-89.301908,38.701607,-81.868435,-6.194684,-53.179257,-49.482635,-10.683015,34.586884,-89.613254
695,89.700000,-89.423485,36.912838,-80.553074,-9.843168,-49.247347,-53.857694,-4.225449,41.973304,-88.805122
696,89.700000,-89.522998,35.106218,-79.141523,-13.475235,-45.175001,-58.040920,2.254170,49.011573,-87.155366
697,89.700000,-89.600422,33.282621,-77.635469,-17.084830,-40.973833,-62.017411,8.722024,55.643310,-84.679622
698,89.700000,-89.655738,31.442929,-76.036711,-20.665932,-36.655822,-65.773005,15.144360,61.813509,-81.401353
699,89.700000,-89.688934,29.588031,-74.347157,-24.212568,-32.233282,-69.294323,21.487662,67.470989,-77.351627
700,89.700000,-89.700000,27.718824,-72.568824,-27.718824,-27.718824,-72.568824,27.718824,72.568824,-72.568824
701,89.700000,-89.688934,25.836214,-70.703837,-31.178853,-23.125323,-75.584845,33.805330,77.064731,-67.098273
702,89.700000,-89.655738,23.941108,-68.754423,-34.586884,-18.465876,-78.331642,39.715413,80.921416,-60.991818
703,89.700000,-89.600422,22.034426,-66.722908,-37.937233,-13.753771,-80.799432,45.418232,84.106891,-54.307332
704,89.700000,-89.522998,20.117087,-64.611720,-41.224313,-9.002446,-82.979425,50.884025,86.594733,-47.108164
705,89.700000,-89.423485,18.190020,-62.423378,-44.442643,-4.225449,-84.863857,56.084266,88.364307,-39.462544
706,89.700000,-89.301908,16.254157,-60.160496,-47.586853,0.563598,-86.446014,60.991818,89.400934,-31.442929
707,89.700000,-89.158298,14.310433,-57.825777,-50.651702,5.351037,-87.720262,65.581069,89.696016,-23.125323
708,89.700000,-88.992689,12.359789,-55.422007,-53.632077,10.123218,-88.682062,69.828068,89.247106,-14.588554
709,89.700000,-88.805122,10.403168,-52.952058,-56.523008,14.866530,-89.327987,73.710653,88.057927,-5.913526
710,89.700000,-88.595644,8.441516,-50.418879,-59.319674,19.567449,-89.655738,77.208560,86.138344,2.817545
711,89.700000,-88.364307,6.475781,-47.825494,-62.017411,24.212568,-89.664148,80.303535,83.504277,11.521914
712,89.700000,-88.111166,4.506915,-45.175001,-64.611720,28.788642,-89.353185,82.979425,80.177576,20.117087
713,89.700000,-87.836286,2.535870,-42.470564,-67.098273,33.282621,-88.723958,85.222267,76.185834,28.521607
714,89.700000,-87.539734,0.563598,-39.715413,-69.472924,37.681690,-87.778707,87.020356,71.562161,36.655822
715,89.700000,-87.221582,-1.408946,-36.912838,-71.731714,41.973304,-86.520800,88.364307,66.344909,44.442643
716,89.700000,-86.881910,-3.380809,-34.066185,-73.870874,46.145226,-84.954718,89.247106,60.577353,51.808271
717,89.700000,-86.520800,-5.351037,-31.178853,-75.886837,50.185559,-83.086038,89.664148,54.307332,58.682903
718,89.700000,-86.138344,-7.318678,-28.254291,-77.776242,54.082780,-80.921416,89.613254,47.586853,65.001386
719,89.700000,-85.734633,-9.282779,-25.295990,-79.535937,57.825777,-78.468563,89.094692,40.471661,70.703837
720,89.700000,-85.309770,-11.242391,-22.307483,-81.162987,61.403875,-75.736215,88.111166,33.020772,75.736215
721,89.700000,-84.863857,-13.196566,-19.292338,-82.654679,64.806872,-72.734104,86.667811,25.295990,80.050826
722,89.700000,-84.397005,-15.144360,-16.254157,-84.008525,68.025064,-69.472924,84.772158,17.361387,83.606779
723,89.700000,-83.909330,-17.084830,-13.196566,-85.222267,71.049272,-65.964291,82.434100,9.282779,86.370374
724,89.700000,-83.400951,-19.017038,-10.123218,-86.293882,73.870874,-62.220702,79.665839,1.127174,88.315421
725,89.700000,-82.871994,-20.940049,-7.037781,-87.221582,76.481823,-58.255490,76.481823,-7.037781,89.423485
726,89.700000,-82.322590,-22.852934,-3.943940,-88.003819,78.874673,-54.082780,72.898667,-15.144360,89.684065
727,89.700000,-81.752874,-24.754768,-0.845390,-88.639290,81.042601,-49.717434,68.935070,-23.125323,89.094692
728,89.700000,-81.162987,-26.644630,2.254170,-89.126935,82.979425,-45.175001,64.611720,-30.914470,87.660951
729,89.700000,-80.553074,-28.521607,5.351037,-89.465939,84.679622,-40.471661,59.951176,-38.447195,85.396430
730,89.700000,-79.923285,-30.384791,8.441516,-89.655738,86.138344,-35.624166,54.977763,-45.661015,82.322590
731,89.700000,-79.273777,-32.233282,11.521914,-89.696016,87.351430,-30.649782,49.717434,-52.496096,78.468563
732,89.700000,-78.604709,-34.066185,14.588554,-89.586705,88.315421,-25.566228,44.197643,-58.895742,73.870874
733,89.700000,-77.916247,-35.882614,17.637773,-89.327987,89.027569,-20.391610,38.447195,-64.806872,68.573096
734,89.700000,-77.208560,-37.681690,20.665932,-88.920295,89.485842,-15.144360,32.496100,-70.180456,62.625438
735,89.700000,-76.481823,-39.462544,23.669413,-88.364307,89.688934,-9.843168,26.375417,-74.971920,56.084266
736,89.700000,-75.736215,-41.224313,26.644630,-87.660951,89.636266,-4.506915,20.117087,-79.141523,49.011573
737,89.700000,-74.971920,-42.966148,29.588031,-86.811400,89.327987,0.845390,13.753771,-82.654679,41.474387
738,89.700000,-74.189128,-44.687204,32.496100,-85.817071,88.764978,6.194684,7.318678,-85.482247,33.544141
739,89.700000,-73.388030,-46.386650,35.365366,-84.679622,87.948843,11.521914,0.845390,-87.600774,25.295990
740,89.700000,-72.568824,-48.063664,38.192402,-83.400951,86.881910,16.808104,-5.632310,-88.992689,16.808104
741,89.700000,-71.731714,-49.717434,40.973833,-81.983189,85.567221,22.034426,-12.080616,-89.646444,8.160924
742,89.700000,-70.876905,-51.347162,43.706336,-80.428701,84.008525,27.182264,-18.465876,-89.556619,-0.563598
743,89.700000,-70.004608,-52.952058,46.386650,-78.740080,82.210267,32.233282,-24.754768,-88.723958,-9.282779
744,89.700000,-69.115038,-54.531348,49.011573,-76.920141,80.177576,37.169490,-30.914470,-87.155366,-17.913985
745,89.700000,-68.208415,-56.084266,51.577971,-74.971920,77.916247,41.973304,-36.912838,-84.863857,-26.375417
746,89.700000,-67.284963,-57.610063,54.082780,-72.898667,75.432729,46.627616,-42.718567,-81.868435,-34.586884
747,89.700000,-66.344909,-59.108000,56.523008,-70.703837,72.734104,51.115845,-48.301358,-78.193948,-42.470564
748,89.700000,-65.388486,-60.577353,58.895742,-68.391093,69.828068,55.422007,-53.632077,-73.870874,-49.951743
749,89.700000,-64.415929,-62.017411,61.198149,-65.964291,66.722908,59.530763,-58.682903,-68.935070,-56.959519
750,89.700000,-63.427478,-63.427478,63.427478,-63.427478,63.427478,63.427478,-63.427478,-63.427478,-63.427478
751,89.700000,-62.423378,-64.806872,65.581069,-60.784885,59.951176,67.098273,-67.841041,-57.393781,-69.294323
752,89.700000,-61.403875,-66.154927,67.656349,-58.040920,56.303915,70.530072,-71.900559,-50.884025,-74.504452
753,89.700000,-60.369222,-67.470989,69.650840,-55.200157,52.496096,73.710653,-75.584845,-43.952206,-79.008488
754,89.700000,-59.319674,-68.754423,71.562161,-52.267336,48.538576,76.628686,-78.874673,-36.655822,-82.763745
755,89.700000,-58.255490,-70.004608,73.388030,-49.247347,44.442643,79.273777,-81.752874,-29.055392,-85.734633
756,89.700000,-57.176932,-71.220939,75.126265,-46.145226,40.219974,81.636506,-84.204427,-21.213960,-87.892998
757,89.700000,-56.084266,-72.402828,76.774792,-42.966148,35.882614,83.708456,-86.216538,-13.196566,-89.218384
758,89.700000,-54.977763,-73.549704,78.331642,-39.715413,31.442929,85.482247,-87.778707,-5.069713,-89.698229
759,89.700000,-53.857694,-74.661012,79.794956,-36.398444,26.913580,86.951562,-88.882781,3.099193,-89.327987
760,89.700000,-52.724337,-75.736215,81.162987,-33.020772,22.307483,88.111166,-89.522998,11.242391,-88.111166
761,89.700000,-51.577971,-76.774792,82.434100,-29.588031,17.637773,88.956931,-89.696016,19.292338,-86.059299
762,89.700000,-50.418879,-77.776242,83.606779,-26.105944,12.917767,89.485842,-89.400934,27.182264,-83.191830
763,89.700000,-49.247347,-78.740080,84.679622,-22.580320,8.160924,89.696016,-88.639290,34.846723,-79.535937
764,89.700000,-48.063664,-79.665839,85.651350,-19.017038,3.380809,89.586705,-87.415060,42.222143,-75.126265
765,89.700000,-46.868121,-80.553074,86.520800,-15.422040,-1.408946,89.158298,-85.734633,49.247347,-70.004608
766,89.700000,-45.661015,-81.401353,87.286936,-11.801323,-6.194684,88.412320,-83.606779,55.864064,-64.219503
767,89.700000,-44.442643,-82.210267,87.948843,-8.160924,-10.962757,87.351430,-81.042601,62.017411,-57.825777
768,89.700000,-43.213305,-82.979425,88.505729,-4.506915,-15.699568,85.979404,-78.055483,67.656349,-50.884025
769,89.700000,-41.973304,-83.708456,88.956931,-0.845390,-20.391610,84.301132,-74.661012,72.734104,-43.460035
770,89.700000,-40.722948,-84.397005,89.301908,2.817545,-25.025502,82.322590,-70.876905,77.208560,-35.624166
771,89.700000,-39.462544,-85.044741,89.540250,6.475781,-29.588031,80.050826,-66.722908,81.042601,-27.450680
772,89.700000,-38.192402,-85.651350,89.671672,10.123218,-34.066185,77.493931,-62.220702,84.204427,-19.017038
773,89.700000,-36.912838,-86.216538,89.696016,13.753771,-38.447195,74.661012,-57.393781,86.667811,-10.403168
774,89.700000,-35.624166,-86.740033,89.613254,17.361387,-42.718567,71.562161,-52.267336,88.412320,-1.690705
775,89.700000,-34.326704,-87.221582,89.423485,20.940049,-46.868121,68.208415,-46.868121,89.423485,7.037781
776,89.700000,-33.020772,-87.660951,89.126935,24.483789,-50.884025,64.611720,-41.224313,89.692918,15.699568
777,89.700000,-31.706693,-88.057927,88.723958,27.986696,-54.754825,60.784885,-35.365366,89.218384,24.212568
778,89.700000,-30.384791,-88.412320,88.215035,31.442929,-58.469485,56.741544,-29.321856,88.003819,32.496100
779,89.700000,-29.055392,-88.723958,87.600774,34.846723,-62.017411,52.496096,-23.125323,86.059299,40.471661
780,89.700000,-27.718824,-88.992689,86.881910,38.192402,-65.388486,48.063664,-16.808104,83.400951,48.063664
781,89.700000,-26.375417,-89.218384,86.059299,41.474387,-68.573096,43.460035,-10.403168,80.050826,55.200157
782,89.700000,-25.025502,-89.400934,85.133924,44.687204,-71.562161,38.701607,-3.943940,76.036711,61.813509
783,89.700000,-23.669413,-89.540250,84.106891,47.825494,-74.347157,33.805330,2.535870,71.391902,67.841041
784,89.700000,-22.307483,-89.636266,82.979425,50.884025,-76.920141,28.788642,9.002446,66.154927,73.225631
785,89.700000,-20.940049,-89.688934,81.752874,53.857694,-79.273777,23.669413,15.422040,60.369222,77.916247
786,89.700000,-19.567449,-89.698229,80.428701,56.741544,-81.401353,18.465876,21.761151,54.082780,81.868435
787,89.700000,-18.190020,-89.664148,79.008488,59.530763,-83.296802,13.196566,27.986696,47.347742,85.044741
788,89.700000,-16.808104,-89.586705,77.493931,62.220702,-84.954718,7.880252,34.066185,40.219974,87.415060
789,89.700000,-15.422040,-89.465939,75.886837,64.806872,-86.370374,2.535870,39.967891,32.758598,88.956931
790,89.700000,-14.032172,-89.301908,74.189128,67.284963,-87.539734,-2.817545,45.661015,25.025502,89.655738
791,89.700000,-12.638841,-89.094692,72.402828,69.650840,-88.459461,-8.160924,51.115845,17.084830,89.504861
792,89.700000,-11.242391,-88.844390,70.530072,71.900559,-89.126935,-13.475235,56.303915,9.002446,88.505729
793,89.700000,-9.843168,-88.551124,68.573096,74.030366,-89.540250,-18.741549,61.198149,0.845390,86.667811
794,89.700000,-8.441516,-88.215035,66.534237,76.036711,-89.698229,-23.941108,65.773005,-7.318678,84.008525
795,89.700000,-7.037781,-87.836286,64.415929,77.916247,-89.600422,-29.055392,70.004608,-15.422040,80.553074
796,89.700000,-5.632310,-87.415060,62.220702,79.665839,-89.247106,-34.066185,73.870874,-23.397483,76.334205
797,89.700000,-4.225449,-86.951562,59.951176,81.282571,-88.639290,-38.955638,77.351627,-31.178853,71.391902
798,89.700000,-2.817545,-86.446014,57.610063,82.763745,-87.778707,-43.706336,80.428701,-38.701607,65.773005
799,89.700000,-1.408946,-85.898662,55.200157,84.106891,-86.667811,-48.301358,83.086038,-45.903347,59.530763
800,89.700000,0.000000,-85.309770,52.724337,85.309770,-85.309770,-52.724337,85.309770,-52.724337,52.724337
801,89.700000,1.408946,-84.679622,50.185559,86.370374,-83.708456,-56.959519,87.088291,-59.108000,45.418232
802,89.700000,2.817545,-84.008525,47.586853,87.286936,-81.868435,-60.991818,88.412320,-65.001386,37.681690
803,89.700000,4.225449,-83.296802,44.931324,88.057927,-79.794956,-64.806872,89.274948,-70.355611,29.588031
804,89.700000,5.632310,-82.544797,42.222143,88.682062,-77.493931,-68.391093,89.671672,-75.126265,21.213960
805,89.700000,7.037781,-81.752874,39.462544,89.158298,-74.971920,-71.731714,89.600422,-79.273777,12.638841
806,89.700000,8.441516,-80.921416,36.655822,89.485842,-72.236117,-74.816835,89.061570,-82.763745,3.943940
807,89.700000,9.843168,-80.050826,33.805330,89.664148,-69.294323,-77.635469,88.057927,-85.567221,-4.788338
808,89.700000,11.242391,-79.141523,30.914470,89.692918,-66.154927,-80.177576,86.594733,-87.660951,-13.475235
809,89.700000,12.638841,-78.193948,27.986696,89.572104,-62.826880,-82.434100,84.679622,-89.027569,-22.034426
810,89.700000,14.032172,-77.208560,25.025502,89.301908,-59.319674,-84.397005,82.322590,-89.655738,-30.384791
811,89.700000,15.422040,-76.185834,22.034426,88.882781,-55.643310,-86.059299,79.535937,-89.540250,-38.447195
812,89.700000,16.808104,-75.126265,19.017038,88.315421,-51.808271,-87.415060,76.334205,-88.682062,-46.145226
813,89.700000,18.190020,-74.030366,15.976942,87.600774,-47.825494,-88.459461,72.734104,-87.088291,-53.405930
814,89.700000,19.567449,-72.898667,12.917767,86.740033,-43.706336,-89.188781,68.754423,-84.772158,-60.160496
815,89.700000,20.940049,-71.731714,9.843168,85.734633,-39.462544,-89.600422,64.415929,-81.752874,-66.344909
816,89.700000,22.307483,-70.530072,6.756814,84.586251,-35.106218,-89.692918,59.741265,-78.055483,-71.900559
817,89.700000,23.669413,-69.294323,3.662393,83.296802,-30.649782,-89.465939,54.754825,-73.710653,-76.774792
818,89.700000,25.025502,-68.025064,0.563598,81.868435,-26.105944,-88.920295,49.482635,-68.754423,-80.921416
819,89.700000,26.375417,-66.722908,-2.535870,80.303535,-21.487662,-88.057927,43.952206,-63.227902,-84.301132
820,89.700000,27.718824,-65.388486,-5.632310,78.604709,-16.808104,-86.881910,38.192402,-57.176932,-86.881910
821,89.700000,29.055392,-64.022442,-8.722024,76.774792,-12.080616,-85.396430,32.233282,-50.651702,-88.639290
822,89.700000,30.384791,-62.625438,-11.801323,74.816835,-7.318678,-83.606779,26.105944,-43.706336,-89.556619
823,89.700000,31.706693,-61.198149,-14.866530,72.734104,-2.535870,-81.519332,19.842366,-36.398444,-89.625202
824,89.700000,33.020772,-59.741265,-17.913985,70.530072,2.254170,-79.141523,13.475235,-28.788642,-88.844390
825,89.700000,34.326704,-58.255490,-20.940049,68.208415,7.037781,-76.481823,7.037781,-20.940049,-87.221582
826,89.700000,35.624166,-56.741544,-23.941108,65.773005,11.801323,-73.549704,0.563598,-12.917767,-84.772158
827,89.700000,36.912838,-55.200157,-26.913580,63.227902,16.531212,-70.355611,-5.913526,-4.788338,-81.519332
828,89.700000,38.192402,-53.632077,-29.853913,60.577353,21.213960,-66.910921,-12.359789,3.380809,-77.493931
829,89.700000,39.462544,-52.038061,-32.758598,57.825777,25.836214,-63.227902,-18.741549,11.521914,-72.734104
830,89.700000,40.722948,-50.418879,-35.624166,54.977763,30.384791,-59.319674,-25.025502,19.567449,-67.284963
831,89.700000,41.973304,-48.775315,-38.447195,52.038061,34.846723,-55.200157,-31.178853,27.450680,-61.198149
832,89.700000,43.213305,-47.108164,-41.224313,49.011573,39.209284,-50.884025,-37.169490,35.106218,-54.531348
833,89.700000,44.442643,-45.418232,-43.952206,45.903347,43.460035,-46.386650,-42.966148,42.470564,-47.347742
834,89.700000,45.661015,-43.706336,-46.627616,42.718567,47.586853,-41.724052,-48.538576,49.482635,-39.715413
835,89.700000,46.868121,-41.973304,-49.247347,39.462544,51.577971,-36.912838,-53.857694,56.084266,-31.706693
836,89.700000,48.063664,-40.219974,-51.808271,36.140707,55.422007,-31.970146,-58.895742,62.220702,-23.397483
837,89.700000,49.247347,-38.447195,-54.307332,32.758598,59.108000,-26.913580,-63.626428,67.841041,-14.866530
838,89.700000,50.418879,-36.655822,-56.741544,29.321856,62.625438,-21.761151,-68.025064,72.898667,-6.194684
839,89.700000,51.577971,-34.846723,-59.108000,25.836214,65.964291,-16.531212,-72.068694,77.351627,2.535870
840,89.700000,52.724337,-33.020772,-61.403875,22.307483,69.115038,-11.242391,-75.736215,81.162987,11.242391
841,89.700000,53.857694,-31.178853,-63.626428,18.741549,72.068694,-5.913526,-79.008488,84.301132,19.842366
842,89.700000,54.977763,-29.321856,-65.773005,15.144360,74.816835,-0.563598,-81.868435,86.740033,28.254291
843,89.700000,56.084266,-27.450680,-67.841041,11.521914,77.351627,4.788338,-84.301132,88.459461,36.398444
844,89.700000,57.176932,-25.566228,-69.828068,7.880252,79.665839,10.123218,-86.293882,89.445153,44.197643
845,89.700000,58.255490,-23.669413,-71.731714,4.225449,81.752874,15.422040,-87.836286,89.688934,51.577971
846,89.700000,59.319674,-21.761151,-73.549704,0.563598,83.606779,20.665932,-88.920295,89.188781,58.469485
847,89.700000,60.369222,-19.842366,-75.279869,-3.099193,85.222267,25.836214,-89.540250,87.948843,64.806872
848,89.700000,61.403875,-17.913985,-76.920141,-6.756814,86.594733,30.914470,-89.692918,85.979404,70.530072
849,89.700000,62.423378,-15.976942,-78.468563,-10.403168,87.720262,35.882614,-89.377500,83.296802,75.584845
850,89.700000,63.427478,-14.032172,-79.923285,-14.032172,88.595644,40.722948,-88.595644,79.923285,79.923285
851,89.700000,64.415929,-12.080616,-81.282571,-17.637773,89.218384,45.418232,-87.351430,75.886837,83.504277
852,89.700000,65.388486,-10.123218,-82.544797,-21.213960,89.586705,49.951743,-85.651350,71.220939,86.293882
853,89.700000,66.344909,-8.160924,-83.708456,-24.754768,89.699557,54.307332,-83.504277,65.964291,88.265663
854,89.700000,67.284963,-6.194684,-84.772158,-28.254291,89.556619,58.469485,-80.921416,60.160496,89.400934
855,89.700000,68.208415,-4.225449,-85.734633,-31.706693,89.158298,62.423378,-77.916247,53.857694,89.688934
856,89.700000,69.115038,-2.254170,-86.594733,-35.106218,88.505729,66.154927,-74.504452,47.108164,89.126935
857,89.700000,70.004608,-0.281800,-87.351430,-38.447195,87.600774,69.650840,-70.703837,39.967891,87.720262
858,89.700000,70.876905,1.690705,-88.003819,-41.724052,86.446014,72.898667,-66.534237,32.496100,85.482247
859,89.700000,71.731714,3.662393,-88.551124,-44.931324,85.044741,75.886837,-62.017411,24.754768,82.434100
860,89.700000,72.568824,5.632310,-88.992689,-48.063664,83.400951,78.604709,-57.176932,16.808104,78.604709
861,89.700000,73.388030,7.599503,-89.327987,-51.115845,81.519332,81.042601,-52.038061,8.722024,74.030366
862,89.700000,74.189128,9.563021,-89.556619,-54.082780,79.405249,83.191830,-46.627616,0.563598,68.754423
863,89.700000,74.971920,11.521914,-89.678311,-56.959519,77.064731,85.044741,-40.973833,-7.599503,62.826880
864,89.700000,75.736215,13.475235,-89.692918,-59.741265,74.504452,86.594733,-35.106218,-15.699568,56.303915
865,89.700000,76.481823,15.422040,-89.600422,-62.423378,71.731714,87.836286,-29.055392,-23.669413,49.247347
866,89.700000,77.208560,17.361387,-89.400934,-65.001386,68.754423,88.764978,-22.852934,-31.442929,41.724052
867,89.700000,77.916247,19.292338,-89.094692,-67.470989,65.581069,89.377500,-16.531212,-38.955638,33.805330
868,89.700000,78.604709,21.213960,-88.682062,-69.828068,62.220702,89.671672,-10.123218,-46.145226,25.566228
869,89.700000,79.273777,23.125323,-88.163536,-72.068694,58.682903,89.646444,-3.662393,-52.952058,17.084830
870,89.700000,79.923285,25.025502,-87.539734,-74.189128,54.977763,89.301908,2.817545,-59.319674,8.441516
871,89.700000,80.553074,26.913580,-86.811400,-76.185834,51.115845,88.639290,9.282779,-65.195258,-0.281800
872,89.700000,81.162987,28.788642,-85.979404,-78.055483,47.108164,87.660951,15.699568,-70.530072,-9.002446
873,89.700000,81.752874,30.649782,-85.044741,-79.794956,42.966148,86.370374,22.034426,-75.279869,-17.637773
874,89.700000,82.322590,32.496100,-84.008525,-81.401353,38.701607,84.772158,28.254291,-79.405249,-26.105944
875,89.700000,82.871994,34.326704,-82.871994,-82.871994,34.326704,82.871994,34.326704,-82.871994,-34.326704
876,89.700000,83.400951,36.140707,-81.636506,-84.204427,29.853913,80.676651,40.219974,-85.651350,-42.222143
877,89.700000,83.909330,37.937233,-80.303535,-85.396430,25.295990,78.193948,45.903347,-87.720262,-49.717434
878,89.700000,84.397005,39.715413,-78.874673,-86.446014,20.665932,75.432729,51.347162,-89.061570,-56.741544
879,89.700000,84.863857,41.474387,-77.351627,-87.351430,15.976942,72.402828,56.523008,-89.664148,-63.227902
880,89.700000,85.309770,43.213305,-75.736215,-88.111166,11.242391,69.115038,61.403875,-89.522998,-69.115038
881,89.700000,85.734633,44.931324,-74.030366,-88.723958,6.475781,65.581069,65.964291,-88.639290,-74.347157
882,89.700000,86.138344,46.627616,-72.236117,-89.188781,1.690705,61.813509,70.180456,-87.020356,-78.874673
883,89.700000,86.520800,48.301358,-70.355611,-89.504861,-3.099193,57.825777,74.030366,-84.679622,-82.654679
884,89.700000,86.881910,49.951743,-68.391093,-89.671672,-7.880252,53.632077,77.493931,-81.636506,-85.651350
885,89.700000,87.221582,51.577971,-66.344909,-89.688934,-12.638841,49.247347,80.553074,-77.916247,-87.836286
886,89.700000,87.539734,53.179257,-64.219503,-89.556619,-17.361387,44.687204,83.191830,-73.549704,-89.188781
887,89.700000,87.836286,54.754825,-62.017411,-89.274948,-22.034426,39.967891,85.396430,-68.573096,-89.696016
888,89.700000,88.111166,56.303915,-59.741265,-88.844390,-26.644630,35.106218,87.155366,-63.027702,-89.353185
889,89.700000,88.364307,57.825777,-57.393781,-88.265663,-31.178853,30.119501,88.459461,-56.959519,-88.163536
890,89.700000,88.595644,59.319674,-54.977763,-87.539734,-35.624166,25.025502,89.301908,-50.418879,-86.138344
891,89.700000,88.805122,60.784885,-52.496096,-86.667811,-39.967891,19.842366,89.678311,-43.460035,-83.296802
892,89.700000,88.992689,62.220702,-49.951743,-85.651350,-44.197643,14.588554,89.586705,-36.140707,-79.665839
893,89.700000,89.158298,63.626428,-47.347742,-84.492045,-48.301358,9.282779,89.027569,-28.521607,-75.279869
894,89.700000,89.301908,65.001386,-44.687204,-83.191830,-52.267336,3.943940,88.003819,-20.665932,-70.180456
895,89.700000,89.423485,66.344909,-41.973304,-81.752874,-56.084266,-1.408946,86.520800,-12.638841,-64.415929
896,89.700000,89.522998,67.656349,-39.209284,-80.177576,-59.741265,-6.756814,84.586251,-4.506915,-58.040920
897,89.700000,89.600422,68.935070,-36.398444,-78.468563,-63.227902,-12.080616,82.210267,3.662393,-51.115845
898,89.700000,89.655738,70.180456,-33.544141,-76.628686,-66.534237,-17.361387,79.405249,11.801323,-43.706336
899,89.700000,89.688934,71.391902,-30.649782,-74.661012,-69.650840,-22.580320,76.185834,19.842366,-35.882614
900,89.700000,89.700000,72.568824,-27.718824,-72.568824,-72.568824,-27.718824,72.568824,27.718824,-27.718824
901,89.700000,89.688934,73.710653,-24.754768,-70.355611,-75.279869,-32.758598,68.573096,35.365366,-19.292338
902,89.700000,89.655738,74.816835,-21.761151,-68.025064,-77.776242,-37.681690,64.219503,42.718567,-10.683015
903,89.700000,89.600422,75.886837,-18.741549,-65.581069,-80.050826,-42.470564,59.530763,49.717434,-1.972447
904,89.700000,89.522998,76.920141,-15.699568,-63.027702,-82.097133,-47.108164,54.531348,56.303915,6.756814
905,89.700000,89.423485,77.916247,-12.638841,-60.369222,-83.909330,-51.577971,49.247347,62.423378,15.422040
906,89.700000,89.301908,78.874673,-9.563021,-57.610063,-85.482247,-55.864064,43.706336,68.025064,23.941108
907,89.700000,89.158298,79.794956,-6.475781,-54.754825,-86.811400,-59.951176,37.937233,73.062509,32.233282
908,89.700000,88.992689,80.676651,-3.380809,-51.808271,-87.892998,-63.824750,31.970146,77.493931,40.219974
909,89.700000,88.805122,81.519332,-0.281800,-48.775315,-88.723958,-67.470989,25.836214,81.282571,47.825494
910,89.700000,88.595644,82.322590,2.817545,-45.661015,-89.301908,-70.876905,19.567449,84.397005,54.977763
911,89.700000,88.364307,83.086038,5.913526,-42.470564,-89.625202,-74.030366,13.196566,86.811400,61.608996
912,89.700000,88.111166,83.809306,9.002446,-39.209284,-89.692918,-76.920141,6.756814,88.505729,67.656349
913,89.700000,87.836286,84.492045,12.080616,-35.882614,-89.504861,-79.535937,0.281800,89.465939,73.062509
914,89.700000,87.539734,85.133924,15.144360,-32.496100,-89.061570,-81.868435,-6.194684,89.684065,77.776242
915,89.700000,87.221582,85.734633,18.190020,-29.055392,-88.364307,-83.909330,-12.638841,89.158298,81.752874
916,89.700000,86.881910,86.293882,21.213960,-25.566228,-87.415060,-85.651350,-19.017038,87.892998,84.954718
917,89.700000,86.520800,86.811400,24.212568,-22.034426,-86.216538,-87.088291,-25.295990,85.898662,87.351430
918,89.700000,86.138344,87.286936,27.182264,-18.465876,-84.772158,-88.215035,-31.442929,83.191830,88.920295
919,89.700000,85.734633,87.720262,30.119501,-14.866530,-83.086038,-89.027569,-37.425774,79.794956,89.646444
920,89.700000,85.309770,88.111166,33.020772,-11.242391,-81.162987,-89.522998,-43.213305,75.736215,89.522998
921,89.700000,84.863857,88.459461,35.882614,-7.599503,-79.008488,-89.699557,-48.775315,71.049272,88.551124
922,89.700000,84.397005,88.764978,38.701607,-3.943940,-76.628686,-89.556619,-54.082780,65.773005,86.740033
923,89.700000,83.909330,89.027569,41.474387,-0.281800,-74.030366,-89.094692,-59.108000,59.951176,84.106891
924,89.700000,83.400951,89.247106,44.197643,3.380809,-71.220939,-88.315421,-63.824750,53.632077,80.676651
925,89.700000,82.871994,89.423485,46.868121,7.037781,-68.208415,-87.221582,-68.208415,46.868121,76.481823
926,89.700000,82.322590,89.556619,49.482635,10.683015,-65.001386,-85.817071,-72.236117,39.715413,71.562161
927,89.700000,81.752874,89.646444,52.038061,14.310433,-61.608996,-84.106891,-75.886837,32.233282,65.964291
928,89.700000,81.162987,89.692918,54.531348,17.913985,-58.040920,-82.097133,-79.141523,24.483789,59.741265
929,89.700000,80.553074,89.696016,56.959519,21.487662,-54.307332,-79.794956,-81.983189,16.531212,52.952058
930,89.700000,79.923285,89.655738,59.319674,25.025502,-50.418879,-77.208560,-84.397005,8.441516,45.661015
931,89.700000,79.273777,89.572104,61.608996,28.521607,-46.386650,-74.347157,-86.370374,0.281800,37.937233
932,89.700000,78.604709,89.445153,63.824750,31.970146,-42.222143,-71.220939,-87.892998,-7.880252,29.853913
933,89.700000,77.916247,89.274948,65.964291,35.365366,-37.937233,-67.841041,-88.956931,-15.976942,21.487662
934,89.700000,77.208560,89.061570,68.025064,38.701607,-33.544141,-64.219503,-89.556619,-23.941108,12.917767
935,89.700000,76.481823,88.805122,70.004608,41.973304,-29.055392,-60.369222,-89.688934,-31.706693,4.225449
936,89.700000,75.736215,88.505729,71.900559,45.175001,-24.483789,-56.303915,-89.353185,-39.209284,-4.506915
937,89.700000,74.971920,88.163536,73.710653,48.301358,-19.842366,-52.038061,-88.551124,-46.386650,-13.196566
938,89.700000,74.189128,87.778707,75.432729,51.347162,-15.144360,-47.586853,-87.286936,-53.179257,-21.761151
939,89.700000,73.388030,87.351430,77.064731,54.307332,-10.403168,-42.966148,-85.567221,-59.530763,-30.119501
940,89.700000,72.568824,86.881910,78.604709,57.176932,-5.632310,-38.192402,-83.400951,-65.388486,-38.192402
941,89.700000,71.731714,86.370374,80.050826,59.951176,-0.845390,-33.282621,-80.799432,-70.703837,-45.903347
942,89.700000,70.876905,85.817071,81.401353,62.625438,3.943940,-28.254291,-77.776242,-75.432729,-53.179257
943,89.700000,70.004608,85.222267,82.654679,65.195258,8.722024,-23.125323,-74.347157,-79.535937,-59.951176
944,89.700000,69.115038,84.586251,83.809306,67.656349,13.475235,-17.913985,-70.530072,-82.979425,-66.154927
945,89.700000,68.208415,83.909330,84.863857,70.004608,18.190020,-12.638841,-66.344909,-85.734633,-71.731714
946,89.700000,67.284963,83.191830,85.817071,72.236117,22.852934,-7.318678,-61.813509,-87.778707,-76.628686
947,89.700000,66.344909,82.434100,86.667811,74.347157,27.450680,-1.972447,-56.959519,-89.094692,-80.799432
948,89.700000,65.388486,81.636506,87.415060,76.334205,31.970146,3.380809,-51.808271,-89.671672,-84.204427
949,89.700000,64.415929,80.799432,88.057927,78.193948,36.398444,8.722024,-46.386650,-89.504861,-86.811400
950,89.700000,63.427478,79.923285,88.595644,79.923285,40.722948,14.032172,-40.722948,-88.595644,-88.595644
951,89.700000,62.423378,79.008488,89.027569,81.519332,44.931324,19.292338,-34.846723,-86.951562,-89.540250
952,89.700000,61.403875,78.055483,89.353185,82.979425,49.011573,24.483789,-28.788642,-84.586251,-89.636266
953,89.700000,60.369222,77.064731,89.572104,84.301132,52.952058,29.588031,-22.580320,-81.519332,-88.882781
954,89.700000,59.319674,76.036711,89.684065,85.482247,56.741544,34.586884,-16.254157,-77.776242,-87.286936
955,89.700000,58.255490,74.971920,89.688934,86.520800,60.369222,39.462544,-9.843168,-73.388030,-84.863857
956,89.700000,57.176932,73.870874,89.586705,87.415060,63.824750,44.197643,-3.380809,-68.391093,-81.636506
957,89.700000,56.084266,72.734104,89.377500,88.163536,67.098273,48.775315,3.099193,-62.826880,-77.635469
958,89.700000,54.977763,71.562161,89.061570,88.764978,70.180456,53.179257,9.563021,-56.741544,-72.898667
959,89.700000,53.857694,70.355611,88.639290,89.218384,73.062509,57.393781,15.976942,-50.185559,-67.470989
960,89.700000,52.724337,69.115038,88.111166,89.522998,75.736215,61.403875,22.307483,-43.213305,-61.403875
961,89.700000,51.577971,67.841041,87.477829,89.678311,78.193948,65.195258,28.521607,-35.882614,-54.754825
962,89.700000,50.418879,66.534237,86.740033,89.684065,80.428701,68.754423,34.586884,-28.254291,-47.586853
963,89.700000,49.247347,65.195258,85.898662,89.540250,82.434100,72.068694,40.471661,-20.391610,-39.967891
964,89.700000,48.063664,63.824750,84.954718,89.247106,84.204427,75.126265,46.145226,-12.359789,-31.970146
965,89.700000,46.868121,62.423378,83.909330,88.805122,85.734633,77.916247,51.577971,-4.225449,-23.669413
966,89.700000,45.661015,60.991818,82.763745,88.215035,87.020356,80.428701,56.741544,3.943940,-15.144360
967,89.700000,44.442643,59.530763,81.519332,87.477829,88.057927,82.654679,61.608996,12.080616,-6.475781
968,89.700000,43.213305,58.040920,80.177576,86.594733,88.844390,84.586251,66.154927,20.117087,2.254170
969,89.700000,41.973304,56.523008,78.740080,85.567221,89.377500,86.216538,70.355611,27.986696,10.962757
970,89.700000,40.722948,54.977763,77.208560,84.397005,89.655738,87.539734,74.189128,35.624166,19.567449
971,89.700000,39.462544,53.405930,75.584845,83.086038,89.678311,88.551124,77.635469,42.966148,27.986696
972,89.700000,38.192402,51.808271,73.870874,81.636506,89.445153,89.247106,80.676651,49.951743,36.140707
973,89.700000,36.912838,50.185559,72.068694,80.050826,88.956931,89.625202,83.296802,56.523008,43.952206
974,89.700000,35.624166,48.538576,70.180456,78.331642,88.215035,89.684065,85.482247,62.625438,51.347162
975,89.700000,34.326704,46.868121,68.208415,76.481823,87.221582,89.423485,87.221582,68.208415,58.255490
976,89.700000,33.020772,45.175001,66.154927,74.504452,85.979404,88.844390,88.505729,73.225631,64.611720
977,89.700000,31.706693,43.460035,64.022442,72.402828,84.492045,87.948843,89.327987,77.635469,70.355611
978,89.700000,30.384791,41.724052,61.813509,70.180456,82.763745,86.740033,89.684065,81.401353,75.432729
979,89.700000,29.055392,39.967891,59.530763,67.841041,80.799432,85.222267,89.572104,84.492045,79.794956
980,89.700000,27.718824,38.192402,57.176932,65.388486,78.604709,83.400951,88.992689,86.881910,83.400951
981,89.700000,26.375417,36.398444,54.754825,62.826880,76.185834,81.282571,87.948843,88.551124,86.216538
982,89.700000,25.025502,34.586884,52.267336,60.160496,73.549704,78.874673,86.446014,89.485842,88.215035
983,89.700000,23.669413,32.758598,49.717434,57.393781,70.703837,76.185834,84.492045,89.678311,89.377500
984,89.700000,22.307483,30.914470,47.108164,54.531348,67.656349,73.225631,82.097133,89.126935,89.692918
985,89.700000,20.940049,29.055392,44.442643,51.577971,64.415929,70.004608,79.273777,87.836286,89.158298
986,89.700000,19.567449,27.182264,41.724052,48.538576,60.991818,66.534237,76.036711,85.817071,87.778707
987,89.700000,18.190020,25.295990,38.955638,45.418232,57.393781,62.826880,72.402828,83.086038,85.567221
988,89.700000,16.808104,23.397483,36.140707,42.222143,53.632077,58.895742,68.391093,79.665839,82.544797
989,89.700000,15.422040,21.487662,33.282621,38.955638,49.717434,54.754825,64.022442,75.584845,78.740080
990,89.700000,14.032172,19.567449,30.384791,35.624166,45.661015,50.418879,59.319674,70.876905,74.189128
991,89.700000,12.638841,17.637773,27.450680,32.233282,41.474387,45.903347,54.307332,65.581069,68.935070
992,89.700000,11.242391,15.699568,24.483789,28.788642,37.169490,41.224313,49.011573,59.741265,63.027702
993,89.700000,9.843168,13.753771,21.487662,25.295990,32.758598,36.398444,43.460035,53.405930,56.523008
994,89.700000,8.441516,11.801323,18.465876,21.761151,28.254291,31.442929,37.681690,46.627616,49.482635
995,89.700000,7.037781,9.843168,15.422040,18.190020,23.669413,26.375417,31.706693,39.462544,41.973304
996,89.700000,5.632310,7.880252,12.359789,14.588554,19.017038,21.213960,25.566228,31.970146,34.066185
997,89.700000,4.225449,5.913526,9.282779,10.962757,14.310433,15.976942,19.292338,24.212568,25.836214
998,89.700000,2.817545,3.943940,6.194684,7.318678,9.563021,10.683015,12.917767,16.254157,17.361387
999,89.700000,1.408946,1.972447,3.099193,3.662393,4.788338,5.351037,6.475781,8.160924,8.722024
1000,89.700000,0.000000,0.000000,0.000000,-0.000000,-0.000000,0.000000,-0.000000,0.000000,0.000000
1001,89.700000,-1.408946,-1.972447,-3.099193,-3.662393,-4.788338,-5.351037,-6.475781,-8.160924,-8.722024
1002,89.700000,-2.817545,-3.943940,-6.194684,-7.318678,-9.563021,-10.683015,-12.917767,-16.254157,-17.361387
1003,89.700000,-4.225449,-5.913526,-9.282779,-10.962757,-14.310433,-15.976942,-19.292338,-24.212568,-25.836214
1004,89.700000,-5.632310,-7.880252,-12.359789,-14.588554,-19.017038,-21.213960,-25.566228,-31.970146,-34.066185
1005,89.700000,-7.037781,-9.843168,-15.422040,-18.190020,-23.669413,-26.375417,-31.706693,-39.462544,-41.973304
1006,89.700000,-8.441516,-11.801323,-18.465876,-21.761151,-28.254291,-31.442929,-37.681690,-46.627616,-49.482635
1007,89.700000,-9.843168,-13.753771,-21.487662,-25.295990,-32.758598,-36.398444,-43.460035,-53.405930,-56.523008
1008,89.700000,-11.242391,-15.699568,-24.483789,-28.788642,-37.169490,-41.224313,-49.011573,-59.741265,-63.027702
1009,89.700000,-12.638841,-17.637773,-27.450680,-32.233282,-41.474387,-45.903347,-54.307332,-65.581069,-68.935070
1010,89.700000,-14.032172,-19.567449,-30.384791,-35.624166,-45.661015,-50.418879,-59.319674,-70.876905,-74.189128
1011,89.700000,-15.422040,-21.487662,-33.282621,-38.955638,-49.717434,-54.754825,-64.022442,-75.584845,-78.740080
1012,89.700000,-16.808104,-23.397483,-36.140707,-42.222143,-53.632077,-58.895742,-68.391093,-79.665839,-82.544797
1013,89.700000,-18.190020,-25.295990,-38.955638,-45.418232,-57.393781,-62.826880,-72.402828,-83.086038,-85.567221
1014,89.700000,-19.567449,-27.182264,-41.724052,-48.538576,-60.991818,-66.534237,-76.036711,-85.817071,-87.778707
1015,89.700000,-20.940049,-29.055392,-44.442643,-51.577971,-64.415929,-70.004608,-79.273777,-87.836286,-89.158298
1016,89.700000,-22.307483,-30.914470,-47.108164,-54.531348,-67.656349,-73.225631,-82.097133,-89.126935,-89.692918
1017,89.700000,-23.669413,-32.758598,-49.717434,-57.393781,-70.703837,-76.185834,-84.492045,-89.678311,-89.377500
1018,89.700000,-25.025502,-34.586884,-52.267336,-60.160496,-73.549704,-78.874673,-86.446014,-89.485842,-88.215035
1019,89.700000,-26.375417,-36.398444,-54.754825,-62.826880,-76.185834,-81.282571,-87.948843,-88.551124,-86.216538
1020,89.700000,-27.718824,-38.192402,-57.176932,-65.388486,-78.604709,-83.400951,-88.992689,-86.881910,-83.400951
1021,89.700000,-29.055392,-39.967891,-59.530763,-67.841041,-80.799432,-85.222267,-89.572104,-84.492045,-79.794956
1022,89.700000,-30.384791,-41.724052,-61.813509,-70.180456,-82.763745,-86.740033,-89.684065,-81.401353,-75.432729
1023,89.700000,-31.706693,-43.460035,-64.022442,-72.402828,-84.492045,-87.948843,-89.327987,-77.635469,-70.355611
1024,89.700000,-33.020772,-45.175001,-66.154927,-74.504452,-85.979404,-88.844390,-88.505729,-73.225631,-64.611720
1025,89.700000,-34.326704,-46.868121,-68.208415,-76.481823,-87.221582,-89.423485,-87.221582,-68.208415,-58.255490
1026,89.700000,-35.624166,-48.538576,-70.180456,-78.331642,-88.215035,-89.684065,-85.482247,-62.625438,-51.347162
1027,89.700000,-36.912838,-50.185559,-72.068694,-80.050826,-88.956931,-89.625202,-83.296802,-56.523008,-43.952206
1028,89.700000,-38.192402,-51.808271,-73.870874,-81.636506,-89.445153,-89.247106,-80.676651,-49.951743,-36.140707
1029,89.700000,-39.462544,-53.405930,-75.584845,-83.086038,-89.678311,-88.551124,-77.635469,-42.966148,-27.986696
1030,89.700000,-40.722948,-54.977763,-77.208560,-84.397005,-89.655738,-87.539734,-74.189128,-35.624166,-19.567449
1031,89.700000,-41.973304,-56.523008,-78.740080,-85.567221,-89.377500,-86.216538,-70.355611,-27.986696,-10.962757
1032,89.700000,-43.213305,-58.040920,-80.177576,-86.594733,-88.844390,-84.586251,-66.154927,-20.117087,-2.254170
1033,89.700000,-44.442643,-59.530763,-81.519332,-87.477829,-88.057927,-82.654679,-61.608996,-12.080616,6.475781
1034,89.700000,-45.661015,-60.991818,-82.763745,-88.215035,-87.020356,-80.428701,-56.741544,-3.943940,15.144360
1035,89.700000,-46.868121,-62.423378,-83.909330,-88.805122,-85.734633,-77.916247,-51.577971,4.225449,23.669413
1036,89.700000,-48.063664,-63.824750,-84.954718,-89.247106,-84.204427,-75.126265,-46.145226,12.359789,31.970146
1037,89.700000,-49.247347,-65.195258,-85.898662,-89.540250,-82.434100,-72.068694,-40.471661,20.391610,39.967891
1038,89.700000,-50.418879,-66.534237,-86.740033,-89.684065,-80.428701,-68.754423,-34.586884,28.254291,47.586853
1039,89.700000,-51.577971,-67.841041,-87.477829,-89.678311,-78.193948,-65.195258,-28.521607,35.882614,54.754825
1040,89.700000,-52.724337,-69.115038,-88.111166,-89.522998,-75.736215,-61.403875,-22.307483,43.213305,61.403875
1041,89.700000,-53.857694,-70.355611,-88.639290,-89.218384,-73.062509,-57.393781,-15.976942,50.185559,67.470989
1042,89.700000,-54.977763,-71.562161,-89.061570,-88.764978,-70.180456,-53.179257,-9.563021,56.741544,72.898667
1043,89.700000,-56.084266,-72.734104,-89.377500,-88.163536,-67.098273,-48.775315,-3.099193,62.826880,77.635469
1044,89.700000,-57.176932,-73.870874,-89.586705,-87.415060,-63.824750,-44.197643,3.380809,68.391093,81.636506
1045,89.700000,-58.255490,-74.971920,-89.688934,-86.520800,-60.369222,-39.462544,9.843168,73.388030,84.863857
1046,89.700000,-59.319674,-76.036711,-89.684065,-85.482247,-56.741544,-34.586884,16.254157,77.776242,87.286936
1047,89.700000,-60.369222,-77.064731,-89.572104,-84.301132,-52.952058,-29.588031,22.580320,81.519332,88.882781
1048,89.700000,-61.403875,-78.055483,-89.353185,-82.979425,-49.011573,-24.483789,28.788642,84.586251,89.636266
1049,89.700000,-62.423378,-79.008488,-89.027569,-81.519332,-44.931324,-19.292338,34.846723,86.951562,89.540250
1050,89.700000,-63.427478,-79.923285,-88.595644,-79.923285,-40.722948,-14.032172,40.722948,88.595644,88.595644
1051,89.700000,-64.415929,-80.799432,-88.057927,-78.193948,-36.398444,-8.722024,46.386650,89.504861,86.811400
1052,89.700000,-65.388486,-81.636506,-87.415060,-76.334205,-31.970146,-3.380809,51.808271,89.671672,84.204427
1053,89.700000,-66.344909,-82.434100,-86.667811,-74.347157,-27.450680,1.972447,56.959519,89.094692,80.799432
1054,89.700000,-67.284963,-83.191830,-85.817071,-72.236117,-22.852934,7.318678,61.813509,87.778707,76.628686
1055,89.700000,-68.208415,-83.909330,-84.863857,-70.004608,-18.190020,12.638841,66.344909,85.734633,71.731714
1056,89.700000,-69.115038,-84.586251,-83.809306,-67.656349,-13.475235,17.913985,70.530072,82.979425,66.154927
1057,89.700000,-70.004608,-85.222267,-82.654679,-65.195258,-8.722024,23.125323,74.347157,79.535937,59.951176
1058,89.700000,-70.876905,-85.817071,-81.401353,-62.625438,-3.943940,28.254291,77.776242,75.432729,53.179257
1059,89.700000,-71.731714,-86.370374,-80.050826,-59.951176,0.845390,33.282621,80.799432,70.703837,45.903347
1060,89.700000,-72.568824,-86.881910,-78.604709,-57.176932,5.632310,38.192402,83.400951,65.388486,38.192402
1061,89.700000,-73.388030,-87.351430,-77.064731,-54.307332,10.403168,42.966148,85.567221,59.530763,30.119501
1062,89.700000,-74.189128,-87.778707,-75.432729,-51.347162,15.144360,47.586853,87.286936,53.179257,21.761151
1063,89.700000,-74.971920,-88.163536,-73.710653,-48.301358,19.842366,52.038061,88.551124,46.386650,13.196566
1064,89.700000,-75.736215,-88.505729,-71.900559,-45.175001,24.483789,56.303915,89.353185,39.209284,4.506915
1065,89.700000,-76.481823,-88.805122,-70.004608,-41.973304,29.055392,60.369222,89.688934,31.706693,-4.225449
1066,89.700000,-77.208560,-89.061570,-68.025064,-38.701607,33.544141,64.219503,89.556619,23.941108,-12.917767
1067,89.700000,-77.916247,-89.274948,-65.964291,-35.365366,37.937233,67.841041,88.956931,15.976942,-21.487662
1068,89.700000,-78.604709,-89.445153,-63.824750,-31.970146,42.222143,71.220939,87.892998,7.880252,-29.853913
1069,89.700000,-79.273777,-89.572104,-61.608996,-28.521607,46.386650,74.347157,86.370374,-0.281800,-37.937233
1070,89.700000,-79.923285,-89.655738,-59.319674,-25.025502,50.418879,77.208560,84.397005,-8.441516,-45.661015
1071,89.700000,-80.553074,-89.696016,-56.959519,-21.487662,54.307332,79.794956,81.983189,-16.531212,-52.952058
1072,89.700000,-81.162987,-89.692918,-54.531348,-17.913985,58.040920,82.097133,79.141523,-24.483789,-59.741265
1073,89.700000,-81.752874,-89.646444,-52.038061,-14.310433,61.608996,84.106891,75.886837,-32.233282,-65.964291
1074,89.700000,-82.322590,-89.556619,-49.482635,-10.683015,65.001386,85.817071,72.236117,-39.715413,-71.562161
1075,89.700000,-82.871994,-89.423485,-46.868121,-7.037781,68.208415,87.221582,68.208415,-46.868121,-76.481823
1076,89.700000,-83.400951,-89.247106,-44.197643,-3.380809,71.220939,88.315421,63.824750,-53.632077,-80.676651
1077,89.700000,-83.909330,-89.027569,-41.474387,0.281800,74.030366,89.094692,59.108000,-59.951176,-84.106891
1078,89.700000,-84.397005,-88.764978,-38.701607,3.943940,76.628686,89.556619,54.082780,-65.773005,-86.740033
1079,89.700000,-84.863857,-88.459461,-35.882614,7.599503,79.008488,89.699557,48.775315,-71.049272,-88.551124
1080,89.700000,-85.309770,-88.111166,-33.020772,11.242391,81.162987,89.522998,43.213305,-75.736215,-89.522998
1081,89.700000,-85.734633,-87.720262,-30.119501,14.866530,83.086038,89.027569,37.425774,-79.794956,-89.646444
1082,89.700000,-86.138344,-87.286936,-27.182264,18.465876,84.772158,88.215035,31.442929,-83.191830,-88.920295
1083,89.700000,-86.520800,-86.811400,-24.212568,22.034426,86.216538,87.088291,25.295990,-85.898662,-87.351430
1084,89.700000,-86.881910,-86.293882,-21.213960,25.566228,87.415060,85.651350,19.017038,-87.892998,-84.954718
1085,89.700000,-87.221582,-85.734633,-18.190020,29.055392,88.364307,83.909330,12.638841,-89.158298,-81.752874
1086,89.700000,-87.539734,-85.133924,-15.144360,32.496100,89.061570,81.868435,6.194684,-89.684065,-77.776242
1087,89.700000,-87.836286,-84.492045,-12.080616,35.882614,89.504861,79.535937,-0.281800,-89.465939,-73.062509
1088,89.700000,-88.111166,-83.809306,-9.002446,39.209284,89.692918,76.920141,-6.756814,-88.505729,-67.656349
1089,89.700000,-88.364307,-83.086038,-5.913526,42.470564,89.625202,74.030366,-13.196566,-86.811400,-61.608996
1090,89.700000,-88.595644,-82.322590,-2.817545,45.661015,89.301908,70.876905,-19.567449,-84.397005,-54.977763
1091,89.700000,-88.805122,-81.519332,0.281800,48.775315,88.723958,67.470989,-25.836214,-81.282571,-47.825494
1092,89.700000,-88.992689,-80.676651,3.380809,51.808271,87.892998,63.824750,-31.970146,-77.493931,-40.219974
1093,89.700000,-89.158298,-79.794956,6.475781,54.754825,86.811400,59.951176,-37.937233,-73.062509,-32.233282
1094,89.700000,-89.301908,-78.874673,9.563021,57.610063,85.482247,55.864064,-43.706336,-68.025064,-23.941108
1095,89.700000,-89.423485,-77.916247,12.638841,60.369222,83.909330,51.577971,-49.247347,-62.423378,-15.422040
1096,89.700000,-89.522998,-76.920141,15.699568,63.027702,82.097133,47.108164,-54.531348,-56.303915,-6.756814
1097,89.700000,-89.600422,-75.886837,18.741549,65.581069,80.050826,42.470564,-59.530763,-49.717434,1.972447
1098,89.700000,-89.655738,-74.816835,21.761151,68.025064,77.776242,37.681690,-64.219503,-42.718567,10.683015
1099,89.700000,-89.688934,-73.710653,24.754768,70.355611,75.279869,32.758598,-68.573096,-35.365366,19.292338
1100,89.700000,-89.700000,-72.568824,27.718824,72.568824,72.568824,27.718824,-72.568824,-27.718824,27.718824
1101,89.700000,-89.688934,-71.391902,30.649782,74.661012,69.650840,22.580320,-76.185834,-19.842366,35.882614
1102,89.700000,-89.655738,-70.180456,33.544141,76.628686,66.534237,17.361387,-79.405249,-11.801323,43.706336
1103,89.700000,-89.600422,-68.935070,36.398444,78.468563,63.227902,12.080616,-82.210267,-3.662393,51.115845
1104,89.700000,-89.522998,-67.656349,39.209284,80.177576,59.741265,6.756814,-84.586251,4.506915,58.040920
1105,89.700000,-89.423485,-66.344909,41.973304,81.752874,56.084266,1.408946,-86.520800,12.638841,64.415929
1106,89.700000,-89.301908,-65.001386,44.687204,83.191830,52.267336,-3.943940,-88.003819,20.665932,70.180456
1107,89.700000,-89.158298,-63.626428,47.347742,84.492045,48.301358,-9.282779,-89.027569,28.521607,75.279869
1108,89.700000,-88.992689,-62.220702,49.951743,85.651350,44.197643,-14.588554,-89.586705,36.140707,79.665839
1109,89.700000,-88.805122,-60.784885,52.496096,86.667811,39.967891,-19.842366,-89.678311,43.460035,83.296802
1110,89.700000,-88.595644,-59.319674,54.977763,87.539734,35.624166,-25.025502,-89.301908,50.418879,86.138344
1111,89.700000,-88.364307,-57.825777,57.393781,88.265663,31.178853,-30.119501,-88.459461,56.959519,88.163536
1112,89.700000,-88.111166,-56.303915,59.741265,88.844390,26.644630,-35.106218,-87.155366,63.027702,89.353185
1113,89.700000,-87.836286,-54.754825,62.017411,89.274948,22.034426,-39.967891,-85.396430,68.573096,89.696016
1114,89.700000,-87.539734,-53.179257,64.219503,89.556619,17.361387,-44.687204,-83.191830,73.549704,89.188781
1115,89.700000,-87.221582,-51.577971,66.344909,89.688934,12.638841,-49.247347,-80.553074,77.916247,87.836286
1116,89.700000,-86.881910,-49.951743,68.391093,89.671672,7.880252,-53.632077,-77.493931,81.636506,85.651350
1117,89.700000,-86.520800,-48.301358,70.355611,89.504861,3.099193,-57.825777,-74.030366,84.679622,82.654679
1118,89.700000,-86.138344,-46.627616,72.236117,89.188781,-1.690705,-61.813509,-70.180456,87.020356,78.874673
1119,89.700000,-85.734633,-44.931324,74.030366,88.723958,-6.475781,-65.581069,-65.964291,88.639290,74.347157
1120,89.700000,-85.309770,-43.213305,75.736215,88.111166,-11.242391,-69.115038,-61.403875,89.522998,69.115038
1121,89.700000,-84.863857,-41.474387,77.351627,87.351430,-15.976942,-72.402828,-56.523008,89.664148,63.227902
1122,89.700000,-84.397005,-39.715413,78.874673,86.446014,-20.665932,-75.432729,-51.347162,89.061570,56.741544
1123,89.700000,-83.909330,-37.937233,80.303535,85.396430,-25.295990,-78.193948,-45.903347,87.720262,49.717434
1124,89.700000,-83.400951,-36.140707,81.636506,84.204427,-29.853913,-80.676651,-40.219974,85.651350,42.222143
1125,89.700000,-82.871994,-34.326704,82.871994,82.871994,-34.326704,-82.871994,-34.326704,82.871994,34.326704
1126,89.700000,-82.322590,-32.496100,84.008525,81.401353,-38.701607,-84.772158,-28.254291,79.405249,26.105944
1127,89.700000,-81.752874,-30.649782,85.044741,79.794956,-42.966148,-86.370374,-22.034426,75.279869,17.637773
1128,89.700000,-81.162987,-28.788642,85.979404,78.055483,-47.108164,-87.660951,-15.699568,70.530072,9.002446
1129,89.700000,-80.553074,-26.913580,86.811400,76.185834,-51.115845,-88.639290,-9.282779,65.195258,0.281800
1130,89.700000,-79.923285,-25.025502,87.539734,74.189128,-54.977763,-89.301908,-2.817545,59.319674,-8.441516
1131,89.700000,-79.273777,-23.125323,88.163536,72.068694,-58.682903,-89.646444,3.662393,52.952058,-17.084830
1132,89.700000,-78.604709,-21.213960,88.682062,69.828068,-62.220702,-89.671672,10.123218,46.145226,-25.566228
1133,89.700000,-77.916247,-19.292338,89.094692,67.470989,-65.581069,-89.377500,16.531212,38.955638,-33.805330
1134,89.700000,-77.208560,-17.361387,89.400934,65.001386,-68.754423,-88.764978,22.852934,31.442929,-41.724052
1135,89.700000,-76.481823,-15.422040,89.600422,62.423378,-71.731714,-87.836286,29.055392,23.669413,-49.247347
1136,89.700000,-75.736215,-13.475235,89.692918,59.741265,-74.504452,-86.594733,35.106218,15.699568,-56.303915
1137,89.700000,-74.971920,-11.521914,89.678311,56.959519,-77.064731,-85.044741,40.973833,7.599503,-62.826880
1138,89.700000,-74.189128,-9.563021,89.556619,54.082780,-79.405249,-83.191830,46.627616,-0.563598,-68.754423
1139,89.700000,-73.388030,-7.599503,89.327987,51.115845,-81.519332,-81.042601,52.038061,-8.722024,-74.030366
1140,89.700000,-72.568824,-5.632310,88.992689,48.063664,-83.400951,-78.604709,57.176932,-16.808104,-78.604709
1141,89.700000,-71.731714,-3.662393,88.551124,44.931324,-85.044741,-75.886837,62.017411,-24.754768,-82.434100
1142,89.700000,-70.876905,-1.690705,88.003819,41.724052,-86.446014,-72.898667,66.534237,-32.496100,-85.482247
1143,89.700000,-70.004608,0.281800,87.351430,38.447195,-87.600774,-69.650840,70.703837,-39.967891,-87.720262
1144,89.700000,-69.115038,2.254170,86.594733,35.106218,-88.505729,-66.154927,74.504452,-47.108164,-89.126935
1145,89.700000,-68.208415,4.225449,85.734633,31.706693,-89.158298,-62.423378,77.916247,-53.857694,-89.688934
1146,89.700000,-67.284963,6.194684,84.772158,28.254291,-89.556619,-58.469485,80.921416,-60.160496,-89.400934
1147,89.700000,-66.344909,8.160924,83.708456,24.754768,-89.699557,-54.307332,83.504277,-65.964291,-88.265663
1148,89.700000,-65.388486,10.123218,82.544797,21.213960,-89.586705,-49.951743,85.651350,-71.220939,-86.293882
1149,89.700000,-64.415929,12.080616,81.282571,17.637773,-89.218384,-45.418232,87.351430,-75.886837,-83.504277
1150,89.700000,-63.427478,14.032172,79.923285,14.032172,-88.595644,-40.722948,88.595644,-79.923285,-79.923285
1151,89.700000,-62.423378,15.976942,78.468563,10.403168,-87.720262,-35.882614,89.377500,-83.296802,-75.584845
1152,89.700000,-61.403875,17.913985,76.920141,6.756814,-86.594733,-30.914470,89.692918,-85.979404,-70.530072
1153,89.700000,-60.369222,19.842366,75.279869,3.099193,-85.222267,-25.836214,89.540250,-87.948843,-64.806872
1154,89.700000,-59.319674,21.761151,73.549704,-0.563598,-83.606779,-20.665932,88.920295,-89.188781,-58.469485
1155,89.700000,-58.255490,23.669413,71.731714,-4.225449,-81.752874,-15.422040,87.836286,-89.688934,-51.577971
1156,89.700000,-57.176932,25.566228,69.828068,-7.880252,-79.665839,-10.123218,86.293882,-89.445153,-44.197643
1157,89.700000,-56.084266,27.450680,67.841041,-11.521914,-77.351627,-4.788338,84.301132,-88.459461,-36.398444
1158,89.700000,-54.977763,29.321856,65.773005,-15.144360,-74.816835,0.563598,81.868435,-86.740033,-28.254291
1159,89.700000,-53.857694,31.178853,63.626428,-18.741549,-72.068694,5.913526,79.008488,-84.301132,-19.842366
1160,89.700000,-52.724337,33.020772,61.403875,-22.307483,-69.115038,11.242391,75.736215,-81.162987,-11.242391
1161,89.700000,-51.577971,34.846723,59.108000,-25.836214,-65.964291,16.531212,72.068694,-77.351627,-2.535870
1162,89.700000,-50.418879,36.655822,56.741544,-29.321856,-62.625438,21.761151,68.025064,-72.898667,6.194684
1163,89.700000,-49.247347,38.447195,54.307332,-32.758598,-59.108000,26.913580,63.626428,-67.841041,14.866530
1164,89.700000,-48.063664,40.219974,51.808271,-36.140707,-55.422007,31.970146,58.895742,-62.220702,23.397483
1165,89.700000,-46.868121,41.973304,49.247347,-39.462544,-51.577971,36.912838,53.857694,-56.084266,31.706693
1166,89.700000,-45.661015,43.706336,46.627616,-42.718567,-47.586853,41.724052,48.538576,-49.482635,39.715413
1167,89.700000,-44.442643,45.418232,43.952206,-45.903347,-43.460035,46.386650,42.966148,-42.470564,47.347742
1168,89.700000,-43.213305,47.108164,41.224313,-49.011573,-39.209284,50.884025,37.169490,-35.106218,54.531348
1169,89.700000,-41.973304,48.775315,38.447195,-52.038061,-34.846723,55.200157,31.178853,-27.450680,61.198149
1170,89.700000,-40.722948,50.418879,35.624166,-54.977763,-30.384791,59.319674,25.025502,-19.567449,67.284963
1171,89.700000,-39.462544,52.038061,32.758598,-57.825777,-25.836214,63.227902,18.741549,-11.521914,72.734104
1172,89.700000,-38.192402,53.632077,29.853913,-60.577353,-21.213960,66.910921,12.359789,-3.380809,77.493931
1173,89.700000,-36.912838,55.200157,26.913580,-63.227902,-16.531212,70.355611,5.913526,4.788338,81.519332
1174,89.700000,-35.624166,56.741544,23.941108,-65.773005,-11.801323,73.549704,-0.563598,12.917767,84.772158
1175,89.700000,-34.326704,58.255490,20.940049,-68.208415,-7.037781,76.481823,-7.037781,20.940049,87.221582
1176,89.700000,-33.020772,59.741265,17.913985,-70.530072,-2.254170,79.141523,-13.475235,28.788642,88.844390
1177,89.700000,-31.706693,61.198149,14.866530,-72.734104,2.535870,81.519332,-19.842366,36.398444,89.625202
1178,89.700000,-30.384791,62.625438,11.801323,-74.816835,7.318678,83.606779,-26.105944,43.706336,89.556619
1179,89.700000,-29.055392,64.022442,8.722024,-76.774792,12.080616,85.396430,-32.233282,50.651702,88.639290
1180,89.700000,-27.718824,65.388486,5.632310,-78.604709,16.808104,86.881910,-38.192402,57.176932,86.881910
1181,89.700000,-26.375417,66.722908,2.535870,-80.303535,21.487662,88.057927,-43.952206,63.227902,84.301132
1182,89.700000,-25.025502,68.025064,-0.563598,-81.868435,26.105944,88.920295,-49.482635,68.754423,80.921416
1183,89.700000,-23.669413,69.294323,-3.662393,-83.296802,30.649782,89.465939,-54.754825,73.710653,76.774792
1184,89.700000,-22.307483,70.530072,-6.756814,-84.586251,35.106218,89.692918,-59.741265,78.055483,71.900559
1185,89.700000,-20.940049,71.731714,-9.843168,-85.734633,39.462544,89.600422,-64.415929,81.752874,66.344909
1186,89.700000,-19.567449,72.898667,-12.917767,-86.740033,43.706336,89.188781,-68.754423,84.772158,60.160496
1187,89.700000,-18.190020,74.030366,-15.976942,-87.600774,47.825494,88.459461,-72.734104,87.088291,53.405930
1188,89.700000,-16.808104,75.126265,-19.017038,-88.315421,51.808271,87.415060,-76.334205,88.682062,46.145226
1189,89.700000,-15.422040,76.185834,-22.034426,-88.882781,55.643310,86.059299,-79.535937,89.540250,38.447195
1190,89.700000,-14.032172,77.208560,-25.025502,-89.301908,59.319674,84.397005,-82.322590,89.655738,30.384791
1191,89.700000,-12.638841,78.193948,-27.986696,-89.572104,62.826880,82.434100,-84.679622,89.027569,22.034426
1192,89.700000,-11.242391,79.141523,-30.914470,-89.692918,66.154927,80.177576,-86.594733,87.660951,13.475235
1193,89.700000,-9.843168,80.050826,-33.805330,-89.664148,69.294323,77.635469,-88.057927,85.567221,4.788338
1194,89.700000,-8.441516,80.921416,-36.655822,-89.485842,72.236117,74.816835,-89.061570,82.763745,-3.943940
1195,89.700000,-7.037781,81.752874,-39.462544,-89.158298,74.971920,71.731714,-89.600422,79.273777,-12.638841
1196,89.700000,-5.632310,82.544797,-42.222143,-88.682062,77.493931,68.391093,-89.671672,75.126265,-21.213960
1197,89.700000,-4.225449,83.296802,-44.931324,-88.057927,79.794956,64.806872,-89.274948,70.355611,-29.588031
1198,89.700000,-2.817545,84.008525,-47.586853,-87.286936,81.868435,60.991818,-88.412320,65.001386,-37.681690
1199,89.700000,-1.408946,84.679622,-50.185559,-86.370374,83.708456,56.959519,-87.088291,59.108000,-45.418232
1200,89.700000,0.000000,85.309770,-52.724337,-85.309770,85.309770,52.724337,-85.309770,52.724337,-52.724337
1201,89.700000,1.408946,85.898662,-55.200157,-84.106891,86.667811,48.301358,-83.086038,45.903347,-59.530763
1202,89.700000,2.817545,86.446014,-57.610063,-82.763745,87.778707,43.706336,-80.428701,38.701607,-65.773005
1203,89.700000,4.225449,86.951562,-59.951176,-81.282571,88.639290,38.955638,-77.351627,31.178853,-71.391902
1204,89.700000,5.632310,87.415060,-62.220702,-79.665839,89.247106,34.066185,-73.870874,23.397483,-76.334205
1205,89.700000,7.037781,87.836286,-64.415929,-77.916247,89.600422,29.055392,-70.004608,15.422040,-80.553074
1206,89.700000,8.441516,88.215035,-66.534237,-76.036711,89.698229,23.941108,-65.773005,7.318678,-84.008525
1207,89.700000,9.843168,88.551124,-68.573096,-74.030366,89.540250,18.741549,-61.198149,-0.845390,-86.667811
1208,89.700000,11.242391,88.844390,-70.530072,-71.900559,89.126935,13.475235,-56.303915,-9.002446,-88.505729
1209,89.700000,12.638841,89.094692,-72.402828,-69.650840,88.459461,8.160924,-51.115845,-17.084830,-89.504861
1210,89.700000,14.032172,89.301908,-74.189128,-67.284963,87.539734,2.817545,-45.661015,-25.025502,-89.655738
1211,89.700000,15.422040,89.465939,-75.886837,-64.806872,86.370374,-2.535870,-39.967891,-32.758598,-88.956931
1212,89.700000,16.808104,89.586705,-77.493931,-62.220702,84.954718,-7.880252,-34.066185,-40.219974,-87.415060
1213,89.700000,18.190020,89.664148,-79.008488,-59.530763,83.296802,-13.196566,-27.986696,-47.347742,-85.044741
1214,89.700000,19.567449,89.698229,-80.428701,-56.741544,81.401353,-18.465876,-21.761151,-54.082780,-81.868435
1215,89.700000,20.940049,89.688934,-81.752874,-53.857694,79.273777,-23.669413,-15.422040,-60.369222,-77.916247
1216,89.700000,22.307483,89.636266,-82.979425,-50.884025,76.920141,-28.788642,-9.002446,-66.154927,-73.225631
1217,89.700000,23.669413,89.540250,-84.106891,-47.825494,74.347157,-33.805330,-2.535870,-71.391902,-67.841041
1218,89.700000,25.025502,89.400934,-85.133924,-44.687204,71.562161,-38.701607,3.943940,-76.036711,-61.813509
1219,89.700000,26.375417,89.218384,-86.059299,-41.474387,68.573096,-43.460035,10.403168,-80.050826,-55.200157
1220,89.700000,27.718824,88.992689,-86.881910,-38.192402,65.388486,-48.063664,16.808104,-83.400951,-48.063664
1221,89.700000,29.055392,88.723958,-87.600774,-34.846723,62.017411,-52.496096,23.125323,-86.059299,-40.471661
1222,89.700000,30.384791,88.412320,-88.215035,-31.442929,58.469485,-56.741544,29.321856,-88.003819,-32.496100
1223,89.700000,31.706693,88.057927,-88.723958,-27.986696,54.754825,-60.784885,35.365366,-89.218384,-24.212568
1224,89.700000,33.020772,87.660951,-89.126935,-24.483789,50.884025,-64.611720,41.224313,-89.692918,-15.699568
1225,89.700000,34.326704,87.221582,-89.423485,-20.940049,46.868121,-68.208415,46.868121,-89.423485,-7.037781
1226,89.700000,35.624166,86.740033,-89.613254,-17.361387,42.718567,-71.562161,52.267336,-88.412320,1.690705
1227,89.700000,36.912838,86.216538,-89.696016,-13.753771,38.447195,-74.661012,57.393781,-86.667811,10.403168
1228,89.700000,38.192402,85.651350,-89.671672,-10.123218,34.066185,-77.493931,62.220702,-84.204427,19.017038
1229,89.700000,39.462544,85.044741,-89.540250,-6.475781,29.588031,-80.050826,66.722908,-81.042601,27.450680
1230,89.700000,40.722948,84.397005,-89.301908,-2.817545,25.025502,-82.322590,70.876905,-77.208560,35.624166
1231,89.700000,41.973304,83.708456,-88.956931,0.845390,20.391610,-84.301132,74.661012,-72.734104,43.460035
1232,89.700000,43.213305,82.979425,-88.505729,4.506915,15.699568,-85.979404,78.055483,-67.656349,50.884025
1233,89.700000,44.442643,82.210267,-87.948843,8.160924,10.962757,-87.351430,81.042601,-62.017411,57.825777
1234,89.700000,45.661015,81.401353,-87.286936,11.801323,6.194684,-88.412320,83.606779,-55.864064,64.219503
1235,89.700000,46.868121,80.553074,-86.520800,15.422040,1.408946,-89.158298,85.734633,-49.247347,70.004608
1236,89.700000,48.063664,79.665839,-85.651350,19.017038,-3.380809,-89.586705,87.415060,-42.222143,75.126265
1237,89.700000,49.247347,78.740080,-84.679622,22.580320,-8.160924,-89.696016,88.639290,-34.846723,79.535937
1238,89.700000,50.418879,77.776242,-83.606779,26.105944,-12.917767,-89.485842,89.400934,-27.182264,83.191830
1239,89.700000,51.577971,76.774792,-82.434100,29.588031,-17.637773,-88.956931,89.696016,-19.292338,86.059299
1240,89.700000,52.724337,75.736215,-81.162987,33.020772,-22.307483,-88.111166,89.522998,-11.242391,88.111166
1241,89.700000,53.857694,74.661012,-79.794956,36.398444,-26.913580,-86.951562,88.882781,-3.099193,89.327987
1242,89.700000,54.977763,73.549704,-78.331642,39.715413,-31.442929,-85.482247,87.778707,5.069713,89.698229
1243,89.700000,56.084266,72.402828,-76.774792,42.966148,-35.882614,-83.708456,86.216538,13.196566,89.218384
1244,89.700000,57.176932,71.220939,-75.126265,46.145226,-40.219974,-81.636506,84.204427,21.213960,87.892998
1245,89.700000,58.255490,70.004608,-73.388030,49.247347,-44.442643,-79.273777,81.752874,29.055392,85.734633
1246,89.700000,59.319674,68.754423,-71.562161,52.267336,-48.538576,-76.628686,78.874673,36.655822,82.763745
1247,89.700000,60.369222,67.470989,-69.650840,55.200157,-52.496096,-73.710653,75.584845,43.952206,79.008488
1248,89.700000,61.403875,66.154927,-67.656349,58.040920,-56.303915,-70.530072,71.900559,50.884025,74.504452
1249,89.700000,62.423378,64.806872,-65.581069,60.784885,-59.951176,-67.098273,67.841041,57.393781,69.294323
1250,89.700000,63.427478,63.427478,-63.427478,63.427478,-63.427478,-63.427478,63.427478,63.427478,63.427478
1251,89.700000,64.415929,62.017411,-61.198149,65.964291,-66.722908,-59.530763,58.682903,68.935070,56.959519
1252,89.700000,65.388486,60.577353,-58.895742,68.391093,-69.828068,-55.422007,53.632077,73.870874,49.951743
1253,89.700000,66.344909,59.108000,-56.523008,70.703837,-72.734104,-51.115845,48.301358,78.193948,42.470564
1254,89.700000,67.284963,57.610063,-54.082780,72.898667,-75.432729,-46.627616,42.718567,81.868435,34.586884
1255,89.700000,68.208415,56.084266,-51.577971,74.971920,-77.916247,-41.973304,36.912838,84.863857,26.375417
1256,89.700000,69.115038,54.531348,-49.011573,76.920141,-80.177576,-37.169490,30.914470,87.155366,17.913985
1257,89.700000,70.004608,52.952058,-46.386650,78.740080,-82.210267,-32.233282,24.754768,88.723958,9.282779
1258,89.700000,70.876905,51.347162,-43.706336,80.428701,-84.008525,-27.182264,18.465876,89.556619,0.563598
1259,89.700000,71.731714,49.717434,-40.973833,81.983189,-85.567221,-22.034426,12.080616,89.646444,-8.160924
1260,89.700000,72.568824,48.063664,-38.192402,83.400951,-86.881910,-16.808104,5.632310,88.992689,-16.808104
1261,89.700000,73.388030,46.386650,-35.365366,84.679622,-87.948843,-11.521914,-0.845390,87.600774,-25.295990
1262,89.700000,74.189128,44.687204,-32.496100,85.817071,-88.764978,-6.194684,-7.318678,85.482247,-33.544141
1263,89.700000,74.971920,42.966148,-29.588031,86.811400,-89.327987,-0.845390,-13.753771,82.654679,-41.474387
1264,89.700000,75.736215,41.224313,-26.644630,87.660951,-89.636266,4.506915,-20.117087,79.141523,-49.011573
1265,89.700000,76.481823,39.462544,-23.669413,88.364307,-89.688934,9.843168,-26.375417,74.971920,-56.084266
1266,89.700000,77.208560,37.681690,-20.665932,88.920295,-89.485842,15.144360,-32.496100,70.180456,-62.625438
1267,89.700000,77.916247,35.882614,-17.637773,89.327987,-89.027569,20.391610,-38.447195,64.806872,-68.573096
1268,89.700000,78.604709,34.066185,-14.588554,89.586705,-88.315421,25.566228,-44.197643,58.895742,-73.870874
1269,89.700000,79.273777,32.233282,-11.521914,89.696016,-87.351430,30.649782,-49.717434,52.496096,-78.468563
1270,89.700000,79.923285,30.384791,-8.441516,89.655738,-86.138344,35.624166,-54.977763,45.661015,-82.322590
1271,89.700000,80.553074,28.521607,-5.351037,89.465939,-84.679622,40.471661,-59.951176,38.447195,-85.396430
1272,89.700000,81.162987,26.644630,-2.254170,89.126935,-82.979425,45.175001,-64.611720,30.914470,-87.660951
1273,89.700000,81.752874,24.754768,0.845390,88.639290,-81.042601,49.717434,-68.935070,23.125323,-89.094692
1274,89.700000,82.322590,22.852934,3.943940,88.003819,-78.874673,54.082780,-72.898667,15.144360,-89.684065
1275,89.700000,82.871994,20.940049,7.037781,87.221582,-76.481823,58.255490,-76.481823,7.037781,-89.423485
1276,89.700000,83.400951,19.017038,10.123218,86.293882,-73.870874,62.220702,-79.665839,-1.127174,-88.315421
1277,89.700000,83.909330,17.084830,13.196566,85.222267,-71.049272,65.964291,-82.434100,-9.282779,-86.370374
1278,89.700000,84.397005,15.144360,16.254157,84.008525,-68.025064,69.472924,-84.772158,-17.361387,-83.606779
1279,89.700000,84.863857,13.196566,19.292338,82.654679,-64.806872,72.734104,-86.667811,-25.295990,-80.050826
1280,89.700000,85.309770,11.242391,22.307483,81.162987,-61.403875,75.736215,-88.111166,-33.020772,-75.736215
1281,89.700000,85.734633,9.282779,25.295990,79.535937,-57.825777,78.468563,-89.094692,-40.471661,-70.703837
1282,89.700000,86.138344,7.318678,28.254291,77.776242,-54.082780,80.921416,-89.613254,-47.586853,-65.001386
1283,89.700000,86.520800,5.351037,31.178853,75.886837,-50.185559,83.086038,-89.664148,-54.307332,-58.682903
1284,89.700000,86.881910,3.380809,34.066185,73.870874,-46.145226,84.954718,-89.247106,-60.577353,-51.808271
1285,89.700000,87.221582,1.408946,36.912838,71.731714,-41.973304,86.520800,-88.364307,-66.344909,-44.442643
1286,89.700000,87.539734,-0.563598,39.715413,69.472924,-37.681690,87.778707,-87.020356,-71.562161,-36.655822
1287,89.700000,87.836286,-2.535870,42.470564,67.098273,-33.282621,88.723958,-85.222267,-76.185834,-28.521607
1288,89.700000,88.111166,-4.506915,45.175001,64.611720,-28.788642,89.353185,-82.979425,-80.177576,-20.117087
1289,89.700000,88.364307,-6.475781,47.825494,62.017411,-24.212568,89.664148,-80.303535,-83.504277,-11.521914
1290,89.700000,88.595644,-8.441516,50.418879,59.319674,-19.567449,89.655738,-77.208560,-86.138344,-2.817545
1291,89.700000,88.805122,-10.403168,52.952058,56.523008,-14.866530,89.327987,-73.710653,-88.057927,5.913526
1292,89.700000,88.992689,-12.359789,55.422007,53.632077,-10.123218,88.682062,-69.828068,-89.247106,14.588554
1293,89.700000,89.158298,-14.310433,57.825777,50.651702,-5.351037,87.720262,-65.581069,-89.696016,23.125323
1294,89.700000,89.301908,-16.254157,60.160496,47.586853,-0.563598,86.446014,-60.991818,-89.400934,31.442929
1295,89.700000,89.423485,-18.190020,62.423378,44.442643,4.225449,84.863857,-56.084266,-88.364307,39.462544
1296,89.700000,89.522998,-20.117087,64.611720,41.224313,9.002446,82.979425,-50.884025,-86.594733,47.108164
1297,89.700000,89.600422,-22.034426,66.722908,37.937233,13.753771,80.799432,-45.418232,-84.106891,54.307332
1298,89.700000,89.655738,-23.941108,68.754423,34.586884,18.465876,78.331642,-39.715413,-80.921416,60.991818
1299,89.700000,89.688934,-25.836214,70.703837,31.178853,23.125323,75.584845,-33.805330,-77.064731,67.098273
1300,89.700000,89.700000,-27.718824,72.568824,27.718824,27.718824,72.568824,-27.718824,-72.568824,72.568824
1301,89.700000,89.688934,-29.588031,74.347157,24.212568,32.233282,69.294323,-21.487662,-67.470989,77.351627
1302,89.700000,89.655738,-31.442929,76.036711,20.665932,36.655822,65.773005,-15.144360,-61.813509,81.401353
1303,89.700000,89.600422,-33.282621,77.635469,17.084830,40.973833,62.017411,-8.722024,-55.643310,84.679622
1304,89.700000,89.522998,-35.106218,79.141523,13.475235,45.175001,58.040920,-2.254170,-49.011573,87.155366
1305,89.700000,89.423485,-36.912838,80.553074,9.843168,49.247347,53.857694,4.225449,-41.973304,88.805122
1306,89.700000,89.301908,-38.701607,81.868435,6.194684,53.179257,49.482635,10.683015,-34.586884,89.613254
1307,89.700000,89.158298,-40.471661,83.086038,2.535870,56.959519,44.931324,17.084830,-26.913580,89.572104
1308,89.700000,88.992689,-42.222143,84.204427,-1.127174,60.577353,40.219974,23.397483,-19.017038,88.682062
1309,89.700000,88.805122,-43.952206,85.222267,-4.788338,64.022442,35.365366,29.588031,-10.962757,86.951562
1310,89.700000,88.595644,-45.661015,86.138344,-8.441516,67.284963,30.384791,35.624166,-2.817545,84.397005
1311,89.700000,88.364307,-47.347742,86.951562,-12.080616,70.355611,25.295990,41.474387,5.351037,81.042601
1312,89.700000,88.111166,-49.011573,87.660951,-15.699568,73.225631,20.117087,47.108164,13.475235,76.920141
1313,89.700000,87.836286,-50.651702,88.265663,-19.292338,75.886837,14.866530,52.496096,21.487662,72.068694
1314,89.700000,87.539734,-52.267336,88.764978,-22.852934,78.331642,9.563021,57.610063,29.321856,66.534237
1315,89.700000,87.221582,-53.857694,89.158298,-26.375417,80.553074,4.225449,62.423378,36.912838,60.369222
1316,89.700000,86.881910,-55.422007,89.445153,-29.853913,82.544797,-1.127174,66.910921,44.197643,53.632077
1317,89.700000,86.520800,-56.959519,89.625202,-33.282621,84.301132,-6.475781,71.049272,51.115845,46.386650
1318,89.700000,86.138344,-58.469485,89.698229,-36.655822,85.817071,-11.801323,74.816835,57.610063,38.701607
1319,89.700000,85.734633,-59.951176,89.664148,-39.967891,87.088291,-17.084830,78.193948,63.626428,30.649782
1320,89.700000,85.309770,-61.403875,89.522998,-43.213305,88.111166,-22.307483,81.162987,69.115038,22.307483
1321,89.700000,84.863857,-62.826880,89.274948,-46.386650,88.882781,-27.450680,83.708456,74.030366,13.753771
1322,89.700000,84.397005,-64.219503,88.920295,-49.482635,89.400934,-32.496100,85.817071,78.331642,5.069713
1323,89.700000,83.909330,-65.581069,88.459461,-52.496096,89.664148,-37.425774,87.477829,81.983189,-3.662393
1324,89.700000,83.400951,-66.910921,87.892998,-55.422007,89.671672,-42.222143,88.682062,84.954718,-12.359789
1325,89.700000,82.871994,-68.208415,87.221582,-58.255490,89.423485,-46.868121,89.423485,87.221582,-20.940049
1326,89.700000,82.322590,-69.472924,86.446014,-60.991818,88.920295,-51.347162,89.698229,88.764978,-29.321856
1327,89.700000,81.752874,-70.703837,85.567221,-63.626428,88.163536,-55.643310,89.504861,89.572104,-37.425774
1328,89.700000,81.162987,-71.900559,84.586251,-66.154927,87.155366,-59.741265,88.844390,89.636266,-45.175001
1329,89.700000,80.553074,-73.062509,83.504277,-68.573096,85.898662,-63.626428,87.720262,88.956931,-52.496096
1330,89.700000,79.923285,-74.189128,82.322590,-70.876905,84.397005,-67.284963,86.138344,87.539734,-59.319674
1331,89.700000,79.273777,-75.279869,81.042601,-73.062509,82.654679,-70.703837,84.106891,85.396430,-65.581069
1332,89.700000,78.604709,-76.334205,79.665839,-75.126265,80.676651,-73.870874,81.636506,82.544797,-71.220939
1333,89.700000,77.916247,-77.351627,78.193948,-77.064731,78.468563,-76.774792,78.740080,79.008488,-76.185834
1334,89.700000,77.208560,-78.331642,76.628686,-78.874673,76.036711,-79.405249,75.432729,74.816835,-80.428701
1335,89.700000,76.481823,-79.273777,74.971920,-80.553074,73.388030,-81.752874,71.731714,70.004608,-83.909330
1336,89.700000,75.736215,-80.177576,73.225631,-82.097133,70.530072,-83.809306,67.656349,64.611720,-86.594733
1337,89.700000,74.971920,-81.042601,71.391902,-83.504277,67.470989,-85.567221,63.227902,58.682903,-88.459461
1338,89.700000,74.189128,-81.868435,69.472924,-84.772158,64.219503,-87.020356,58.469485,52.267336,-89.485842
1339,89.700000,73.388030,-82.654679,67.470989,-85.898662,60.784885,-88.163536,53.405930,45.418232,-89.664148
1340,89.700000,72.568824,-83.400951,65.388486,-86.881910,57.176932,-88.992689,48.063664,38.192402,-88.992689
1341,89.700000,71.731714,-84.106891,63.227902,-87.720262,53.405930,-89.504861,42.470564,30.649782,-87.477829
1342,89.700000,70.876905,-84.772158,60.991818,-88.412320,49.482635,-89.698229,36.655822,22.852934,-85.133924
1343,89.700000,70.004608,-85.396430,58.682903,-88.956931,45.418232,-89.572104,30.649782,14.866530,-81.983189
1344,89.700000,69.115038,-85.979404,56.303915,-89.353185,41.224313,-89.126935,24.483789,6.756814,-78.055483
1345,89.700000,68.208415,-86.520800,53.857694,-89.600422,36.912838,-88.364307,18.190020,-1.408946,-73.388030
1346,89.700000,67.284963,-87.020356,51.347162,-89.698229,32.496100,-87.286936,11.801323,-9.563021,-68.025064
1347,89.700000,66.344909,-87.477829,48.775315,-89.646444,27.986696,-85.898662,5.351037,-17.637773,-62.017411
1348,89.700000,65.388486,-87.892998,46.145226,-89.445153,23.397483,-84.204427,-1.127174,-25.566228,-55.422007
1349,89.700000,64.415929,-88.265663,43.460035,-89.094692,18.741549,-82.210267,-7.599503,-33.282621,-48.301358
1350,89.700000,63.427478,-88.595644,40.722948,-88.595644,14.032172,-79.923285,-14.032172,-40.722948,-40.722948
1351,89.700000,62.423378,-88.882781,37.937233,-87.948843,9.282779,-77.351627,-20.391610,-47.825494,-32.758598
1352,89.700000,61.403875,-89.126935,35.106218,-87.155366,4.506915,-74.504452,-26.644630,-54.531348,-24.483789
1353,89.700000,60.369222,-89.327987,32.233282,-86.216538,-0.281800,-71.391902,-32.758598,-60.784885,-15.976942
1354,89.700000,59.319674,-89.485842,29.321856,-85.133924,-5.069713,-68.025064,-38.701607,-66.534237,-7.318678
1355,89.700000,58.255490,-89.600422,26.375417,-83.909330,-9.843168,-64.415929,-44.442643,-71.731714,1.408946
1356,89.700000,57.176932,-89.671672,23.397483,-82.544797,-14.588554,-60.577353,-49.951743,-76.334205,10.123218
1357,89.700000,56.084266,-89.699557,20.391610,-81.042601,-19.292338,-56.523008,-55.200157,-80.303535,18.741549
1358,89.700000,54.977763,-89.684065,17.361387,-79.405249,-23.941108,-52.267336,-60.160496,-83.606779,27.182264
1359,89.700000,53.857694,-89.625202,14.310433,-77.635469,-28.521607,-47.825494,-64.806872,-86.216538,35.365366
1360,89.700000,52.724337,-89.522998,11.242391,-75.736215,-33.020772,-43.213305,-69.115038,-88.111166,43.213305
1361,89.700000,51.577971,-89.377500,8.160924,-73.710653,-37.425774,-38.447195,-73.062509,-89.274948,50.651702
1362,89.700000,50.418879,-89.188781,5.069713,-71.562161,-41.724052,-33.544141,-76.628686,-89.698229,57.610063
1363,89.700000,49.247347,-88.956931,1.972447,-69.294323,-45.903347,-28.521607,-79.794956,-89.377500,64.022442
1364,89.700000,48.063664,-88.682062,-1.127174,-66.910921,-49.951743,-23.397483,-82.544797,-88.315421,69.828068
1365,89.700000,46.868121,-88.364307,-4.225449,-64.415929,-53.857694,-18.190020,-84.863857,-86.520800,74.971920
1366,89.700000,45.661015,-88.003819,-7.318678,-61.813509,-57.610063,-12.917767,-86.740033,-84.008525,79.405249
1367,89.700000,44.442643,-87.600774,-10.403168,-59.108000,-61.198149,-7.599503,-88.163536,-80.799432,83.086038
1368,89.700000,43.213305,-87.155366,-13.475235,-56.303915,-64.611720,-2.254170,-89.126935,-76.920141,85.979404
1369,89.700000,41.973304,-86.667811,-16.531212,-53.405930,-67.841041,3.099193,-89.625202,-72.402828,88.057927
1370,89.700000,40.722948,-86.138344,-19.567449,-50.418879,-70.876905,8.441516,-89.655738,-67.284963,89.301908
1371,89.700000,39.462544,-85.567221,-22.580320,-47.347742,-73.710653,13.753771,-89.218384,-61.608996,89.699557
1372,89.700000,38.192402,-84.954718,-25.566228,-44.197643,-76.334205,19.017038,-88.315421,-55.422007,89.247106
1373,89.700000,36.912838,-84.301132,-28.521607,-40.973833,-78.740080,24.212568,-86.951562,-48.775315,87.948843
1374,89.700000,35.624166,-83.606779,-31.442929,-37.681690,-80.921416,29.321856,-85.133924,-41.724052,85.817071
1375,89.700000,34.326704,-82.871994,-34.326704,-34.326704,-82.871994,34.326704,-82.871994,-34.326704,82.871994
1376,89.700000,33.020772,-82.097133,-37.169490,-30.914470,-84.586251,39.209284,-80.177576,-26.644630,79.141523
1377,89.700000,31.706693,-81.282571,-39.967891,-27.450680,-86.059299,43.952206,-77.064731,-18.741549,74.661012
1378,89.700000,30.384791,-80.428701,-42.718567,-23.941108,-87.286936,48.538576,-73.549704,-10.683015,69.472924
1379,89.700000,29.055392,-79.535937,-45.418232,-20.391610,-88.265663,52.952058,-69.650840,-2.535870,63.626428
1380,89.700000,27.718824,-78.604709,-48.063664,-16.808104,-88.992689,57.176932,-65.388486,5.632310,57.176932
1381,89.700000,26.375417,-77.635469,-50.651702,-13.196566,-89.465939,61.198149,-60.784885,13.753771,50.185559
1382,89.700000,25.025502,-76.628686,-53.179257,-9.563021,-89.684065,65.001386,-55.864064,21.761151,42.718567
1383,89.700000,23.669413,-75.584845,-55.643310,-5.913526,-89.646444,68.573096,-50.651702,29.588031,34.846723
1384,89.700000,22.307483,-74.504452,-58.040920,-2.254170,-89.353185,71.900559,-45.175001,37.169490,26.644630
1385,89.700000,20.940049,-73.388030,-60.369222,1.408946,-88.805122,74.971920,-39.462544,44.442643,18.190020
1386,89.700000,19.567449,-72.236117,-62.625438,5.069713,-88.003819,77.776242,-33.544141,51.347162,9.563021
1387,89.700000,18.190020,-71.049272,-64.806872,8.722024,-86.951562,80.303535,-27.450680,57.825777,0.845390
1388,89.700000,16.808104,-69.828068,-66.910921,12.359789,-85.651350,82.544797,-21.213960,63.824750,-7.880252
1389,89.700000,15.422040,-68.573096,-68.935070,15.976942,-84.106891,84.492045,-14.866530,69.294323,-16.531212
1390,89.700000,14.032172,-67.284963,-70.876905,19.567449,-82.322590,86.138344,-8.441516,74.189128,-25.025502
1391,89.700000,12.638841,-65.964291,-72.734104,23.125323,-80.303535,87.477829,-1.972447,78.468563,-33.282621
1392,89.700000,11.242391,-64.611720,-74.504452,26.644630,-78.055483,88.505729,4.506915,82.097133,-41.224313
1393,89.700000,9.843168,-63.227902,-76.185834,30.119501,-75.584845,89.218384,10.962757,85.044741,-48.775315
1394,89.700000,8.441516,-61.813509,-77.776242,33.544141,-72.898667,89.613254,17.361387,87.286936,-55.864064
1395,89.700000,7.037781,-60.369222,-79.273777,36.912838,-70.004608,89.688934,23.669413,88.805122,-62.423378
1396,89.700000,5.632310,-58.895742,-80.676651,40.219974,-66.910921,89.445153,29.853913,89.586705,-68.391093
1397,89.700000,4.225449,-57.393781,-81.983189,43.460035,-63.626428,88.882781,35.882614,89.625202,-73.710653
1398,89.700000,2.817545,-55.864064,-83.191830,46.627616,-60.160496,88.003819,41.724052,88.920295,-78.331642
1399,89.700000,1.408946,-54.307332,-84.301132,49.717434,-56.523008,86.811400,47.347742,87.477829,-82.210267
1400,89.700000,0.000000,-52.724337,-85.309770,52.724337,-52.724337,85.309770,52.724337,85.309770,-85.309770
1401,89.700000,-1.408946,-51.115845,-86.216538,55.643310,-48.775315,83.504277,57.825777,82.434100,-87.600774
1402,89.700000,-2.817545,-49.482635,-87.020356,58.469485,-44.687204,81.401353,62.625438,78.874673,-89.061570
1403,89.700000,-4.225449,-47.825494,-87.720262,61.198149,-40.471661,79.008488,67.098273,74.661012,-89.678311
1404,89.700000,-5.632310,-46.145226,-88.315421,63.824750,-36.140707,76.334205,71.220939,69.828068,-89.445153
1405,89.700000,-7.037781,-44.442643,-88.805122,66.344909,-31.706693,73.388030,74.971920,64.415929,-88.364307
1406,89.700000,-8.441516,-42.718567,-89.188781,68.754423,-27.182264,70.180456,78.331642,58.469485,-86.446014
1407,89.700000,-9.843168,-40.973833,-89.465939,71.049272,-22.580320,66.722908,81.282571,52.038061,-83.708456
1408,89.700000,-11.242391,-39.209284,-89.636266,73.225631,-17.913985,63.027702,83.809306,45.175001,-80.177576
1409,89.700000,-12.638841,-37.425774,-89.699557,75.279869,-13.196566,59.108000,85.898662,37.937233,-75.886837
1410,89.700000,-14.032172,-35.624166,-89.655738,77.208560,-8.441516,54.977763,87.539734,30.384791,-70.876905
1411,89.700000,-15.422040,-33.805330,-89.504861,79.008488,-3.662393,50.651702,88.723958,22.580320,-65.195258
1412,89.700000,-16.808104,-31.970146,-89.247106,80.676651,1.127174,46.145226,89.445153,14.588554,-58.895742
1413,89.700000,-18.190020,-30.119501,-88.882781,82.210267,5.913526,41.474387,89.699557,6.475781,-52.038061
1414,89.700000,-19.567449,-28.254291,-88.412320,83.606779,10.683015,36.655822,89.485842,-1.690705,-44.687204
1415,89.700000,-20.940049,-26.375417,-87.836286,84.863857,15.422040,31.706693,88.805122,-9.843168,-36.912838
1416,89.700000,-22.307483,-24.483789,-87.155366,85.979404,20.117087,26.644630,87.660951,-17.913985,-28.788642
1417,89.700000,-23.669413,-22.580320,-86.370374,86.951562,24.754768,21.487662,86.059299,-25.836214,-20.391610
1418,89.700000,-25.025502,-20.665932,-85.482247,87.778707,29.321856,16.254157,84.008525,-33.544141,-11.801323
1419,89.700000,-26.375417,-18.741549,-84.492045,88.459461,33.805330,10.962757,81.519332,-40.973833,-3.099193
1420,89.700000,-27.718824,-16.808104,-83.400951,88.992689,38.192402,5.632310,78.604709,-48.063664,5.632310
1421,89.700000,-29.055392,-14.866530,-82.210267,89.377500,42.470564,0.281800,75.279869,-54.754825,14.310433
1422,89.700000,-30.384791,-12.917767,-80.921416,89.613254,46.627616,-5.069713,71.562161,-60.991818,22.852934
1423,89.700000,-31.706693,-10.962757,-79.535937,89.699557,50.651702,-10.403168,67.470989,-66.722908,31.178853
1424,89.700000,-33.020772,-9.002446,-78.055483,89.636266,54.531348,-15.699568,63.027702,-71.900559,39.209284
1425,89.700000,-34.326704,-7.037781,-76.481823,89.423485,58.255490,-20.940049,58.255490,-76.481823,46.868121
1426,89.700000,-35.624166,-5.069713,-74.816835,89.061570,61.813509,-26.105944,53.179257,-80.428701,54.082780
1427,89.700000,-36.912838,-3.099193,-73.062509,88.551124,65.195258,-31.178853,47.825494,-83.708456,60.784885
1428,89.700000,-38.192402,-1.127174,-71.220939,87.892998,68.391093,-36.140707,42.222143,-86.293882,66.910921
1429,89.700000,-39.462544,0.845390,-69.294323,87.088291,71.391902,-40.973833,36.398444,-88.163536,72.402828
1430,89.700000,-40.722948,2.817545,-67.284963,86.138344,74.189128,-45.661015,30.384791,-89.301908,77.208560
1431,89.700000,-41.973304,4.788338,-65.195258,85.044741,76.774792,-50.185559,24.212568,-89.699557,81.282571
1432,89.700000,-43.213305,6.756814,-63.027702,83.809306,79.141523,-54.531348,17.913985,-89.353185,84.586251
1433,89.700000,-44.442643,8.722024,-60.784885,82.434100,81.282571,-58.682903,11.521914,-88.265663,87.088291
1434,89.700000,-45.661015,10.683015,-58.469485,80.921416,83.191830,-62.625438,5.069713,-86.446014,88.764978
1435,89.700000,-46.868121,12.638841,-56.084266,79.273777,84.863857,-66.344909,-1.408946,-83.909330,89.600422
1436,89.700000,-48.063664,14.588554,-53.632077,77.493931,86.293882,-69.828068,-7.880252,-80.676651,89.586705
1437,89.700000,-49.247347,16.531212,-51.115845,75.584845,87.477829,-73.062509,-14.310433,-76.774792,88.723958
1438,89.700000,-50.418879,18.465876,-48.538576,73.549704,88.412320,-76.036711,-20.665932,-72.236117,87.020356
1439,89.700000,-51.577971,20.391610,-45.903347,71.391902,89.094692,-78.740080,-26.913580,-67.098273,84.492045
1440,89.700000,-52.724337,22.307483,-43.213305,69.115038,89.522998,-81.162987,-33.020772,-61.403875,81.162987
1441,89.700000,-53.857694,24.212568,-40.471661,66.722908,89.696016,-83.296802,-38.955638,-55.200157,77.064731
1442,89.700000,-54.977763,26.105944,-37.681690,64.219503,89.613254,-85.133924,-44.687204,-48.538576,72.236117
1443,89.700000,-56.084266,27.986696,-34.846723,61.608996,89.274948,-86.667811,-50.185559,-41.474387,66.722908
1444,89.700000,-57.176932,29.853913,-31.970146,58.895742,88.682062,-87.892998,-55.422007,-34.066185,60.577353
1445,89.700000,-58.255490,31.706693,-29.055392,56.084266,87.836286,-88.805122,-60.369222,-26.375417,53.857694
1446,89.700000,-59.319674,33.544141,-26.105944,53.179257,86.740033,-89.400934,-65.001386,-18.465876,46.627616
1447,89.700000,-60.369222,35.365366,-23.125323,50.185559,85.396430,-89.678311,-69.294323,-10.403168,38.955638
1448,89.700000,-61.403875,37.169490,-20.117087,47.108164,83.809306,-89.636266,-73.225631,-2.254170,30.914470
1449,89.700000,-62.423378,38.955638,-17.084830,43.952206,81.983189,-89.274948,-76.774792,5.913526,22.580320
1450,89.700000,-63.427478,40.722948,-14.032172,40.722948,79.923285,-88.595644,-79.923285,14.032172,14.032172
1451,89.700000,-64.415929,42.470564,-10.962757,37.425774,77.635469,-87.600774,-82.654679,22.034426,5.351037
1452,89.700000,-65.388486,44.197643,-7.880252,34.066185,75.126265,-86.293882,-84.954718,29.853913,-3.380809
1453,89.700000,-66.344909,45.903347,-4.788338,30.649782,72.402828,-84.679622,-86.811400,37.425774,-12.080616
1454,89.700000,-67.284963,47.586853,-1.690705,27.182264,69.472924,-82.763745,-88.215035,44.687204,-20.665932
1455,89.700000,-68.208415,49.247347,1.408946,23.669413,66.344909,-80.553074,-89.158298,51.577971,-29.055392
1456,89.700000,-69.115038,50.884025,4.506915,20.117087,63.027702,-78.055483,-89.636266,58.040920,-37.169490
1457,89.700000,-70.004608,52.496096,7.599503,16.531212,59.530763,-75.279869,-89.646444,64.022442,-44.931324
1458,89.700000,-70.876905,54.082780,10.683015,12.917767,55.864064,-72.236117,-89.188781,69.472924,-52.267336
1459,89.700000,-71.731714,55.643310,13.753771,9.282779,52.038061,-68.935070,-88.265663,74.347157,-59.108000
1460,89.700000,-72.568824,57.176932,16.808104,5.632310,48.063664,-65.388486,-86.881910,78.604709,-65.388486
1461,89.700000,-73.388030,58.682903,19.842366,1.972447,43.952206,-61.608996,-85.044741,82.210267,-71.049272
1462,89.700000,-74.189128,60.160496,22.852934,-1.690705,39.715413,-57.610063,-82.763745,85.133924,-76.036711
1463,89.700000,-74.971920,61.608996,25.836214,-5.351037,35.365366,-53.405930,-80.050826,87.351430,-80.303535
1464,89.700000,-75.736215,63.027702,28.788642,-9.002446,30.914470,-49.011573,-76.920141,88.844390,-83.809306
1465,89.700000,-76.481823,64.415929,31.706693,-12.638841,26.375417,-44.442643,-73.388030,89.600422,-86.520800
1466,89.700000,-77.208560,65.773005,34.586884,-16.254157,21.761151,-39.715413,-69.472924,89.613254,-88.412320
1467,89.700000,-77.916247,67.098273,37.425774,-19.842366,17.084830,-34.846723,-65.195258,88.882781,-89.465939
1468,89.700000,-78.604709,68.391093,40.219974,-23.397483,12.359789,-29.853913,-60.577353,87.415060,-89.671672
1469,89.700000,-79.273777,69.650840,42.966148,-26.913580,7.599503,-24.754768,-55.643310,85.222267,-89.027569
1470,89.700000,-79.923285,70.876905,45.661015,-30.384791,2.817545,-19.567449,-50.418879,82.322590,-87.539734
1471,89.700000,-80.553074,72.068694,48.301358,-33.805330,-1.972447,-14.310433,-44.931324,78.740080,-85.222267
1472,89.700000,-81.162987,73.225631,50.884025,-37.169490,-6.756814,-9.002446,-39.209284,74.504452,-82.097133
1473,89.700000,-81.752874,74.347157,53.405930,-40.471661,-11.521914,-3.662393,-33.282621,69.650840,-78.193948
1474,89.700000,-82.322590,75.432729,55.864064,-43.706336,-16.254157,1.690705,-27.182264,64.219503,-73.549704
1475,89.700000,-82.871994,76.481823,58.255490,-46.868121,-20.940049,7.037781,-20.940049,58.255490,-68.208415
1476,89.700000,-83.400951,77.493931,60.577353,-49.951743,-25.566228,12.359789,-14.588554,51.808271,-62.220702
1477,89.700000,-83.909330,78.468563,62.826880,-52.952058,-30.119501,17.637773,-8.160924,44.931324,-55.643310
1478,89.700000,-84.397005,79.405249,65.001386,-55.864064,-34.586884,22.852934,-1.690705,37.681690,-48.538576
1479,89.700000,-84.863857,80.303535,67.098273,-58.682903,-38.955638,27.986696,4.788338,30.119501,-40.973833
1480,89.700000,-85.309770,81.162987,69.115038,-61.403875,-43.213305,33.020772,11.242391,22.307483,-33.020772
1481,89.700000,-85.734633,81.983189,71.049272,-64.022442,-47.347742,37.937233,17.637773,14.310433,-24.754768
1482,89.700000,-86.138344,82.763745,72.898667,-66.534237,-51.347162,42.718567,23.941108,6.194684,-16.254157
1483,89.700000,-86.520800,83.504277,74.661012,-68.935070,-55.200157,47.347742,30.119501,-1.972447,-7.599503
1484,89.700000,-86.881910,84.204427,76.334205,-71.220939,-58.895742,51.808271,36.140707,-10.123218,1.127174
1485,89.700000,-87.221582,84.863857,77.916247,-73.388030,-62.423378,56.084266,41.973304,-18.190020,9.843168
1486,89.700000,-87.539734,85.482247,79.405249,-75.432729,-65.773005,60.160496,47.586853,-26.105944,18.465876
1487,89.700000,-87.836286,86.059299,80.799432,-77.351627,-68.935070,64.022442,52.952058,-33.805330,26.913580
1488,89.700000,-88.111166,86.594733,82.097133,-79.141523,-71.900559,67.656349,58.040920,-41.224313,35.106218
1489,89.700000,-88.364307,87.088291,83.296802,-80.799432,-74.661012,71.049272,62.826880,-48.301358,42.966148
1490,89.700000,-88.595644,87.539734,84.397005,-82.322590,-77.208560,74.189128,67.284963,-54.977763,50.418879
1491,89.700000,-88.805122,87.948843,85.396430,-83.708456,-79.535937,77.064731,71.391902,-61.198149,57.393781
1492,89.700000,-88.992689,88.315421,86.293882,-84.954718,-81.636506,79.665839,75.126265,-66.910921,63.824750
1493,89.700000,-89.158298,88.639290,87.088291,-86.059299,-83.504277,81.983189,78.468563,-72.068694,69.650840
1494,89.700000,-89.301908,88.920295,87.778707,-87.020356,-85.133924,84.008525,81.401353,-76.628686,74.816835
1495,89.700000,-89.423485,89.158298,88.364307,-87.836286,-86.520800,85.734633,83.909330,-80.553074,79.273777
1496,89.700000,-89.522998,89.353185,88.844390,-88.505729,-87.660951,87.155366,85.979404,-83.809306,82.979425
1497,89.700000,-89.600422,89.504861,89.218384,-89.027569,-88.551124,88.265663,87.600774,-86.370374,85.898662
1498,89.700000,-89.655738,89.613254,89.485842,-89.400934,-89.188781,89.061570,88.764978,-88.215035,88.003819
1499,89.700000,-89.688934,89.678311,89.646444,-89.625202,-89.572104,89.540250,89.465939,-89.327987,89.274948
1500,89.700000,-89.700000,89.700000,89.700000,-89.700000,-89.700000,89.700000,89.700000,-89.700000,89.700000
1501,89.700000,-89.688934,89.678311,89.646444,-89.625202,-89.572104,89.540250,89.465939,-89.327987,89.274948
1502,89.700000,-89.655738,89.613254,89.485842,-89.400934,-89.188781,89.061570,88.764978,-88.215035,88.003819
1503,89.700000,-89.600422,89.504861,89.218384,-89.027569,-88.551124,88.265663,87.600774,-86.370374,85.898662
1504,89.700000,-89.522998,89.353185,88.844390,-88.505729,-87.660951,87.155366,85.979404,-83.809306,82.979425
1505,89.700000,-89.423485,89.158298,88.364307,-87.836286,-86.520800,85.734633,83.909330,-80.553074,79.273777
1506,89.700000,-89.301908,88.920295,87.778707,-87.020356,-85.133924,84.008525,81.401353,-76.628686,74.816835
1507,89.700000,-89.158298,88.639290,87.088291,-86.059299,-83.504277,81.983189,78.468563,-72.068694,69.650840
1508,89.700000,-88.992689,88.315421,86.293882,-84.954718,-81.636506,79.665839,75.126265,-66.910921,63.824750
1509,89.700000,-88.805122,87.948843,85.396430,-83.708456,-79.535937,77.064731,71.391902,-61.198149,57.393781
1510,89.700000,-88.595644,87.539734,84.397005,-82.322590,-77.208560,74.189128,67.284963,-54.977763,50.418879
1511,89.700000,-88.364307,87.088291,83.296802,-80.799432,-74.661012,71.049272,62.826880,-48.301358,42.966148
1512,89.700000,-88.111166,86.594733,82.097133,-79.141523,-71.900559,67.656349,58.040920,-41.224313,35.106218
1513,89.700000,-87.836286,86.059299,80.799432,-77.351627,-68.935070,64.022442,52.952058,-33.805330,26.913580
1514,89.700000,-87.539734,85.482247,79.405249,-75.432729,-65.773005,60.160496,47.586853,-26.105944,18.465876
1515,89.700000,-87.221582,84.863857,77.916247,-73.388030,-62.423378,56.084266,41.973304,-18.190020,9.843168
1516,89.700000,-86.881910,84.204427,76.334205,-71.220939,-58.895742,51.808271,36.140707,-10.123218,1.127174
1517,89.700000,-86.520800,83.504277,74.661012,-68.935070,-55.200157,47.347742,30.119501,-1.972447,-7.599503
1518,89.700000,-86.138344,82.763745,72.898667,-66.534237,-51.347162,42.718567,23.941108,6.194684,-16.254157
1519,89.700000,-85.734633,81.983189,71.049272,-64.022442,-47.347742,37.937233,17.637773,14.310433,-24.754768
1520,89.700000,-85.309770,81.162987,69.115038,-61.403875,-43.213305,33.020772,11.242391,22.307483,-33.020772
1521,89.700000,-84.863857,80.303535,67.098273,-58.682903,-38.955638,27.986696,4.788338,30.119501,-40.973833
1522,89.700000,-84.397005,79.405249,65.001386,-55.864064,-34.586884,22.852934,-1.690705,37.681690,-48.538576
1523,89.700000,-83.909330,78.468563,62.826880,-52.952058,-30.119501,17.637773,-8.160924,44.931324,-55.643310
1524,89.700000,-83.400951,77.493931,60.577353,-49.951743,-25.566228,12.359789,-14.588554,51.808271,-62.220702
1525,89.700000,-82.871994,76.481823,58.255490,-46.868121,-20.940049,7.037781,-20.940049,58.255490,-68.208415
1526,89.700000,-82.322590,75.432729,55.864064,-43.706336,-16.254157,1.690705,-27.182264,64.219503,-73.549704
1527,89.700000,-81.752874,74.347157,53.405930,-40.471661,-11.521914,-3.662393,-33.282621,69.650840,-78.193948
1528,89.700000,-81.162987,73.225631,50.884025,-37.169490,-6.756814,-9.002446,-39.209284,74.504452,-82.097133
1529,89.700000,-80.553074,72.068694,48.301358,-33.805330,-1.972447,-14.310433,-44.931324,78.740080,-85.222267
1530,89.700000,-79.923285,70.876905,45.661015,-30.384791,2.817545,-19.567449,-50.418879,82.322590,-87.539734
1531,89.700000,-79.273777,69.650840,42.966148,-26.913580,7.599503,-24.754768,-55.643310,85.222267,-89.027569
1532,89.700000,-78.604709,68.391093,40.219974,-23.397483,12.359789,-29.853913,-60.577353,87.415060,-89.671672
1533,89.700000,-77.916247,67.098273,37.425774,-19.842366,17.084830,-34.846723,-65.195258,88.882781,-89.465939
1534,89.700000,-77.208560,65.773005,34.586884,-16.254157,21.761151,-39.715413,-69.472924,89.613254,-88.412320
1535,89.700000,-76.481823,64.415929,31.706693,-12.638841,26.375417,-44.442643,-73.388030,89.600422,-86.520800
1536,89.700000,-75.736215,63.027702,28.788642,-9.002446,30.914470,-49.011573,-76.920141,88.844390,-83.809306
1537,89.700000,-74.971920,61.608996,25.836214,-5.351037,35.365366,-53.405930,-80.050826,87.351430,-80.303535
1538,89.700000,-74.189128,60.160496,22.852934,-1.690705,39.715413,-57.610063,-82.763745,85.133924,-76.036711
1539,89.700000,-73.388030,58.682903,19.842366,1.972447,43.952206,-61.608996,-85.044741,82.210267,-71.049272
1540,89.700000,-72.568824,57.176932,16.808104,5.632310,48.063664,-65.388486,-86.881910,78.604709,-65.388486
1541,89.700000,-71.731714,55.643310,13.753771,9.282779,52.038061,-68.935070,-88.265663,74.347157,-59.108000
1542,89.700000,-70.876905,54.082780,10.683015,12.917767,55.864064,-72.236117,-89.188781,69.472924,-52.267336
1543,89.700000,-70.004608,52.496096,7.599503,16.531212,59.530763,-75.279869,-89.646444,64.022442,-44.931324
1544,89.700000,-69.115038,50.884025,4.506915,20.117087,63.027702,-78.055483,-89.636266,58.040920,-37.169490
1545,89.700000,-68.208415,49.247347,1.408946,23.669413,66.344909,-80.553074,-89.158298,51.577971,-29.055392
1546,89.700000,-67.284963,47.586853,-1.690705,27.182264,69.472924,-82.763745,-88.215035,44.687204,-20.665932
1547,89.700000,-66.344909,45.903347,-4.788338,30.649782,72.402828,-84.679622,-86.811400,37.425774,-12.080616
1548,89.700000,-65.388486,44.197643,-7.880252,34.066185,75.126265,-86.293882,-84.954718,29.853913,-3.380809
1549,89.700000,-64.415929,42.470564,-10.962757,37.425774,77.635469,-87.600774,-82.654679,22.034426,5.351037
1550,89.700000,-63.427478,40.722948,-14.032172,40.722948,79.923285,-88.595644,-79.923285,14.032172,14.032172
1551,89.700000,-62.423378,38.955638,-17.084830,43.952206,81.983189,-89.274948,-76.774792,5.913526,22.580320
1552,89.700000,-61.403875,37.169490,-20.117087,47.108164,83.809306,-89.636266,-73.225631,-2.254170,30.914470
1553,89.700000,-60.369222,35.365366,-23.125323,50.185559,85.396430,-89.678311,-69.294323,-10.403168,38.955638
1554,89.700000,-59.319674,33.544141,-26.105944,53.179257,86.740033,-89.400934,-65.001386,-18.465876,46.627616
1555,89.700000,-58.255490,31.706693,-29.055392,56.084266,87.836286,-88.805122,-60.369222,-26.375417,53.857694
1556,89.700000,-57.176932,29.853913,-31.970146,58.895742,88.682062,-87.892998,-55.422007,-34.066185,60.577353
1557,89.700000,-56.084266,27.986696,-34.846723,61.608996,89.274948,-86.667811,-50.185559,-41.474387,66.722908
1558,89.700000,-54.977763,26.105944,-37.681690,64.219503,89.613254,-85.133924,-44.687204,-48.538576,72.236117
1559,89.700000,-53.857694,24.212568,-40.471661,66.722908,89.696016,-83.296802,-38.955638,-55.200157,77.064731
1560,89.700000,-52.724337,22.307483,-43.213305,69.115038,89.522998,-81.162987,-33.020772,-61.403875,81.162987
1561,89.700000,-51.577971,20.391610,-45.903347,71.391902,89.094692,-78.740080,-26.913580,-67.098273,84.492045
1562,89.700000,-50.418879,18.465876,-48.538576,73.549704,88.412320,-76.036711,-20.665932,-72.236117,87.020356
1563,89.700000,-49.247347,16.531212,-51.115845,75.584845,87.477829,-73.062509,-14.310433,-76.774792,88.723958
1564,89.700000,-48.063664,14.588554,-53.632077,77.493931,86.293882,-69.828068,-7.880252,-80.676651,89.586705
1565,89.700000,-46.868121,12.638841,-56.084266,79.273777,84.863857,-66.344909,-1.408946,-83.909330,89.600422
1566,89.700000,-45.661015,10.683015,-58.469485,80.921416,83.191830,-62.625438,5.069713,-86.446014,88.764978
1567,89.700000,-44.442643,8.722024,-60.784885,82.434100,81.282571,-58.682903,11.521914,-88.265663,87.088291
1568,89.700000,-43.213305,6.756814,-63.027702,83.809306,79.141523,-54.531348,17.913985,-89.353185,84.586251
1569,89.700000,-41.973304,4.788338,-65.195258,85.044741,76.774792,-50.185559,24.212568,-89.699557,81.282571
1570,89.700000,-40.722948,2.817545,-67.284963,86.138344,74.189128,-45.661015,30.384791,-89.301908,77.208560
1571,89.700000,-39.462544,0.845390,-69.294323,87.088291,71.391902,-40.973833,36.398444,-88.163536,72.402828
1572,89.700000,-38.192402,-1.127174,-71.220939,87.892998,68.391093,-36.140707,42.222143,-86.293882,66.910921
1573,89.700000,-36.912838,-3.099193,-73.062509,88.551124,65.195258,-31.178853,47.825494,-83.708456,60.784885
1574,89.700000,-35.624166,-5.069713,-74.816835,89.061570,61.813509,-26.105944,53.179257,-80.428701,54.082780
1575,89.700000,-34.326704,-7.037781,-76.481823,89.423485,58.255490,-20.940049,58.255490,-76.481823,46.868121
1576,89.700000,-33.020772,-9.002446,-78.055483,89.636266,54.531348,-15.699568,63.027702,-71.900559,39.209284
1577,89.700000,-31.706693,-10.962757,-79.535937,89.699557,50.651702,-10.403168,67.470989,-66.722908,31.178853
1578,89.700000,-30.384791,-12.917767,-80.921416,89.613254,46.627616,-5.069713,71.562161,-60.991818,22.852934
1579,89.700000,-29.055392,-14.866530,-82.210267,89.377500,42.470564,0.281800,75.279869,-54.754825,14.310433
1580,89.700000,-27.718824,-16.808104,-83.400951,88.992689,38.192402,5.632310,78.604709,-48.063664,5.632310
1581,89.700000,-26.375417,-18.741549,-84.492045,88.459461,33.805330,10.962757,81.519332,-40.973833,-3.099193
1582,89.700000,-25.025502,-20.665932,-85.482247,87.778707,29.321856,16.254157,84.008525,-33.544141,-11.801323
1583,89.700000,-23.669413,-22.580320,-86.370374,86.951562,24.754768,21.487662,86.059299,-25.836214,-20.391610
1584,89.700000,-22.307483,-24.483789,-87.155366,85.979404,20.117087,26.644630,87.660951,-17.913985,-28.788642
1585,89.700000,-20.940049,-26.375417,-87.836286,84.863857,15.422040,31.706693,88.805122,-9.843168,-36.912838
1586,89.700000,-19.567449,-28.254291,-88.412320,83.606779,10.683015,36.655822,89.485842,-1.690705,-44.687204
1587,89.700000,-18.190020,-30.119501,-88.882781,82.210267,5.913526,41.474387,89.699557,6.475781,-52.038061
1588,89.700000,-16.808104,-31.970146,-89.247106,80.676651,1.127174,46.145226,89.445153,14.588554,-58.895742
1589,89.700000,-15.422040,-33.805330,-89.504861,79.008488,-3.662393,50.651702,88.723958,22.580320,-65.195258
1590,89.700000,-14.032172,-35.624166,-89.655738,77.208560,-8.441516,54.977763,87.539734,30.384791,-70.876905
1591,89.700000,-12.638841,-37.425774,-89.699557,75.279869,-13.196566,59.108000,85.898662,37.937233,-75.886837
1592,89.700000,-11.242391,-39.209284,-89.636266,73.225631,-17.913985,63.027702,83.809306,45.175001,-80.177576
1593,89.700000,-9.843168,-40.973833,-89.465939,71.049272,-22.580320,66.722908,81.282571,52.038061,-83.708456
1594,89.700000,-8.441516,-42.718567,-89.188781,68.754423,-27.182264,70.180456,78.331642,58.469485,-86.446014
1595,89.700000,-7.037781,-44.442643,-88.805122,66.344909,-31.706693,73.388030,74.971920,64.415929,-88.364307
1596,89.700000,-5.632310,-46.145226,-88.315421,63.824750,-36.140707,76.334205,71.220939,69.828068,-89.445153
1597,89.700000,-4.225449,-47.825494,-87.720262,61.198149,-40.471661,79.008488,67.098273,74.661012,-89.678311
1598,89.700000,-2.817545,-49.482635,-87.020356,58.469485,-44.687204,81.401353,62.625438,78.874673,-89.061570
1599,89.700000,-1.408946,-51.115845,-86.216538,55.643310,-48.775315,83.504277,57.825777,82.434100,-87.600774
1600,89.700000,0.000000,-52.724337,-85.309770,52.724337,-52.724337,85.309770,52.724337,85.309770,-85.309770
1601,89.700000,1.408946,-54.307332,-84.301132,49.717434,-56.523008,86.811400,47.347742,87.477829,-82.210267
1602,89.700000,2.817545,-55.864064,-83.191830,46.627616,-60.160496,88.003819,41.724052,88.920295,-78.331642
1603,89.700000,4.225449,-57.393781,-81.983189,43.460035,-63.626428,88.882781,35.882614,89.625202,-73.710653
1604,89.700000,5.632310,-58.895742,-80.676651,40.219974,-66.910921,89.445153,29.853913,89.586705,-68.391093
1605,89.700000,7.037781,-60.369222,-79.273777,36.912838,-70.004608,89.688934,23.669413,88.805122,-62.423378
1606,89.700000,8.441516,-61.813509,-77.776242,33.544141,-72.898667,89.613254,17.361387,87.286936,-55.864064
1607,89.700000,9.843168,-63.227902,-76.185834,30.119501,-75.584845,89.218384,10.962757,85.044741,-48.775315
1608,89.700000,11.242391,-64.611720,-74.504452,26.644630,-78.055483,88.505729,4.506915,82.097133,-41.224313
1609,89.700000,12.638841,-65.964291,-72.734104,23.125323,-80.303535,87.477829,-1.972447,78.468563,-33.282621
1610,89.700000,14.032172,-67.284963,-70.876905,19.567449,-82.322590,86.138344,-8.441516,74.189128,-25.025502
1611,89.700000,15.422040,-68.573096,-68.935070,15.976942,-84.106891,84.492045,-14.866530,69.294323,-16.531212
1612,89.700000,16.808104,-69.828068,-66.910921,12.359789,-85.651350,82.544797,-21.213960,63.824750,-7.880252
1613,89.700000,18.190020,-71.049272,-64.806872,8.722024,-86.951562,80.303535,-27.450680,57.825777,0.845390
1614,89.700000,19.567449,-72.236117,-62.625438,5.069713,-88.003819,77.776242,-33.544141,51.347162,9.563021
1615,89.700000,20.940049,-73.388030,-60.369222,1.408946,-88.805122,74.971920,-39.462544,44.442643,18.190020
1616,89.700000,22.307483,-74.504452,-58.040920,-2.254170,-89.353185,71.900559,-45.175001,37.169490,26.644630
1617,89.700000,23.669413,-75.584845,-55.643310,-5.913526,-89.646444,68.573096,-50.651702,29.588031,34.846723
1618,89.700000,25.025502,-76.628686,-53.179257,-9.563021,-89.684065,65.001386,-55.864064,21.761151,42.718567
1619,89.700000,26.375417,-77.635469,-50.651702,-13.196566,-89.465939,61.198149,-60.784885,13.753771,50.185559
1620,89.700000,27.718824,-78.604709,-48.063664,-16.808104,-88.992689,57.176932,-65.388486,5.632310,57.176932
1621,89.700000,29.055392,-79.535937,-45.418232,-20.391610,-88.265663,52.952058,-69.650840,-2.535870,63.626428
1622,89.700000,30.384791,-80.428701,-42.718567,-23.941108,-87.286936,48.538576,-73.549704,-10.683015,69.472924
1623,89.700000,31.706693,-81.282571,-39.967891,-27.450680,-86.059299,43.952206,-77.064731,-18.741549,74.661012
1624,89.700000,33.020772,-82.097133,-37.169490,-30.914470,-84.586251,39.209284,-80.177576,-26.644630,79.141523
1625,89.700000,34.326704,-82.871994,-34.326704,-34.326704,-82.871994,34.326704,-82.871994,-34.326704,82.871994
1626,89.700000,35.624166,-83.606779,-31.442929,-37.681690,-80.921416,29.321856,-85.133924,-41.724052,85.817071
1627,89.700000,36.912838,-84.301132,-28.521607,-40.973833,-78.740080,24.212568,-86.951562,-48.775315,87.948843
1628,89.700000,38.192402,-84.954718,-25.566228,-44.197643,-76.334205,19.017038,-88.315421,-55.422007,89.247106
1629,89.700000,39.462544,-85.567221,-22.580320,-47.347742,-73.710653,13.753771,-89.218384,-61.608996,89.699557
1630,89.700000,40.722948,-86.138344,-19.567449,-50.418879,-70.876905,8.441516,-89.655738,-67.284963,89.301908
1631,89.700000,41.973304,-86.667811,-16.531212,-53.405930,-67.841041,3.099193,-89.625202,-72.402828,88.057927
1632,89.700000,43.213305,-87.155366,-13.475235,-56.303915,-64.611720,-2.254170,-89.126935,-76.920141,85.979404
1633,89.700000,44.442643,-87.600774,-10.403168,-59.108000,-61.198149,-7.599503,-88.163536,-80.799432,83.086038
1634,89.700000,45.661015,-88.003819,-7.318678,-61.813509,-57.610063,-12.917767,-86.740033,-84.008525,79.405249
1635,89.700000,46.868121,-88.364307,-4.225449,-64.415929,-53.857694,-18.190020,-84.863857,-86.520800,74.971920
1636,89.700000,48.063664,-88.682062,-1.127174,-66.910921,-49.951743,-23.397483,-82.544797,-88.315421,69.828068
1637,89.700000,49.247347,-88.956931,1.972447,-69.294323,-45.903347,-28.521607,-79.794956,-89.377500,64.022442
1638,89.700000,50.418879,-89.188781,5.069713,-71.562161,-41.724052,-33.544141,-76.628686,-89.698229,57.610063
1639,89.700000,51.577971,-89.377500,8.160924,-73.710653,-37.425774,-38.447195,-73.062509,-89.274948,50.651702
1640,89.700000,52.724337,-89.522998,11.242391,-75.736215,-33.020772,-43.213305,-69.115038,-88.111166,43.213305
1641,89.700000,53.857694,-89.625202,14.310433,-77.635469,-28.521607,-47.825494,-64.806872,-86.216538,35.365366
1642,89.700000,54.977763,-89.684065,17.361387,-79.405249,-23.941108,-52.267336,-60.160496,-83.606779,27.182264
1643,89.700000,56.084266,-89.699557,20.391610,-81.042601,-19.292338,-56.523008,-55.200157,-80.303535,18.741549
1644,89.700000,57.176932,-89.671672,23.397483,-82.544797,-14.588554,-60.577353,-49.951743,-76.334205,10.123218
1645,89.700000,58.255490,-89.600422,26.375417,-83.909330,-9.843168,-64.415929,-44.442643,-71.731714,1.408946
1646,89.700000,59.319674,-89.485842,29.321856,-85.133924,-5.069713,-68.025064,-38.701607,-66.534237,-7.318678
1647,89.700000,60.369222,-89.327987,32.233282,-86.216538,-0.281800,-71.391902,-32.758598,-60.784885,-15.976942
1648,89.700000,61.403875,-89.126935,35.106218,-87.155366,4.506915,-74.504452,-26.644630,-54.531348,-24.483789
1649,89.700000,62.423378,-88.882781,37.937233,-87.948843,9.282779,-77.351627,-20.391610,-47.825494,-32.758598
1650,89.700000,63.427478,-88.595644,40.722948,-88.595644,14.032172,-79.923285,-14.032172,-40.722948,-40.722948
1651,89.700000,64.415929,-88.265663,43.460035,-89.094692,18.741549,-82.210267,-7.599503,-33.282621,-48.301358
1652,89.700000,65.388486,-87.892998,46.145226,-89.445153,23.397483,-84.204427,-1.127174,-25.566228,-55.422007
1653,89.700000,66.344909,-87.477829,48.775315,-89.646444,27.986696,-85.898662,5.351037,-17.637773,-62.017411
1654,89.700000,67.284963,-87.020356,51.347162,-89.698229,32.496100,-87.286936,11.801323,-9.563021,-68.025064
1655,89.700000,68.208415,-86.520800,53.857694,-89.600422,36.912838,-88.364307,18.190020,-1.408946,-73.388030
1656,89.700000,69.115038,-85.979404,56.303915,-89.353185,41.224313,-89.126935,24.483789,6.756814,-78.055483
1657,89.700000,70.004608,-85.396430,58.682903,-88.956931,45.418232,-89.572104,30.649782,14.866530,-81.983189
1658,89.700000,70.876905,-84.772158,60.991818,-88.412320,49.482635,-89.698229,36.655822,22.852934,-85.133924
1659,89.700000,71.731714,-84.106891,63.227902,-87.720262,53.405930,-89.504861,42.470564,30.649782,-87.477829
1660,89.700000,72.568824,-83.400951,65.388486,-86.881910,57.176932,-88.992689,48.063664,38.192402,-88.992689
1661,89.700000,73.388030,-82.654679,67.470989,-85.898662,60.784885,-88.163536,53.405930,45.418232,-89.664148
1662,89.700000,74.189128,-81.868435,69.472924,-84.772158,64.219503,-87.020356,58.469485,52.267336,-89.485842
1663,89.700000,74.971920,-81.042601,71.391902,-83.504277,67.470989,-85.567221,63.227902,58.682903,-88.459461
1664,89.700000,75.736215,-80.177576,73.225631,-82.097133,70.530072,-83.809306,67.656349,64.611720,-86.594733
1665,89.700000,76.481823,-79.273777,74.971920,-80.553074,73.388030,-81.752874,71.731714,70.004608,-83.909330
1666,89.700000,77.208560,-78.331642,76.628686,-78.874673,76.036711,-79.405249,75.432729,74.816835,-80.428701
1667,89.700000,77.916247,-77.351627,78.193948,-77.064731,78.468563,-76.774792,78.740080,79.008488,-76.185834
1668,89.700000,78.604709,-76.334205,79.665839,-75.126265,80.676651,-73.870874,81.636506,82.544797,-71.220939
1669,89.700000,79.273777,-75.279869,81.042601,-73.062509,82.654679,-70.703837,84.106891,85.396430,-65.581069
1670,89.700000,79.923285,-74.189128,82.322590,-70.876905,84.397005,-67.284963,86.138344,87.539734,-59.319674
1671,89.700000,80.553074,-73.062509,83.504277,-68.573096,85.898662,-63.626428,87.720262,88.956931,-52.496096
1672,89.700000,81.162987,-71.900559,84.586251,-66.154927,87.155366,-59.741265,88.844390,89.636266,-45.175001
1673,89.700000,81.752874,-70.703837,85.567221,-63.626428,88.163536,-55.643310,89.504861,89.572104,-37.425774
1674,89.700000,82.322590,-69.472924,86.446014,-60.991818,88.920295,-51.347162,89.698229,88.764978,-29.321856
1675,89.700000,82.871994,-68.208415,87.221582,-58.255490,89.423485,-46.868121,89.423485,87.221582,-20.940049
1676,89.700000,83.400951,-66.910921,87.892998,-55.422007,89.671672,-42.222143,88.682062,84.954718,-12.359789
1677,89.700000,83.909330,-65.581069,88.459461,-52.496096,89.664148,-37.425774,87.477829,81.983189,-3.662393
1678,89.700000,84.397005,-64.219503,88.920295,-49.482635,89.400934,-32.496100,85.817071,78.331642,5.069713
1679,89.700000,84.863857,-62.826880,89.274948,-46.386650,88.882781,-27.450680,83.708456,74.030366,13.753771
1680,89.700000,85.309770,-61.403875,89.522998,-43.213305,88.111166,-22.307483,81.162987,69.115038,22.307483
1681,89.700000,85.734633,-59.951176,89.664148,-39.967891,87.088291,-17.084830,78.193948,63.626428,30.649782
1682,89.700000,86.138344,-58.469485,89.698229,-36.655822,85.817071,-11.801323,74.816835,57.610063,38.701607
1683,89.700000,86.520800,-56.959519,89.625202,-33.282621,84.301132,-6.475781,71.049272,51.115845,46.386650
1684,89.700000,86.881910,-55.422007,89.445153,-29.853913,82.544797,-1.127174,66.910921,44.197643,53.632077
1685,89.700000,87.221582,-53.857694,89.158298,-26.375417,80.553074,4.225449,62.423378,36.912838,60.369222
1686,89.700000,87.539734,-52.267336,88.764978,-22.852934,78.331642,9.563021,57.610063,29.321856,66.534237
1687,89.700000,87.836286,-50.651702,88.265663,-19.292338,75.886837,14.866530,52.496096,21.487662,72.068694
1688,89.700000,88.111166,-49.011573,87.660951,-15.699568,73.225631,20.117087,47.108164,13.475235,76.920141
1689,89.700000,88.364307,-47.347742,86.951562,-12.080616,70.355611,25.295990,41.474387,5.351037,81.042601
1690,89.700000,88.595644,-45.661015,86.138344,-8.441516,67.284963,30.384791,35.624166,-2.817545,84.397005
1691,89.700000,88.805122,-43.952206,85.222267,-4.788338,64.022442,35.365366,29.588031,-10.962757,86.951562
1692,89.700000,88.992689,-42.222143,84.204427,-1.127174,60.577353,40.219974,23.397483,-19.017038,88.682062
1693,89.700000,89.158298,-40.471661,83.086038,2.535870,56.959519,44.931324,17.084830,-26.913580,89.572104
1694,89.700000,89.301908,-38.701607,81.868435,6.194684,53.179257,49.482635,10.683015,-34.586884,89.613254
1695,89.700000,89.423485,-36.912838,80.553074,9.843168,49.247347,53.857694,4.225449,-41.973304,88.805122
1696,89.700000,89.522998,-35.106218,79.141523,13.475235,45.175001,58.040920,-2.254170,-49.011573,87.155366
1697,89.700000,89.600422,-33.282621,77.635469,17.084830,40.973833,62.017411,-8.722024,-55.643310,84.679622
1698,89.700000,89.655738,-31.442929,76.036711,20.665932,36.655822,65.773005,-15.144360,-61.813509,81.401353
1699,89.700000,89.688934,-29.588031,74.347157,24.212568,32.233282,69.294323,-21.487662,-67.470989,77.351627
1700,89.700000,89.700000,-27.718824,72.568824,27.718824,27.718824,72.568824,-27.718824,-72.568824,72.568824
1701,89.700000,89.688934,-25.836214,70.703837,31.178853,23.125323,75.584845,-33.805330,-77.064731,67.098273
1702,89.700000,89.655738,-23.941108,68.754423,34.586884,18.465876,78.331642,-39.715413,-80.921416,60.991818
1703,89.700000,89.600422,-22.034426,66.722908,37.937233,13.753771,80.799432,-45.418232,-84.106891,54.307332
1704,89.700000,89.522998,-20.117087,64.611720,41.224313,9.002446,82.979425,-50.884025,-86.594733,47.108164
1705,89.700000,89.423485,-18.190020,62.423378,44.442643,4.225449,84.863857,-56.084266,-88.364307,39.462544
1706,89.700000,89.301908,-16.254157,60.160496,47.586853,-0.563598,86.446014,-60.991818,-89.400934,31.442929
1707,89.700000,89.158298,-14.310433,57.825777,50.651702,-5.351037,87.720262,-65.581069,-89.696016,23.125323
1708,89.700000,88.992689,-12.359789,55.422007,53.632077,-10.123218,88.682062,-69.828068,-89.247106,14.588554
1709,89.700000,88.805122,-10.403168,52.952058,56.523008,-14.866530,89.327987,-73.710653,-88.057927,5.913526
1710,89.700000,88.595644,-8.441516,50.418879,59.319674,-19.567449,89.655738,-77.208560,-86.138344,-2.817545
1711,89.700000,88.364307,-6.475781,47.825494,62.017411,-24.212568,89.664148,-80.303535,-83.504277,-11.521914
1712,89.700000,88.111166,-4.506915,45.175001,64.611720,-28.788642,89.353185,-82.979425,-80.177576,-20.117087
1713,89.700000,87.836286,-2.535870,42.470564,67.098273,-33.282621,88.723958,-85.222267,-76.185834,-28.521607
1714,89.700000,87.539734,-0.563598,39.715413,69.472924,-37.681690,87.778707,-87.020356,-71.562161,-36.655822
1715,89.700000,87.221582,1.408946,36.912838,71.731714,-41.973304,86.520800,-88.364307,-66.344909,-44.442643
1716,89.700000,86.881910,3.380809,34.066185,73.870874,-46.145226,84.954718,-89.247106,-60.577353,-51.808271
1717,89.700000,86.520800,5.351037,31.178853,75.886837,-50.185559,83.086038,-89.664148,-54.307332,-58.682903
1718,89.700000,86.138344,7.318678,28.254291,77.776242,-54.082780,80.921416,-89.613254,-47.586853,-65.001386
1719,89.700000,85.734633,9.282779,25.295990,79.535937,-57.825777,78.468563,-89.094692,-40.471661,-70.703837
1720,89.700000,85.309770,11.242391,22.307483,81.162987,-61.403875,75.736215,-88.111166,-33.020772,-75.736215
1721,89.700000,84.863857,13.196566,19.292338,82.654679,-64.806872,72.734104,-86.667811,-25.295990,-80.050826
1722,89.700000,84.397005,15.144360,16.254157,84.008525,-68.025064,69.472924,-84.772158,-17.361387,-83.606779
1723,89.700000,83.909330,17.084830,13.196566,85.222267,-71.049272,65.964291,-82.434100,-9.282779,-86.370374
1724,89.700000,83.400951,19.017038,10.123218,86.293882,-73.870874,62.220702,-79.665839,-1.127174,-88.315421
1725,89.700000,82.871994,20.940049,7.037781,87.221582,-76.481823,58.255490,-76.481823,7.037781,-89.423485
1726,89.700000,82.322590,22.852934,3.943940,88.003819,-78.874673,54.082780,-72.898667,15.144360,-89.684065
1727,89.700000,81.752874,24.754768,0.845390,88.639290,-81.042601,49.717434,-68.935070,23.125323,-89.094692
1728,89.700000,81.162987,26.644630,-2.254170,89.126935,-82.979425,45.175001,-64.611720,30.914470,-87.660951
1729,89.700000,80.553074,28.521607,-5.351037,89.465939,-84.679622,40.471661,-59.951176,38.447195,-85.396430
1730,89.700000,79.923285,30.384791,-8.441516,89.655738,-86.138344,35.624166,-54.977763,45.661015,-82.322590
1731,89.700000,79.273777,32.233282,-11.521914,89.696016,-87.351430,30.649782,-49.717434,52.496096,-78.468563
1732,89.700000,78.604709,34.066185,-14.588554,89.586705,-88.315421,25.566228,-44.197643,58.895742,-73.870874
1733,89.700000,77.916247,35.882614,-17.637773,89.327987,-89.027569,20.391610,-38.447195,64.806872,-68.573096
1734,89.700000,77.208560,37.681690,-20.665932,88.920295,-89.485842,15.144360,-32.496100,70.180456,-62.625438
1735,89.700000,76.481823,39.462544,-23.669413,88.364307,-89.688934,9.843168,-26.375417,74.971920,-56.084266
1736,89.700000,75.736215,41.224313,-26.644630,87.660951,-89.636266,4.506915,-20.117087,79.141523,-49.011573
1737,89.700000,74.971920,42.966148,-29.588031,86.811400,-89.327987,-0.845390,-13.753771,82.654679,-41.474387
1738,89.700000,74.189128,44.687204,-32.496100,85.817071,-88.764978,-6.194684,-7.318678,85.482247,-33.544141
1739,89.700000,73.388030,46.386650,-35.365366,84.679622,-87.948843,-11.521914,-0.845390,87.600774,-25.295990
1740,89.700000,72.568824,48.063664,-38.192402,83.400951,-86.881910,-16.808104,5.632310,88.992689,-16.808104
1741,89.700000,71.731714,49.717434,-40.973833,81.983189,-85.567221,-22.034426,12.080616,89.646444,-8.160924
1742,89.700000,70.876905,51.347162,-43.706336,80.428701,-84.008525,-27.182264,18.465876,89.556619,0.563598
1743,89.700000,70.004608,52.952058,-46.386650,78.740080,-82.210267,-32.233282,24.754768,88.723958,9.282779
1744,89.700000,69.115038,54.531348,-49.011573,76.920141,-80.177576,-37.169490,30.914470,87.155366,17.913985
1745,89.700000,68.208415,56.084266,-51.577971,74.971920,-77.916247,-41.973304,36.912838,84.863857,26.375417
1746,89.700000,67.284963,57.610063,-54.082780,72.898667,-75.432729,-46.627616,42.718567,81.868435,34.586884
1747,89.700000,66.344909,59.108000,-56.523008,70.703837,-72.734104,-51.115845,48.301358,78.193948,42.470564
1748,89.700000,65.388486,60.577353,-58.895742,68.391093,-69.828068,-55.422007,53.632077,73.870874,49.951743
1749,89.700000,64.415929,62.017411,-61.198149,65.964291,-66.722908,-59.530763,58.682903,68.935070,56.959519
1750,89.700000,63.427478,63.427478,-63.427478,63.427478,-63.427478,-63.427478,63.427478,63.427478,63.427478
1751,89.700000,62.423378,64.806872,-65.581069,60.784885,-59.951176,-67.098273,67.841041,57.393781,69.294323
1752,89.700000,61.403875,66.154927,-67.656349,58.040920,-56.303915,-70.530072,71.900559,50.884025,74.504452
1753,89.700000,60.369222,67.470989,-69.650840,55.200157,-52.496096,-73.710653,75.584845,43.952206,79.008488
1754,89.700000,59.319674,68.754423,-71.562161,52.267336,-48.538576,-76.628686,78.874673,36.655822,82.763745
1755,89.700000,58.255490,70.004608,-73.388030,49.247347,-44.442643,-79.273777,81.752874,29.055392,85.734633
1756,89.700000,57.176932,71.220939,-75.126265,46.145226,-40.219974,-81.636506,84.204427,21.213960,87.892998
1757,89.700000,56.084266,72.402828,-76.774792,42.966148,-35.882614,-83.708456,86.216538,13.196566,89.218384
1758,89.700000,54.977763,73.549704,-78.331642,39.715413,-31.442929,-85.482247,87.778707,5.069713,89.698229
1759,89.700000,53.857694,74.661012,-79.794956,36.398444,-26.913580,-86.951562,88.882781,-3.099193,89.327987
1760,89.700000,52.724337,75.736215,-81.162987,33.020772,-22.307483,-88.111166,89.522998,-11.242391,88.111166
1761,89.700000,51.577971,76.774792,-82.434100,29.588031,-17.637773,-88.956931,89.696016,-19.292338,86.059299
1762,89.700000,50.418879,77.776242,-83.606779,26.105944,-12.917767,-89.485842,89.400934,-27.182264,83.191830
1763,89.700000,49.247347,78.740080,-84.679622,22.580320,-8.160924,-89.696016,88.639290,-34.846723,79.535937
1764,89.700000,48.063664,79.665839,-85.651350,19.017038,-3.380809,-89.586705,87.415060,-42.222143,75.126265
1765,89.700000,46.868121,80.553074,-86.520800,15.422040,1.408946,-89.158298,85.734633,-49.247347,70.004608
1766,89.700000,45.661015,81.401353,-87.286936,11.801323,6.194684,-88.412320,83.606779,-55.864064,64.219503
1767,89.700000,44.442643,82.210267,-87.948843,8.160924,10.962757,-87.351430,81.042601,-62.017411,57.825777
1768,89.700000,43.213305,82.979425,-88.505729,4.506915,15.699568,-85.979404,78.055483,-67.656349,50.884025
1769,89.700000,41.973304,83.708456,-88.956931,0.845390,20.391610,-84.301132,74.661012,-72.734104,43.460035
1770,89.700000,40.722948,84.397005,-89.301908,-2.817545,25.025502,-82.322590,70.876905,-77.208560,35.624166
1771,89.700000,39.462544,85.044741,-89.540250,-6.475781,29.588031,-80.050826,66.722908,-81.042601,27.450680
1772,89.700000,38.192402,85.651350,-89.671672,-10.123218,34.066185,-77.493931,62.220702,-84.204427,19.017038
1773,89.700000,36.912838,86.216538,-89.696016,-13.753771,38.447195,-74.661012,57.393781,-86.667811,10.403168
1774,89.700000,35.624166,86.740033,-89.613254,-17.361387,42.718567,-71.562161,52.267336,-88.412320,1.690705
1775,89.700000,34.326704,87.221582,-89.423485,-20.940049,46.868121,-68.208415,46.868121,-89.423485,-7.037781
1776,89.700000,33.020772,87.660951,-89.126935,-24.483789,50.884025,-64.611720,41.224313,-89.692918,-15.699568
1777,89.700000,31.706693,88.057927,-88.723958,-27.986696,54.754825,-60.784885,35.365366,-89.218384,-24.212568
1778,89.700000,30.384791,88.412320,-88.215035,-31.442929,58.469485,-56.741544,29.321856,-88.003819,-32.496100
1779,89.700000,29.055392,88.723958,-87.600774,-34.846723,62.017411,-52.496096,23.125323,-86.059299,-40.471661
1780,89.700000,27.718824,88.992689,-86.881910,-38.192402,65.388486,-48.063664,16.808104,-83.400951,-48.063664
1781,89.700000,26.375417,89.218384,-86.059299,-41.474387,68.573096,-43.460035,10.403168,-80.050826,-55.200157
1782,89.700000,25.025502,89.400934,-85.133924,-44.687204,71.562161,-38.701607,3.943940,-76.036711,-61.813509
1783,89.700000,23.669413,89.540250,-84.106891,-47.825494,74.347157,-33.805330,-2.535870,-71.391902,-67.841041
1784,89.700000,22.307483,89.636266,-82.979425,-50.884025,76.920141,-28.788642,-9.002446,-66.154927,-73.225631
1785,89.700000,20.940049,89.688934,-81.752874,-53.857694,79.273777,-23.669413,-15.422040,-60.369222,-77.916247
1786,89.700000,19.567449,89.698229,-80.428701,-56.741544,81.401353,-18.465876,-21.761151,-54.082780,-81.868435
1787,89.700000,18.190020,89.664148,-79.008488,-59.530763,83.296802,-13.196566,-27.986696,-47.347742,-85.044741
1788,89.700000,16.808104,89.586705,-77.493931,-62.220702,84.954718,-7.880252,-34.066185,-40.219974,-87.415060
1789,89.700000,15.422040,89.465939,-75.886837,-64.806872,86.370374,-2.535870,-39.967891,-32.758598,-88.956931
1790,89.700000,14.032172,89.301908,-74.189128,-67.284963,87.539734,2.817545,-45.661015,-25.025502,-89.655738
1791,89.700000,12.638841,89.094692,-72.402828,-69.650840,88.459461,8.160924,-51.115845,-17.084830,-89.504861
1792,89.700000,11.242391,88.844390,-70.530072,-71.900559,89.126935,13.475235,-56.303915,-9.002446,-88.505729
1793,89.700000,9.843168,88.551124,-68.573096,-74.030366,89.540250,18.741549,-61.198149,-0.845390,-86.667811
1794,89.700000,8.441516,88.215035,-66.534237,-76.036711,89.698229,23.941108,-65.773005,7.318678,-84.008525
1795,89.700000,7.037781,87.836286,-64.415929,-77.916247,89.600422,29.055392,-70.004608,15.422040,-80.553074
1796,89.700000,5.632310,87.415060,-62.220702,-79.665839,89.247106,34.066185,-73.870874,23.397483,-76.334205
1797,89.700000,4.225449,86.951562,-59.951176,-81.282571,88.639290,38.955638,-77.351627,31.178853,-71.391902
1798,89.700000,2.817545,86.446014,-57.610063,-82.763745,87.778707,43.706336,-80.428701,38.701607,-65.773005
1799,89.700000,1.408946,85.898662,-55.200157,-84.106891,86.667811,48.301358,-83.086038,45.903347,-59.530763
1800,89.700000,0.000000,85.309770,-52.724337,-85.309770,85.309770,52.724337,-85.309770,52.724337,-52.724337
1801,89.700000,-1.408946,84.679622,-50.185559,-86.370374,83.708456,56.959519,-87.088291,59.108000,-45.418232
1802,89.700000,-2.817545,84.008525,-47.586853,-87.286936,81.868435,60.991818,-88.412320,65.001386,-37.681690
1803,89.700000,-4.225449,83.296802,-44.931324,-88.057927,79.794956,64.806872,-89.274948,70.355611,-29.588031
1804,89.700000,-5.632310,82.544797,-42.222143,-88.682062,77.493931,68.391093,-89.671672,75.126265,-21.213960
1805,89.700000,-7.037781,81.752874,-39.462544,-89.158298,74.971920,71.731714,-89.600422,79.273777,-12.638841
1806,89.700000,-8.441516,80.921416,-36.655822,-89.485842,72.236117,74.816835,-89.061570,82.763745,-3.943940
1807,89.700000,-9.843168,80.050826,-33.805330,-89.664148,69.294323,77.635469,-88.057927,85.567221,4.788338
1808,89.700000,-11.242391,79.141523,-30.914470,-89.692918,66.154927,80.177576,-86.594733,87.660951,13.475235
1809,89.700000,-12.638841,78.193948,-27.986696,-89.572104,62.826880,82.434100,-84.679622,89.027569,22.034426
1810,89.700000,-14.032172,77.208560,-25.025502,-89.301908,59.319674,84.397005,-82.322590,89.655738,30.384791
1811,89.700000,-15.422040,76.185834,-22.034426,-88.882781,55.643310,86.059299,-79.535937,89.540250,38.447195
1812,89.700000,-16.808104,75.126265,-19.017038,-88.315421,51.808271,87.415060,-76.334205,88.682062,46.145226
1813,89.700000,-18.190020,74.030366,-15.976942,-87.600774,47.825494,88.459461,-72.734104,87.088291,53.405930
1814,89.700000,-19.567449,72.898667,-12.917767,-86.740033,43.706336,89.188781,-68.754423,84.772158,60.160496
1815,89.700000,-20.940049,71.731714,-9.843168,-85.734633,39.462544,89.600422,-64.415929,81.752874,66.344909
1816,89.700000,-22.307483,70.530072,-6.756814,-84.586251,35.106218,89.692918,-59.741265,78.055483,71.900559
1817,89.700000,-23.669413,69.294323,-3.662393,-83.296802,30.649782,89.465939,-54.754825,73.710653,76.774792
1818,89.700000,-25.025502,68.025064,-0.563598,-81.868435,26.105944,88.920295,-49.482635,68.754423,80.921416
1819,89.700000,-26.375417,66.722908,2.535870,-80.303535,21.487662,88.057927,-43.952206,63.227902,84.301132
1820,89.700000,-27.718824,65.388486,5.632310,-78.604709,16.808104,86.881910,-38.192402,57.176932,86.881910
1821,89.700000,-29.055392,64.022442,8.722024,-76.774792,12.080616,85.396430,-32.233282,50.651702,88.639290
1822,89.700000,-30.384791,62.625438,11.801323,-74.816835,7.318678,83.606779,-26.105944,43.706336,89.556619
1823,89.700000,-31.706693,61.198149,14.866530,-72.734104,2.535870,81.519332,-19.842366,36.398444,89.625202
1824,89.700000,-33.020772,59.741265,17.913985,-70.530072,-2.254170,79.141523,-13.475235,28.788642,88.844390
1825,89.700000,-34.326704,58.255490,20.940049,-68.208415,-7.037781,76.481823,-7.037781,20.940049,87.221582
1826,89.700000,-35.624166,56.741544,23.941108,-65.773005,-11.801323,73.549704,-0.563598,12.917767,84.772158
1827,89.700000,-36.912838,55.200157,26.913580,-63.227902,-16.531212,70.355611,5.913526,4.788338,81.519332
1828,89.700000,-38.192402,53.632077,29.853913,-60.577353,-21.213960,66.910921,12.359789,-3.380809,77.493931
1829,89.700000,-39.462544,52.038061,32.758598,-57.825777,-25.836214,63.227902,18.741549,-11.521914,72.734104
1830,89.700000,-40.722948,50.418879,35.624166,-54.977763,-30.384791,59.319674,25.025502,-19.567449,67.284963
1831,89.700000,-41.973304,48.775315,38.447195,-52.038061,-34.846723,55.200157,31.178853,-27.450680,61.198149
1832,89.700000,-43.213305,47.108164,41.224313,-49.011573,-39.209284,50.884025,37.169490,-35.106218,54.531348
1833,89.700000,-44.442643,45.418232,43.952206,-45.903347,-43.460035,46.386650,42.966148,-42.470564,47.347742
1834,89.700000,-45.661015,43.706336,46.627616,-42.718567,-47.586853,41.724052,48.538576,-49.482635,39.715413
1835,89.700000,-46.868121,41.973304,49.247347,-39.462544,-51.577971,36.912838,53.857694,-56.084266,31.706693
1836,89.700000,-48.063664,40.219974,51.808271,-36.140707,-55.422007,31.970146,58.895742,-62.220702,23.397483
1837,89.700000,-49.247347,38.447195,54.307332,-32.758598,-59.108000,26.913580,63.626428,-67.841041,14.866530
1838,89.700000,-50.418879,36.655822,56.741544,-29.321856,-62.625438,21.761151,68.025064,-72.898667,6.194684
1839,89.700000,-51.577971,34.846723,59.108000,-25.836214,-65.964291,16.531212,72.068694,-77.351627,-2.535870
1840,89.700000,-52.724337,33.020772,61.403875,-22.307483,-69.115038,11.242391,75.736215,-81.162987,-11.242391
1841,89.700000,-53.857694,31.178853,63.626428,-18.741549,-72.068694,5.913526,79.008488,-84.301132,-19.842366
1842,89.700000,-54.977763,29.321856,65.773005,-15.144360,-74.816835,0.563598,81.868435,-86.740033,-28.254291
1843,89.700000,-56.084266,27.450680,67.841041,-11.521914,-77.351627,-4.788338,84.301132,-88.459461,-36.398444
1844,89.700000,-57.176932,25.566228,69.828068,-7.880252,-79.665839,-10.123218,86.293882,-89.445153,-44.197643
1845,89.700000,-58.255490,23.669413,71.731714,-4.225449,-81.752874,-15.422040,87.836286,-89.688934,-51.577971
1846,89.700000,-59.319674,21.761151,73.549704,-0.563598,-83.606779,-20.665932,88.920295,-89.188781,-58.469485
1847,89.700000,-60.369222,19.842366,75.279869,3.099193,-85.222267,-25.836214,89.540250,-87.948843,-64.806872
1848,89.700000,-61.403875,17.913985,76.920141,6.756814,-86.594733,-30.914470,89.692918,-85.979404,-70.530072
1849,89.700000,-62.423378,15.976942,78.468563,10.403168,-87.720262,-35.882614,89.377500,-83.296802,-75.584845
1850,89.700000,-63.427478,14.032172,79.923285,14.032172,-88.595644,-40.722948,88.595644,-79.923285,-79.923285
1851,89.700000,-64.415929,12.080616,81.282571,17.637773,-89.218384,-45.418232,87.351430,-75.886837,-83.504277
1852,89.700000,-65.388486,10.123218,82.544797,21.213960,-89.586705,-49.951743,85.651350,-71.220939,-86.293882
1853,89.700000,-66.344909,8.160924,83.708456,24.754768,-89.699557,-54.307332,83.504277,-65.964291,-88.265663
1854,89.700000,-67.284963,6.194684,84.772158,28.254291,-89.556619,-58.469485,80.921416,-60.160496,-89.400934
1855,89.700000,-68.208415,4.225449,85.734633,31.706693,-89.158298,-62.423378,77.916247,-53.857694,-89.688934
1856,89.700000,-69.115038,2.254170,86.594733,35.106218,-88.505729,-66.154927,74.504452,-47.108164,-89.126935
1857,89.700000,-70.004608,0.281800,87.351430,38.447195,-87.600774,-69.650840,70.703837,-39.967891,-87.720262
1858,89.700000,-70.876905,-1.690705,88.003819,41.724052,-86.446014,-72.898667,66.534237,-32.496100,-85.482247
1859,89.700000,-71.731714,-3.662393,88.551124,44.931324,-85.044741,-75.886837,62.017411,-24.754768,-82.434100
1860,89.700000,-72.568824,-5.632310,88.992689,48.063664,-83.400951,-78.604709,57.176932,-16.808104,-78.604709
1861,89.700000,-73.388030,-7.599503,89.327987,51.115845,-81.519332,-81.042601,52.038061,-8.722024,-74.030366
1862,89.700000,-74.189128,-9.563021,89.556619,54.082780,-79.405249,-83.191830,46.627616,-0.563598,-68.754423
1863,89.700000,-74.971920,-11.521914,89.678311,56.959519,-77.064731,-85.044741,40.973833,7.599503,-62.826880
1864,89.700000,-75.736215,-13.475235,89.692918,59.741265,-74.504452,-86.594733,35.106218,15.699568,-56.303915
1865,89.700000,-76.481823,-15.422040,89.600422,62.423378,-71.731714,-87.836286,29.055392,23.669413,-49.247347
1866,89.700000,-77.208560,-17.361387,89.400934,65.001386,-68.754423,-88.764978,22.852934,31.442929,-41.724052
1867,89.700000,-77.916247,-19.292338,89.094692,67.470989,-65.581069,-89.377500,16.531212,38.955638,-33.805330
1868,89.700000,-78.604709,-21.213960,88.682062,69.828068,-62.220702,-89.671672,10.123218,46.145226,-25.566228
1869,89.700000,-79.273777,-23.125323,88.163536,72.068694,-58.682903,-89.646444,3.662393,52.952058,-17.084830
1870,89.700000,-79.923285,-25.025502,87.539734,74.189128,-54.977763,-89.301908,-2.817545,59.319674,-8.441516
1871,89.700000,-80.553074,-26.913580,86.811400,76.185834,-51.115845,-88.639290,-9.282779,65.195258,0.281800
1872,89.700000,-81.162987,-28.788642,85.979404,78.055483,-47.108164,-87.660951,-15.699568,70.530072,9.002446
1873,89.700000,-81.752874,-30.649782,85.044741,79.794956,-42.966148,-86.370374,-22.034426,75.279869,17.637773
1874,89.700000,-82.322590,-32.496100,84.008525,81.401353,-38.701607,-84.772158,-28.254291,79.405249,26.105944
1875,89.700000,-82.871994,-34.326704,82.871994,82.871994,-34.326704,-82.871994,-34.326704,82.871994,34.326704
1876,89.700000,-83.400951,-36.140707,81.636506,84.204427,-29.853913,-80.676651,-40.219974,85.651350,42.222143
1877,89.700000,-83.909330,-37.937233,80.303535,85.396430,-25.295990,-78.193948,-45.903347,87.720262,49.717434
1878,89.700000,-84.397005,-39.715413,78.874673,86.446014,-20.665932,-75.432729,-51.347162,89.061570,56.741544
1879,89.700000,-84.863857,-41.474387,77.351627,87.351430,-15.976942,-72.402828,-56.523008,89.664148,63.227902
1880,89.700000,-85.309770,-43.213305,75.736215,88.111166,-11.242391,-69.115038,-61.403875,89.522998,69.115038
1881,89.700000,-85.734633,-44.931324,74.030366,88.723958,-6.475781,-65.581069,-65.964291,88.639290,74.347157
1882,89.700000,-86.138344,-46.627616,72.236117,89.188781,-1.690705,-61.813509,-70.180456,87.020356,78.874673
1883,89.700000,-86.520800,-48.301358,70.355611,89.504861,3.099193,-57.825777,-74.030366,84.679622,82.654679
1884,89.700000,-86.881910,-49.951743,68.391093,89.671672,7.880252,-53.632077,-77.493931,81.636506,85.651350
1885,89.700000,-87.221582,-51.577971,66.344909,89.688934,12.638841,-49.247347,-80.553074,77.916247,87.836286
1886,89.700000,-87.539734,-53.179257,64.219503,89.556619,17.361387,-44.687204,-83.191830,73.549704,89.188781
1887,89.700000,-87.836286,-54.754825,62.017411,89.274948,22.034426,-39.967891,-85.396430,68.573096,89.696016
1888,89.700000,-88.111166,-56.303915,59.741265,88.844390,26.644630,-35.106218,-87.155366,63.027702,89.353185
1889,89.700000,-88.364307,-57.825777,57.393781,88.265663,31.178853,-30.119501,-88.459461,56.959519,88.163536
1890,89.700000,-88.595644,-59.319674,54.977763,87.539734,35.624166,-25.025502,-89.301908,50.418879,86.138344
1891,89.700000,-88.805122,-60.784885,52.496096,86.667811,39.967891,-19.842366,-89.678311,43.460035,83.296802
1892,89.700000,-88.992689,-62.220702,49.951743,85.651350,44.197643,-14.588554,-89.586705,36.140707,79.665839
1893,89.700000,-89.158298,-63.626428,47.347742,84.492045,48.301358,-9.282779,-89.027569,28.521607,75.279869
1894,89.700000,-89.301908,-65.001386,44.687204,83.191830,52.267336,-3.943940,-88.003819,20.665932,70.180456
1895,89.700000,-89.423485,-66.344909,41.973304,81.752874,56.084266,1.408946,-86.520800,12.638841,64.415929
1896,89.700000,-89.522998,-67.656349,39.209284,80.177576,59.741265,6.756814,-84.586251,4.506915,58.040920
1897,89.700000,-89.600422,-68.935070,36.398444,78.468563,63.227902,12.080616,-82.210267,-3.662393,51.115845
1898,89.700000,-89.655738,-70.180456,33.544141,76.628686,66.534237,17.361387,-79.405249,-11.801323,43.706336
1899,89.700000,-89.688934,-71.391902,30.649782,74.661012,69.650840,22.580320,-76.185834,-19.842366,35.882614
1900,89.700000,-89.700000,-72.568824,27.718824,72.568824,72.568824,27.718824,-72.568824,-27.718824,27.718824
1901,89.700000,-89.688934,-73.710653,24.754768,70.355611,75.279869,32.758598,-68.573096,-35.365366,19.292338
1902,89.700000,-89.655738,-74.816835,21.761151,68.025064,77.776242,37.681690,-64.219503,-42.718567,10.683015
1903,89.700000,-89.600422,-75.886837,18.741549,65.581069,80.050826,42.470564,-59.530763,-49.717434,1.972447
1904,89.700000,-89.522998,-76.920141,15.699568,63.027702,82.097133,47.108164,-54.531348,-56.303915,-6.756814
1905,89.700000,-89.423485,-77.916247,12.638841,60.369222,83.909330,51.577971,-49.247347,-62.423378,-15.422040
1906,89.700000,-89.301908,-78.874673,9.563021,57.610063,85.482247,55.864064,-43.706336,-68.025064,-23.941108
1907,89.700000,-89.158298,-79.794956,6.475781,54.754825,86.811400,59.951176,-37.937233,-73.062509,-32.233282
1908,89.700000,-88.992689,-80.676651,3.380809,51.808271,87.892998,63.824750,-31.970146,-77.493931,-40.219974
1909,89.700000,-88.805122,-81.519332,0.281800,48.775315,88.723958,67.470989,-25.836214,-81.282571,-47.825494
1910,89.700000,-88.595644,-82.322590,-2.817545,45.661015,89.301908,70.876905,-19.567449,-84.397005,-54.977763
1911,89.700000,-88.364307,-83.086038,-5.913526,42.470564,89.625202,74.030366,-13.196566,-86.811400,-61.608996
1912,89.700000,-88.111166,-83.809306,-9.002446,39.209284,89.692918,76.920141,-6.756814,-88.505729,-67.656349
1913,89.700000,-87.836286,-84.492045,-12.080616,35.882614,89.504861,79.535937,-0.281800,-89.465939,-73.062509
1914,89.700000,-87.539734,-85.133924,-15.144360,32.496100,89.061570,81.868435,6.194684,-89.684065,-77.776242
1915,89.700000,-87.221582,-85.734633,-18.190020,29.055392,88.364307,83.909330,12.638841,-89.158298,-81.752874
1916,89.700000,-86.881910,-86.293882,-21.213960,25.566228,87.415060,85.651350,19.017038,-87.892998,-84.954718
1917,89.700000,-86.520800,-86.811400,-24.212568,22.034426,86.216538,87.088291,25.295990,-85.898662,-87.351430
1918,89.700000,-86.138344,-87.286936,-27.182264,18.465876,84.772158,88.215035,31.442929,-83.191830,-88.920295
1919,89.700000,-85.734633,-87.720262,-30.119501,14.866530,83.086038,89.027569,37.425774,-79.794956,-89.646444
1920,89.700000,-85.309770,-88.111166,-33.020772,11.242391,81.162987,89.522998,43.213305,-75.736215,-89.522998
1921,89.700000,-84.863857,-88.459461,-35.882614,7.599503,79.008488,89.699557,48.775315,-71.049272,-88.551124
1922,89.700000,-84.397005,-88.764978,-38.701607,3.943940,76.628686,89.556619,54.082780,-65.773005,-86.740033
1923,89.700000,-83.909330,-89.027569,-41.474387,0.281800,74.030366,89.094692,59.108000,-59.951176,-84.106891
1924,89.700000,-83.400951,-89.247106,-44.197643,-3.380809,71.220939,88.315421,63.824750,-53.632077,-80.676651
1925,89.700000,-82.871994,-89.423485,-46.868121,-7.037781,68.208415,87.221582,68.208415,-46.868121,-76.481823
1926,89.700000,-82.322590,-89.556619,-49.482635,-10.683015,65.001386,85.817071,72.236117,-39.715413,-71.562161
1927,89.700000,-81.752874,-89.646444,-52.038061,-14.310433,61.608996,84.106891,75.886837,-32.233282,-65.964291
1928,89.700000,-81.162987,-89.692918,-54.531348,-17.913985,58.040920,82.097133,79.141523,-24.483789,-59.741265
1929,89.700000,-80.553074,-89.696016,-56.959519,-21.487662,54.307332,79.794956,81.983189,-16.531212,-52.952058
1930,89.700000,-79.923285,-89.655738,-59.319674,-25.025502,50.418879,77.208560,84.397005,-8.441516,-45.661015
1931,89.700000,-79.273777,-89.572104,-61.608996,-28.521607,46.386650,74.347157,86.370374,-0.281800,-37.937233
1932,89.700000,-78.604709,-89.445153,-63.824750,-31.970146,42.222143,71.220939,87.892998,7.880252,-29.853913
1933,89.700000,-77.916247,-89.274948,-65.964291,-35.365366,37.937233,67.841041,88.956931,15.976942,-21.487662
1934,89.700000,-77.208560,-89.061570,-68.025064,-38.701607,33.544141,64.219503,89.556619,23.941108,-12.917767
1935,89.700000,-76.481823,-88.805122,-70.004608,-41.973304,29.055392,60.369222,89.688934,31.706693,-4.225449
1936,89.700000,-75.736215,-88.505729,-71.900559,-45.175001,24.483789,56.303915,89.353185,39.209284,4.506915
1937,89.700000,-74.971920,-88.163536,-73.710653,-48.301358,19.842366,52.038061,88.551124,46.386650,13.196566
1938,89.700000,-74.189128,-87.778707,-75.432729,-51.347162,15.144360,47.586853,87.286936,53.179257,21.761151
1939,89.700000,-73.388030,-87.351430,-77.064731,-54.307332,10.403168,42.966148,85.567221,59.530763,30.119501
1940,89.700000,-72.568824,-86.881910,-78.604709,-57.176932,5.632310,38.192402,83.400951,65.388486,38.192402
1941,89.700000,-71.731714,-86.370374,-80.050826,-59.951176,0.845390,33.282621,80.799432,70.703837,45.903347
1942,89.700000,-70.876905,-85.817071,-81.401353,-62.625438,-3.943940,28.254291,77.776242,75.432729,53.179257
1943,89.700000,-70.004608,-85.222267,-82.654679,-65.195258,-8.722024,23.125323,74.347157,79.535937,59.951176
1944,89.700000,-69.115038,-84.586251,-83.809306,-67.656349,-13.475235,17.913985,70.530072,82.979425,66.154927
1945,89.700000,-68.208415,-83.909330,-84.863857,-70.004608,-18.190020,12.638841,66.344909,85.734633,71.731714
1946,89.700000,-67.284963,-83.191830,-85.817071,-72.236117,-22.852934,7.318678,61.813509,87.778707,76.628686
1947,89.700000,-66.344909,-82.434100,-86.667811,-74.347157,-27.450680,1.972447,56.959519,89.094692,80.799432
1948,89.700000,-65.388486,-81.636506,-87.415060,-76.334205,-31.970146,-3.380809,51.808271,89.671672,84.204427
1949,89.700000,-64.415929,-80.799432,-88.057927,-78.193948,-36.398444,-8.722024,46.386650,89.504861,86.811400
1950,89.700000,-63.427478,-79.923285,-88.595644,-79.923285,-40.722948,-14.032172,40.722948,88.595644,88.595644
1951,89.700000,-62.423378,-79.008488,-89.027569,-81.519332,-44.931324,-19.292338,34.846723,86.951562,89.540250
1952,89.700000,-61.403875,-78.055483,-89.353185,-82.979425,-49.011573,-24.483789,28.788642,84.586251,89.636266
1953,89.700000,-60.369222,-77.064731,-89.572104,-84.301132,-52.952058,-29.588031,22.580320,81.519332,88.882781
1954,89.700000,-59.319674,-76.036711,-89.684065,-85.482247,-56.741544,-34.586884,16.254157,77.776242,87.286936
1955,89.700000,-58.255490,-74.971920,-89.688934,-86.520800,-60.369222,-39.462544,9.843168,73.388030,84.863857
1956,89.700000,-57.176932,-73.870874,-89.586705,-87.415060,-63.824750,-44.197643,3.380809,68.391093,81.636506
1957,89.700000,-56.084266,-72.734104,-89.377500,-88.163536,-67.098273,-48.775315,-3.099193,62.826880,77.635469
1958,89.700000,-54.977763,-71.562161,-89.061570,-88.764978,-70.180456,-53.179257,-9.563021,56.741544,72.898667
1959,89.700000,-53.857694,-70.355611,-88.639290,-89.218384,-73.062509,-57.393781,-15.976942,50.185559,67.470989
1960,89.700000,-52.724337,-69.115038,-88.111166,-89.522998,-75.736215,-61.403875,-22.307483,43.213305,61.403875
1961,89.700000,-51.577971,-67.841041,-87.477829,-89.678311,-78.193948,-65.195258,-28.521607,35.882614,54.754825
1962,89.700000,-50.418879,-66.534237,-86.740033,-89.684065,-80.428701,-68.754423,-34.586884,28.254291,47.586853
1963,89.700000,-49.247347,-65.195258,-85.898662,-89.540250,-82.434100,-72.068694,-40.471661,20.391610,39.967891
1964,89.700000,-48.063664,-63.824750,-84.954718,-89.247106,-84.204427,-75.126265,-46.145226,12.359789,31.970146
1965,89.700000,-46.868121,-62.423378,-83.909330,-88.805122,-85.734633,-77.916247,-51.577971,4.225449,23.669413
1966,89.700000,-45.661015,-60.991818,-82.763745,-88.215035,-87.020356,-80.428701,-56.741544,-3.943940,15.144360
1967,89.700000,-44.442643,-59.530763,-81.519332,-87.477829,-88.057927,-82.654679,-61.608996,-12.080616,6.475781
1968,89.700000,-43.213305,-58.040920,-80.177576,-86.594733,-88.844390,-84.586251,-66.154927,-20.117087,-2.254170
1969,89.700000,-41.973304,-56.523008,-78.740080,-85.567221,-89.377500,-86.216538,-70.355611,-27.986696,-10.962757
1970,89.700000,-40.722948,-54.977763,-77.208560,-84.397005,-89.655738,-87.539734,-74.189128,-35.624166,-19.567449
1971,89.700000,-39.462544,-53.405930,-75.584845,-83.086038,-89.678311,-88.551124,-77.635469,-42.966148,-27.986696
1972,89.700000,-38.192402,-51.808271,-73.870874,-81.636506,-89.445153,-89.247106,-80.676651,-49.951743,-36.140707
1973,89.700000,-36.912838,-50.185559,-72.068694,-80.050826,-88.956931,-89.625202,-83.296802,-56.523008,-43.952206
1974,89.700000,-35.624166,-48.538576,-70.180456,-78.331642,-88.215035,-89.684065,-85.482247,-62.625438,-51.347162
1975,89.700000,-34.326704,-46.868121,-68.208415,-76.481823,-87.221582,-89.423485,-87.221582,-68.208415,-58.255490
1976,89.700000,-33.020772,-45.175001,-66.154927,-74.504452,-85.979404,-88.844390,-88.505729,-73.225631,-64.611720
1977,89.700000,-31.706693,-43.460035,-64.022442,-72.402828,-84.492045,-87.948843,-89.327987,-77.635469,-70.355611
1978,89.700000,-30.384791,-41.724052,-61.813509,-70.180456,-82.763745,-86.740033,-89.684065,-81.401353,-75.432729
1979,89.700000,-29.055392,-39.967891,-59.530763,-67.841041,-80.799432,-85.222267,-89.572104,-84.492045,-79.794956
1980,89.700000,-27.718824,-38.192402,-57.176932,-65.388486,-78.604709,-83.400951,-88.992689,-86.881910,-83.400951
1981,89.700000,-26.375417,-36.398444,-54.754825,-62.826880,-76.185834,-81.282571,-87.948843,-88.551124,-86.216538
1982,89.700000,-25.025502,-34.586884,-52.267336,-60.160496,-73.549704,-78.874673,-86.446014,-89.485842,-88.215035
1983,89.700000,-23.669413,-32.758598,-49.717434,-57.393781,-70.703837,-76.185834,-84.492045,-89.678311,-89.377500
1984,89.700000,-22.307483,-30.914470,-47.108164,-54.531348,-67.656349,-73.225631,-82.097133,-89.126935,-89.692918
1985,89.700000,-20.940049,-29.055392,-44.442643,-51.577971,-64.415929,-70.004608,-79.273777,-87.836286,-89.158298
1986,89.700000,-19.567449,-27.182264,-41.724052,-48.538576,-60.991818,-66.534237,-76.036711,-85.817071,-87.778707
1987,89.700000,-18.190020,-25.295990,-38.955638,-45.418232,-57.393781,-62.826880,-72.402828,-83.086038,-85.567221
1988,89.700000,-16.808104,-23.397483,-36.140707,-42.222143,-53.632077,-58.895742,-68.391093,-79.665839,-82.544797
1989,89.700000,-15.422040,-21.487662,-33.282621,-38.955638,-49.717434,-54.754825,-64.022442,-75.584845,-78.740080
1990,89.700000,-14.032172,-19.567449,-30.384791,-35.624166,-45.661015,-50.418879,-59.319674,-70.876905,-74.189128
1991,89.700000,-12.638841,-17.637773,-27.450680,-32.233282,-41.474387,-45.903347,-54.307332,-65.581069,-68.935070
1992,89.700000,-11.242391,-15.699568,-24.483789,-28.788642,-37.169490,-41.224313,-49.011573,-59.741265,-63.027702
1993,89.700000,-9.843168,-13.753771,-21.487662,-25.295990,-32.758598,-36.398444,-43.460035,-53.405930,-56.523008
1994,89.700000,-8.441516,-11.801323,-18.465876,-21.761151,-28.254291,-31.442929,-37.681690,-46.627616,-49.482635
1995,89.700000,-7.037781,-9.843168,-15.422040,-18.190020,-23.669413,-26.375417,-31.706693,-39.462544,-41.973304
1996,89.700000,-5.632310,-7.880252,-12.359789,-14.588554,-19.017038,-21.213960,-25.566228,-31.970146,-34.066185
1997,89.700000,-4.225449,-5.913526,-9.282779,-10.962757,-14.310433,-15.976942,-19.292338,-24.212568,-25.836214
1998,89.700000,-2.817545,-3.943940,-6.194684,-7.318678,-9.563021,-10.683015,-12.917767,-16.254157,-17.361387
1999,89.700000,-1.408946,-1.972447,-3.099193,-3.662393,-4.788338,-5.351037,-6.475781,-8.160924,-8.722024
